scenario,simulated,strategy,mu,seed,round,turbine,weight,ema_norm_loss,f_loss,update_norm,f_norm,participated
clean,False,fedavg,0.0,0,1,1,0.25,,,5.706672323402185,,1
clean,False,fedavg,0.0,0,1,2,0.25,,,5.496700780209132,,1
clean,False,fedavg,0.0,0,1,3,0.25,,,5.513450562481846,,1
clean,False,fedavg,0.0,0,1,4,0.25,,,5.897357041783262,,1
clean,False,fedavg,0.0,0,2,1,0.25,,,5.14887613936411,,1
clean,False,fedavg,0.0,0,2,2,0.25,,,6.54687249859876,,1
clean,False,fedavg,0.0,0,2,3,0.25,,,6.585396437318669,,1
clean,False,fedavg,0.0,0,2,4,0.25,,,7.5331920119226075,,1
clean,False,fedavg,0.0,0,3,1,0.25,,,5.343827519264145,,1
clean,False,fedavg,0.0,0,3,2,0.25,,,6.217558997506519,,1
clean,False,fedavg,0.0,0,3,3,0.25,,,6.772820090406454,,1
clean,False,fedavg,0.0,0,3,4,0.25,,,7.5614850930540705,,1
clean,False,fedavg,0.0,0,4,1,0.25,,,5.713779637770835,,1
clean,False,fedavg,0.0,0,4,2,0.25,,,5.888513146922741,,1
clean,False,fedavg,0.0,0,4,3,0.25,,,6.580448825268676,,1
clean,False,fedavg,0.0,0,4,4,0.25,,,7.116781693802724,,1
clean,False,fedavg,0.0,0,5,1,0.25,,,6.474495162083774,,1
clean,False,fedavg,0.0,0,5,2,0.25,,,6.252954983013972,,1
clean,False,fedavg,0.0,0,5,3,0.25,,,7.628585625381373,,1
clean,False,fedavg,0.0,0,5,4,0.25,,,7.952881981694782,,1
clean,False,fedavg,0.0,0,6,1,0.25,,,6.334547399345431,,1
clean,False,fedavg,0.0,0,6,2,0.25,,,6.085030073007432,,1
clean,False,fedavg,0.0,0,6,3,0.25,,,6.826944927004085,,1
clean,False,fedavg,0.0,0,6,4,0.25,,,8.128425061182858,,1
clean,False,fedavg,0.0,0,7,1,0.25,,,6.39844798343301,,1
clean,False,fedavg,0.0,0,7,2,0.25,,,6.159717745800945,,1
clean,False,fedavg,0.0,0,7,3,0.25,,,7.500364302760272,,1
clean,False,fedavg,0.0,0,7,4,0.25,,,6.766549039861086,,1
clean,False,fedavg,0.0,0,8,1,0.25,,,7.128550761363353,,1
clean,False,fedavg,0.0,0,8,2,0.25,,,7.096088155070402,,1
clean,False,fedavg,0.0,0,8,3,0.25,,,8.584242230415626,,1
clean,False,fedavg,0.0,0,8,4,0.25,,,9.79981685661814,,1
clean,False,fedavg,0.0,0,9,1,0.25,,,6.497433775221424,,1
clean,False,fedavg,0.0,0,9,2,0.25,,,6.635381112662701,,1
clean,False,fedavg,0.0,0,9,3,0.25,,,8.372802742829073,,1
clean,False,fedavg,0.0,0,9,4,0.25,,,9.261147557406636,,1
clean,False,fedavg,0.0,0,10,1,0.25,,,6.044066276181507,,1
clean,False,fedavg,0.0,0,10,2,0.25,,,5.997577621204383,,1
clean,False,fedavg,0.0,0,10,3,0.25,,,8.096648493706665,,1
clean,False,fedavg,0.0,0,10,4,0.25,,,7.9131575906305445,,1
clean,False,fedavg,0.0,0,11,1,0.25,,,7.370312175995298,,1
clean,False,fedavg,0.0,0,11,2,0.25,,,6.7309086359164905,,1
clean,False,fedavg,0.0,0,11,3,0.25,,,8.774013645847381,,1
clean,False,fedavg,0.0,0,11,4,0.25,,,8.703426118173441,,1
clean,False,fedavg,0.0,0,12,1,0.25,,,7.144999065730551,,1
clean,False,fedavg,0.0,0,12,2,0.25,,,7.836445312300822,,1
clean,False,fedavg,0.0,0,12,3,0.25,,,8.326028731863241,,1
clean,False,fedavg,0.0,0,12,4,0.25,,,8.579128514151916,,1
clean,False,fedavg,0.0,0,13,1,0.25,,,6.87019138133742,,1
clean,False,fedavg,0.0,0,13,2,0.25,,,7.004266356139181,,1
clean,False,fedavg,0.0,0,13,3,0.25,,,8.167192604211042,,1
clean,False,fedavg,0.0,0,13,4,0.25,,,9.049563821784735,,1
clean,False,fedavg,0.0,0,14,1,0.25,,,7.335129954954166,,1
clean,False,fedavg,0.0,0,14,2,0.25,,,6.958764190389144,,1
clean,False,fedavg,0.0,0,14,3,0.25,,,9.094156329397645,,1
clean,False,fedavg,0.0,0,14,4,0.25,,,10.01565399105012,,1
clean,False,fedavg,0.0,0,15,1,0.25,,,6.217394512779959,,1
clean,False,fedavg,0.0,0,15,2,0.25,,,6.351163733558606,,1
clean,False,fedavg,0.0,0,15,3,0.25,,,8.043780931477412,,1
clean,False,fedavg,0.0,0,15,4,0.25,,,6.70247642564873,,1
clean,False,fedavg,0.0,0,16,1,0.25,,,6.8904791091353,,1
clean,False,fedavg,0.0,0,16,2,0.25,,,6.369004607201466,,1
clean,False,fedavg,0.0,0,16,3,0.25,,,9.446236833791298,,1
clean,False,fedavg,0.0,0,16,4,0.25,,,7.706911544424184,,1
clean,False,fedavg,0.0,0,17,1,0.25,,,6.841047051689133,,1
clean,False,fedavg,0.0,0,17,2,0.25,,,7.186527039475952,,1
clean,False,fedavg,0.0,0,17,3,0.25,,,8.08840677962274,,1
clean,False,fedavg,0.0,0,17,4,0.25,,,8.367063623816708,,1
clean,False,fedavg,0.0,0,18,1,0.25,,,6.689129064206667,,1
clean,False,fedavg,0.0,0,18,2,0.25,,,6.917053876435216,,1
clean,False,fedavg,0.0,0,18,3,0.25,,,9.605013870340539,,1
clean,False,fedavg,0.0,0,18,4,0.25,,,9.005917593490972,,1
clean,False,fedavg,0.0,0,19,1,0.25,,,7.219785331976168,,1
clean,False,fedavg,0.0,0,19,2,0.25,,,6.683263349193586,,1
clean,False,fedavg,0.0,0,19,3,0.25,,,9.240846263917499,,1
clean,False,fedavg,0.0,0,19,4,0.25,,,9.326653014021279,,1
clean,False,fedavg,0.0,0,20,1,0.25,,,7.378094548689946,,1
clean,False,fedavg,0.0,0,20,2,0.25,,,7.210275230977074,,1
clean,False,fedavg,0.0,0,20,3,0.25,,,8.610116917268886,,1
clean,False,fedavg,0.0,0,20,4,0.25,,,7.966260106214021,,1
clean,False,fedavg,0.0,0,21,1,0.25,,,7.044282693712442,,1
clean,False,fedavg,0.0,0,21,2,0.25,,,7.689925480893877,,1
clean,False,fedavg,0.0,0,21,3,0.25,,,9.207999469191373,,1
clean,False,fedavg,0.0,0,21,4,0.25,,,9.39730997856233,,1
clean,False,fedavg,0.0,0,22,1,0.25,,,6.6585461500703405,,1
clean,False,fedavg,0.0,0,22,2,0.25,,,6.907456340802682,,1
clean,False,fedavg,0.0,0,22,3,0.25,,,8.264602118281084,,1
clean,False,fedavg,0.0,0,22,4,0.25,,,9.281207652862621,,1
clean,False,fedavg,0.0,0,23,1,0.25,,,7.210034060170197,,1
clean,False,fedavg,0.0,0,23,2,0.25,,,7.367845800734337,,1
clean,False,fedavg,0.0,0,23,3,0.25,,,8.585241431231454,,1
clean,False,fedavg,0.0,0,23,4,0.25,,,9.316436029490955,,1
clean,False,fedavg,0.0,0,24,1,0.25,,,7.334623938027027,,1
clean,False,fedavg,0.0,0,24,2,0.25,,,6.736104274673532,,1
clean,False,fedavg,0.0,0,24,3,0.25,,,9.560162090035291,,1
clean,False,fedavg,0.0,0,24,4,0.25,,,8.008032939572653,,1
clean,False,fedavg,0.0,0,25,1,0.25,,,7.338442543712795,,1
clean,False,fedavg,0.0,0,25,2,0.25,,,6.74978122731379,,1
clean,False,fedavg,0.0,0,25,3,0.25,,,9.55166842812466,,1
clean,False,fedavg,0.0,0,25,4,0.25,,,8.952244713780177,,1
clean,False,fedavg,0.0,0,26,1,0.25,,,6.363878505491205,,1
clean,False,fedavg,0.0,0,26,2,0.25,,,7.737984834161063,,1
clean,False,fedavg,0.0,0,26,3,0.25,,,8.547280313383459,,1
clean,False,fedavg,0.0,0,26,4,0.25,,,9.815366481524975,,1
clean,False,fedavg,0.0,0,27,1,0.25,,,6.387923291141968,,1
clean,False,fedavg,0.0,0,27,2,0.25,,,7.056512858962499,,1
clean,False,fedavg,0.0,0,27,3,0.25,,,7.986174632263169,,1
clean,False,fedavg,0.0,0,27,4,0.25,,,8.864672680938693,,1
clean,False,fedavg,0.0,0,28,1,0.25,,,7.0140882892941505,,1
clean,False,fedavg,0.0,0,28,2,0.25,,,7.401896410690555,,1
clean,False,fedavg,0.0,0,28,3,0.25,,,8.556823840494504,,1
clean,False,fedavg,0.0,0,28,4,0.25,,,8.204600144763063,,1
clean,False,fedavg,0.0,0,29,1,0.25,,,7.481192191030698,,1
clean,False,fedavg,0.0,0,29,2,0.25,,,6.543179373994492,,1
clean,False,fedavg,0.0,0,29,3,0.25,,,8.103009450752793,,1
clean,False,fedavg,0.0,0,29,4,0.25,,,8.312427082602094,,1
clean,False,fedavg,0.0,0,30,1,0.25,,,6.890426283166148,,1
clean,False,fedavg,0.0,0,30,2,0.25,,,7.044475746684345,,1
clean,False,fedavg,0.0,0,30,3,0.25,,,9.275138173265473,,1
clean,False,fedavg,0.0,0,30,4,0.25,,,8.493302262483706,,1
clean,False,fedavg,0.0,1,1,1,0.25,,,6.164338959650835,,1
clean,False,fedavg,0.0,1,1,2,0.25,,,5.862412983340207,,1
clean,False,fedavg,0.0,1,1,3,0.25,,,6.221585224212322,,1
clean,False,fedavg,0.0,1,1,4,0.25,,,6.710231176407463,,1
clean,False,fedavg,0.0,1,2,1,0.25,,,6.351477283447933,,1
clean,False,fedavg,0.0,1,2,2,0.25,,,5.3876691874432305,,1
clean,False,fedavg,0.0,1,2,3,0.25,,,6.4289154523361365,,1
clean,False,fedavg,0.0,1,2,4,0.25,,,6.867214856116496,,1
clean,False,fedavg,0.0,1,3,1,0.25,,,5.922884229296168,,1
clean,False,fedavg,0.0,1,3,2,0.25,,,5.788222572627238,,1
clean,False,fedavg,0.0,1,3,3,0.25,,,6.458363513964826,,1
clean,False,fedavg,0.0,1,3,4,0.25,,,6.97717092747054,,1
clean,False,fedavg,0.0,1,4,1,0.25,,,5.778281567964137,,1
clean,False,fedavg,0.0,1,4,2,0.25,,,5.650560857447199,,1
clean,False,fedavg,0.0,1,4,3,0.25,,,6.5376708500636,,1
clean,False,fedavg,0.0,1,4,4,0.25,,,6.97655736138578,,1
clean,False,fedavg,0.0,1,5,1,0.25,,,6.081116585764486,,1
clean,False,fedavg,0.0,1,5,2,0.25,,,5.908294992465542,,1
clean,False,fedavg,0.0,1,5,3,0.25,,,7.352716682862411,,1
clean,False,fedavg,0.0,1,5,4,0.25,,,7.492653025266669,,1
clean,False,fedavg,0.0,1,6,1,0.25,,,5.942362889811197,,1
clean,False,fedavg,0.0,1,6,2,0.25,,,5.868126329436787,,1
clean,False,fedavg,0.0,1,6,3,0.25,,,6.994229240294253,,1
clean,False,fedavg,0.0,1,6,4,0.25,,,6.760558708918699,,1
clean,False,fedavg,0.0,1,7,1,0.25,,,5.755142795264376,,1
clean,False,fedavg,0.0,1,7,2,0.25,,,5.681313131620938,,1
clean,False,fedavg,0.0,1,7,3,0.25,,,7.125372681724703,,1
clean,False,fedavg,0.0,1,7,4,0.25,,,7.614629498563905,,1
clean,False,fedavg,0.0,1,8,1,0.25,,,5.994040520459576,,1
clean,False,fedavg,0.0,1,8,2,0.25,,,5.830207015832836,,1
clean,False,fedavg,0.0,1,8,3,0.25,,,7.468310083440021,,1
clean,False,fedavg,0.0,1,8,4,0.25,,,6.540464242198563,,1
clean,False,fedavg,0.0,1,9,1,0.25,,,5.9992913852441285,,1
clean,False,fedavg,0.0,1,9,2,0.25,,,5.716808708598551,,1
clean,False,fedavg,0.0,1,9,3,0.25,,,7.32958544123134,,1
clean,False,fedavg,0.0,1,9,4,0.25,,,6.618507881676489,,1
clean,False,fedavg,0.0,1,10,1,0.25,,,6.893938482753574,,1
clean,False,fedavg,0.0,1,10,2,0.25,,,6.249180535167383,,1
clean,False,fedavg,0.0,1,10,3,0.25,,,7.190687362911744,,1
clean,False,fedavg,0.0,1,10,4,0.25,,,7.824893804909686,,1
clean,False,fedavg,0.0,1,11,1,0.25,,,6.091290335022499,,1
clean,False,fedavg,0.0,1,11,2,0.25,,,6.467239938519341,,1
clean,False,fedavg,0.0,1,11,3,0.25,,,7.108277331216425,,1
clean,False,fedavg,0.0,1,11,4,0.25,,,5.7863978780689616,,1
clean,False,fedavg,0.0,1,12,1,0.25,,,6.201948329599928,,1
clean,False,fedavg,0.0,1,12,2,0.25,,,6.468066137446643,,1
clean,False,fedavg,0.0,1,12,3,0.25,,,7.584613307251718,,1
clean,False,fedavg,0.0,1,12,4,0.25,,,7.499231835863949,,1
clean,False,fedavg,0.0,1,13,1,0.25,,,5.472498371568016,,1
clean,False,fedavg,0.0,1,13,2,0.25,,,6.859701611696188,,1
clean,False,fedavg,0.0,1,13,3,0.25,,,8.821030109117878,,1
clean,False,fedavg,0.0,1,13,4,0.25,,,7.132430725768528,,1
clean,False,fedavg,0.0,1,14,1,0.25,,,6.409834407115015,,1
clean,False,fedavg,0.0,1,14,2,0.25,,,6.494615638001945,,1
clean,False,fedavg,0.0,1,14,3,0.25,,,8.246927527609664,,1
clean,False,fedavg,0.0,1,14,4,0.25,,,7.080247815308553,,1
clean,False,fedavg,0.0,1,15,1,0.25,,,7.0431959080168625,,1
clean,False,fedavg,0.0,1,15,2,0.25,,,7.12690244727124,,1
clean,False,fedavg,0.0,1,15,3,0.25,,,8.514384197327118,,1
clean,False,fedavg,0.0,1,15,4,0.25,,,8.01635266773117,,1
clean,False,fedavg,0.0,1,16,1,0.25,,,6.139080499895227,,1
clean,False,fedavg,0.0,1,16,2,0.25,,,6.430846001339851,,1
clean,False,fedavg,0.0,1,16,3,0.25,,,8.607661593537687,,1
clean,False,fedavg,0.0,1,16,4,0.25,,,7.8409116360648135,,1
clean,False,fedavg,0.0,1,17,1,0.25,,,6.545348404134841,,1
clean,False,fedavg,0.0,1,17,2,0.25,,,6.666559881784755,,1
clean,False,fedavg,0.0,1,17,3,0.25,,,8.037504334030116,,1
clean,False,fedavg,0.0,1,17,4,0.25,,,8.231528486579288,,1
clean,False,fedavg,0.0,1,18,1,0.25,,,6.395932981129586,,1
clean,False,fedavg,0.0,1,18,2,0.25,,,6.4392671547665,,1
clean,False,fedavg,0.0,1,18,3,0.25,,,8.185855827528128,,1
clean,False,fedavg,0.0,1,18,4,0.25,,,8.397017767352674,,1
clean,False,fedavg,0.0,1,19,1,0.25,,,6.495430276644377,,1
clean,False,fedavg,0.0,1,19,2,0.25,,,6.404544191882079,,1
clean,False,fedavg,0.0,1,19,3,0.25,,,8.081313730810377,,1
clean,False,fedavg,0.0,1,19,4,0.25,,,7.2497650220855245,,1
clean,False,fedavg,0.0,1,20,1,0.25,,,6.581678540325,,1
clean,False,fedavg,0.0,1,20,2,0.25,,,6.352421255388817,,1
clean,False,fedavg,0.0,1,20,3,0.25,,,7.807177393639722,,1
clean,False,fedavg,0.0,1,20,4,0.25,,,7.899351499096995,,1
clean,False,fedavg,0.0,1,21,1,0.25,,,6.8604895479855985,,1
clean,False,fedavg,0.0,1,21,2,0.25,,,6.879059890770732,,1
clean,False,fedavg,0.0,1,21,3,0.25,,,8.385066656463351,,1
clean,False,fedavg,0.0,1,21,4,0.25,,,8.363618219226263,,1
clean,False,fedavg,0.0,1,22,1,0.25,,,6.1301317078948285,,1
clean,False,fedavg,0.0,1,22,2,0.25,,,6.835804338081894,,1
clean,False,fedavg,0.0,1,22,3,0.25,,,9.488063539081068,,1
clean,False,fedavg,0.0,1,22,4,0.25,,,9.27984858837877,,1
clean,False,fedavg,0.0,1,23,1,0.25,,,6.595030028641858,,1
clean,False,fedavg,0.0,1,23,2,0.25,,,6.295890774967793,,1
clean,False,fedavg,0.0,1,23,3,0.25,,,8.155318657061889,,1
clean,False,fedavg,0.0,1,23,4,0.25,,,6.2447634516773185,,1
clean,False,fedavg,0.0,1,24,1,0.25,,,8.121193643734815,,1
clean,False,fedavg,0.0,1,24,2,0.25,,,6.26904493266617,,1
clean,False,fedavg,0.0,1,24,3,0.25,,,8.466170555530589,,1
clean,False,fedavg,0.0,1,24,4,0.25,,,8.529647188159506,,1
clean,False,fedavg,0.0,1,25,1,0.25,,,6.973259598179644,,1
clean,False,fedavg,0.0,1,25,2,0.25,,,7.089518672601436,,1
clean,False,fedavg,0.0,1,25,3,0.25,,,9.148783395202235,,1
clean,False,fedavg,0.0,1,25,4,0.25,,,8.542209767629995,,1
clean,False,fedavg,0.0,1,26,1,0.25,,,5.898623530080143,,1
clean,False,fedavg,0.0,1,26,2,0.25,,,6.923448094901286,,1
clean,False,fedavg,0.0,1,26,3,0.25,,,8.354902120156677,,1
clean,False,fedavg,0.0,1,26,4,0.25,,,9.062434856533,,1
clean,False,fedavg,0.0,1,27,1,0.25,,,7.1484294572715115,,1
clean,False,fedavg,0.0,1,27,2,0.25,,,6.2420838493884245,,1
clean,False,fedavg,0.0,1,27,3,0.25,,,8.751568982112586,,1
clean,False,fedavg,0.0,1,27,4,0.25,,,9.483146460157442,,1
clean,False,fedavg,0.0,1,28,1,0.25,,,7.009531847158421,,1
clean,False,fedavg,0.0,1,28,2,0.25,,,6.215931216537803,,1
clean,False,fedavg,0.0,1,28,3,0.25,,,9.09538091658861,,1
clean,False,fedavg,0.0,1,28,4,0.25,,,7.976548225929682,,1
clean,False,fedavg,0.0,1,29,1,0.25,,,7.462917257261911,,1
clean,False,fedavg,0.0,1,29,2,0.25,,,6.412750369892949,,1
clean,False,fedavg,0.0,1,29,3,0.25,,,8.63004674709751,,1
clean,False,fedavg,0.0,1,29,4,0.25,,,8.264563337644638,,1
clean,False,fedavg,0.0,1,30,1,0.25,,,7.642306659558359,,1
clean,False,fedavg,0.0,1,30,2,0.25,,,5.75509757327349,,1
clean,False,fedavg,0.0,1,30,3,0.25,,,9.111334141920763,,1
clean,False,fedavg,0.0,1,30,4,0.25,,,7.295909289061199,,1
clean,False,fedavg,0.0,2,1,1,0.25,,,5.98921179496213,,1
clean,False,fedavg,0.0,2,1,2,0.25,,,6.104965311848541,,1
clean,False,fedavg,0.0,2,1,3,0.25,,,5.990976232030333,,1
clean,False,fedavg,0.0,2,1,4,0.25,,,6.264240092737248,,1
clean,False,fedavg,0.0,2,2,1,0.25,,,5.274538004516028,,1
clean,False,fedavg,0.0,2,2,2,0.25,,,5.786269661939651,,1
clean,False,fedavg,0.0,2,2,3,0.25,,,6.393915541052623,,1
clean,False,fedavg,0.0,2,2,4,0.25,,,6.477283382666302,,1
clean,False,fedavg,0.0,2,3,1,0.25,,,5.397835223811608,,1
clean,False,fedavg,0.0,2,3,2,0.25,,,5.411863173956349,,1
clean,False,fedavg,0.0,2,3,3,0.25,,,6.508687392465064,,1
clean,False,fedavg,0.0,2,3,4,0.25,,,6.440506497893027,,1
clean,False,fedavg,0.0,2,4,1,0.25,,,5.664888275798165,,1
clean,False,fedavg,0.0,2,4,2,0.25,,,5.869453581943053,,1
clean,False,fedavg,0.0,2,4,3,0.25,,,6.108691205620045,,1
clean,False,fedavg,0.0,2,4,4,0.25,,,6.315095680790987,,1
clean,False,fedavg,0.0,2,5,1,0.25,,,5.599787682360125,,1
clean,False,fedavg,0.0,2,5,2,0.25,,,6.005625841788018,,1
clean,False,fedavg,0.0,2,5,3,0.25,,,6.1891062050788985,,1
clean,False,fedavg,0.0,2,5,4,0.25,,,6.280171521232252,,1
clean,False,fedavg,0.0,2,6,1,0.25,,,5.536144168705287,,1
clean,False,fedavg,0.0,2,6,2,0.25,,,5.95914276735599,,1
clean,False,fedavg,0.0,2,6,3,0.25,,,7.013607784339833,,1
clean,False,fedavg,0.0,2,6,4,0.25,,,7.160411937072582,,1
clean,False,fedavg,0.0,2,7,1,0.25,,,6.0720276844348025,,1
clean,False,fedavg,0.0,2,7,2,0.25,,,6.244821395648595,,1
clean,False,fedavg,0.0,2,7,3,0.25,,,7.116672630085238,,1
clean,False,fedavg,0.0,2,7,4,0.25,,,7.861747819095123,,1
clean,False,fedavg,0.0,2,8,1,0.25,,,6.187631639084763,,1
clean,False,fedavg,0.0,2,8,2,0.25,,,5.853650952590846,,1
clean,False,fedavg,0.0,2,8,3,0.25,,,6.383524251704485,,1
clean,False,fedavg,0.0,2,8,4,0.25,,,7.041404447356915,,1
clean,False,fedavg,0.0,2,9,1,0.25,,,5.8055854012403865,,1
clean,False,fedavg,0.0,2,9,2,0.25,,,5.879458127952527,,1
clean,False,fedavg,0.0,2,9,3,0.25,,,7.504309020638885,,1
clean,False,fedavg,0.0,2,9,4,0.25,,,7.757927645958964,,1
clean,False,fedavg,0.0,2,10,1,0.25,,,6.045660697260308,,1
clean,False,fedavg,0.0,2,10,2,0.25,,,5.856592662914122,,1
clean,False,fedavg,0.0,2,10,3,0.25,,,7.471422763515138,,1
clean,False,fedavg,0.0,2,10,4,0.25,,,7.559276197417772,,1
clean,False,fedavg,0.0,2,11,1,0.25,,,6.395050131501114,,1
clean,False,fedavg,0.0,2,11,2,0.25,,,6.246500534838234,,1
clean,False,fedavg,0.0,2,11,3,0.25,,,6.581381024371004,,1
clean,False,fedavg,0.0,2,11,4,0.25,,,7.240683685462279,,1
clean,False,fedavg,0.0,2,12,1,0.25,,,6.4418152535939965,,1
clean,False,fedavg,0.0,2,12,2,0.25,,,6.2382117448437935,,1
clean,False,fedavg,0.0,2,12,3,0.25,,,7.0657765609699865,,1
clean,False,fedavg,0.0,2,12,4,0.25,,,8.662247146892364,,1
clean,False,fedavg,0.0,2,13,1,0.25,,,6.208114409452449,,1
clean,False,fedavg,0.0,2,13,2,0.25,,,7.092296900071366,,1
clean,False,fedavg,0.0,2,13,3,0.25,,,7.555792157642188,,1
clean,False,fedavg,0.0,2,13,4,0.25,,,8.027562285807448,,1
clean,False,fedavg,0.0,2,14,1,0.25,,,7.141174712470563,,1
clean,False,fedavg,0.0,2,14,2,0.25,,,6.476251976809931,,1
clean,False,fedavg,0.0,2,14,3,0.25,,,7.738825366097125,,1
clean,False,fedavg,0.0,2,14,4,0.25,,,8.916376048412648,,1
clean,False,fedavg,0.0,2,15,1,0.25,,,5.943748845575841,,1
clean,False,fedavg,0.0,2,15,2,0.25,,,7.652259707486397,,1
clean,False,fedavg,0.0,2,15,3,0.25,,,7.902376715487167,,1
clean,False,fedavg,0.0,2,15,4,0.25,,,7.54397026437453,,1
clean,False,fedavg,0.0,2,16,1,0.25,,,5.558003629459346,,1
clean,False,fedavg,0.0,2,16,2,0.25,,,6.561902525949341,,1
clean,False,fedavg,0.0,2,16,3,0.25,,,7.595974125338104,,1
clean,False,fedavg,0.0,2,16,4,0.25,,,7.482518310391596,,1
clean,False,fedavg,0.0,2,17,1,0.25,,,5.988543778584285,,1
clean,False,fedavg,0.0,2,17,2,0.25,,,6.716272965323229,,1
clean,False,fedavg,0.0,2,17,3,0.25,,,8.07242618577067,,1
clean,False,fedavg,0.0,2,17,4,0.25,,,5.886421024955981,,1
clean,False,fedavg,0.0,2,18,1,0.25,,,6.528380506863427,,1
clean,False,fedavg,0.0,2,18,2,0.25,,,6.664550415772404,,1
clean,False,fedavg,0.0,2,18,3,0.25,,,8.465128545427406,,1
clean,False,fedavg,0.0,2,18,4,0.25,,,9.190648002366663,,1
clean,False,fedavg,0.0,2,19,1,0.25,,,6.016801020804788,,1
clean,False,fedavg,0.0,2,19,2,0.25,,,6.5758397082713245,,1
clean,False,fedavg,0.0,2,19,3,0.25,,,7.4087463812994345,,1
clean,False,fedavg,0.0,2,19,4,0.25,,,8.557623326495763,,1
clean,False,fedavg,0.0,2,20,1,0.25,,,6.190268510488277,,1
clean,False,fedavg,0.0,2,20,2,0.25,,,6.825896020854779,,1
clean,False,fedavg,0.0,2,20,3,0.25,,,7.917785355497925,,1
clean,False,fedavg,0.0,2,20,4,0.25,,,7.180537179311677,,1
clean,False,fedavg,0.0,2,21,1,0.25,,,6.679734094334958,,1
clean,False,fedavg,0.0,2,21,2,0.25,,,6.207094762142171,,1
clean,False,fedavg,0.0,2,21,3,0.25,,,7.490040227351347,,1
clean,False,fedavg,0.0,2,21,4,0.25,,,8.936133772109272,,1
clean,False,fedavg,0.0,2,22,1,0.25,,,6.375151534803556,,1
clean,False,fedavg,0.0,2,22,2,0.25,,,6.840624481832989,,1
clean,False,fedavg,0.0,2,22,3,0.25,,,8.250524781234473,,1
clean,False,fedavg,0.0,2,22,4,0.25,,,8.296129894327555,,1
clean,False,fedavg,0.0,2,23,1,0.25,,,6.384783465483092,,1
clean,False,fedavg,0.0,2,23,2,0.25,,,6.902503515884024,,1
clean,False,fedavg,0.0,2,23,3,0.25,,,8.175782435082676,,1
clean,False,fedavg,0.0,2,23,4,0.25,,,8.208286719038512,,1
clean,False,fedavg,0.0,2,24,1,0.25,,,7.599713334130831,,1
clean,False,fedavg,0.0,2,24,2,0.25,,,6.169348672042974,,1
clean,False,fedavg,0.0,2,24,3,0.25,,,8.254941711667493,,1
clean,False,fedavg,0.0,2,24,4,0.25,,,6.8666276968162405,,1
clean,False,fedavg,0.0,2,25,1,0.25,,,6.074577731260771,,1
clean,False,fedavg,0.0,2,25,2,0.25,,,7.1689429321942315,,1
clean,False,fedavg,0.0,2,25,3,0.25,,,7.978434124004399,,1
clean,False,fedavg,0.0,2,25,4,0.25,,,9.01488684687771,,1
clean,False,fedavg,0.0,2,26,1,0.25,,,6.173655346656647,,1
clean,False,fedavg,0.0,2,26,2,0.25,,,6.704867175319506,,1
clean,False,fedavg,0.0,2,26,3,0.25,,,6.838656914843589,,1
clean,False,fedavg,0.0,2,26,4,0.25,,,8.776995648225476,,1
clean,False,fedavg,0.0,2,27,1,0.25,,,6.457566629338833,,1
clean,False,fedavg,0.0,2,27,2,0.25,,,6.105698406970224,,1
clean,False,fedavg,0.0,2,27,3,0.25,,,8.277305940681932,,1
clean,False,fedavg,0.0,2,27,4,0.25,,,7.50831865863926,,1
clean,False,fedavg,0.0,2,28,1,0.25,,,5.8049591945005075,,1
clean,False,fedavg,0.0,2,28,2,0.25,,,6.792965127076755,,1
clean,False,fedavg,0.0,2,28,3,0.25,,,6.697973360278222,,1
clean,False,fedavg,0.0,2,28,4,0.25,,,6.6647840984824205,,1
clean,False,fedavg,0.0,2,29,1,0.25,,,6.057360500830451,,1
clean,False,fedavg,0.0,2,29,2,0.25,,,7.614541107697049,,1
clean,False,fedavg,0.0,2,29,3,0.25,,,8.453812467595395,,1
clean,False,fedavg,0.0,2,29,4,0.25,,,7.593249313523101,,1
clean,False,fedavg,0.0,2,30,1,0.25,,,7.040385899962847,,1
clean,False,fedavg,0.0,2,30,2,0.25,,,7.195689573677928,,1
clean,False,fedavg,0.0,2,30,3,0.25,,,7.665203185815977,,1
clean,False,fedavg,0.0,2,30,4,0.25,,,9.185837435503814,,1
clean,False,fedavg,0.0,3,1,1,0.25,,,6.031224329125725,,1
clean,False,fedavg,0.0,3,1,2,0.25,,,6.142973607037911,,1
clean,False,fedavg,0.0,3,1,3,0.25,,,6.051514043658276,,1
clean,False,fedavg,0.0,3,1,4,0.25,,,6.567855744777047,,1
clean,False,fedavg,0.0,3,2,1,0.25,,,5.272007413916137,,1
clean,False,fedavg,0.0,3,2,2,0.25,,,5.235925017646557,,1
clean,False,fedavg,0.0,3,2,3,0.25,,,6.723248372442421,,1
clean,False,fedavg,0.0,3,2,4,0.25,,,6.609281127646142,,1
clean,False,fedavg,0.0,3,3,1,0.25,,,5.207200053003379,,1
clean,False,fedavg,0.0,3,3,2,0.25,,,5.826203026688719,,1
clean,False,fedavg,0.0,3,3,3,0.25,,,6.202189635184267,,1
clean,False,fedavg,0.0,3,3,4,0.25,,,6.531496932526955,,1
clean,False,fedavg,0.0,3,4,1,0.25,,,5.571960721499309,,1
clean,False,fedavg,0.0,3,4,2,0.25,,,5.884272310624244,,1
clean,False,fedavg,0.0,3,4,3,0.25,,,5.893391906545273,,1
clean,False,fedavg,0.0,3,4,4,0.25,,,6.345219590306843,,1
clean,False,fedavg,0.0,3,5,1,0.25,,,5.709833462635939,,1
clean,False,fedavg,0.0,3,5,2,0.25,,,5.170795095839837,,1
clean,False,fedavg,0.0,3,5,3,0.25,,,6.867085523715367,,1
clean,False,fedavg,0.0,3,5,4,0.25,,,7.222358213886735,,1
clean,False,fedavg,0.0,3,6,1,0.25,,,6.110850976434002,,1
clean,False,fedavg,0.0,3,6,2,0.25,,,5.893034528031887,,1
clean,False,fedavg,0.0,3,6,3,0.25,,,7.642659197437774,,1
clean,False,fedavg,0.0,3,6,4,0.25,,,7.717636654276529,,1
clean,False,fedavg,0.0,3,7,1,0.25,,,5.684081687425395,,1
clean,False,fedavg,0.0,3,7,2,0.25,,,5.590486320447889,,1
clean,False,fedavg,0.0,3,7,3,0.25,,,7.360382281832787,,1
clean,False,fedavg,0.0,3,7,4,0.25,,,6.868458694241866,,1
clean,False,fedavg,0.0,3,8,1,0.25,,,5.95340889496143,,1
clean,False,fedavg,0.0,3,8,2,0.25,,,6.371187543853883,,1
clean,False,fedavg,0.0,3,8,3,0.25,,,8.373733242854048,,1
clean,False,fedavg,0.0,3,8,4,0.25,,,8.857572482753678,,1
clean,False,fedavg,0.0,3,9,1,0.25,,,6.69238446490711,,1
clean,False,fedavg,0.0,3,9,2,0.25,,,5.906855397100052,,1
clean,False,fedavg,0.0,3,9,3,0.25,,,7.340974640539549,,1
clean,False,fedavg,0.0,3,9,4,0.25,,,7.505671820730204,,1
clean,False,fedavg,0.0,3,10,1,0.25,,,6.1775594734842425,,1
clean,False,fedavg,0.0,3,10,2,0.25,,,5.839556360875538,,1
clean,False,fedavg,0.0,3,10,3,0.25,,,7.725590341618772,,1
clean,False,fedavg,0.0,3,10,4,0.25,,,8.103497105296288,,1
clean,False,fedavg,0.0,3,11,1,0.25,,,6.729071690114281,,1
clean,False,fedavg,0.0,3,11,2,0.25,,,5.885898303372645,,1
clean,False,fedavg,0.0,3,11,3,0.25,,,8.38745478963332,,1
clean,False,fedavg,0.0,3,11,4,0.25,,,7.672679056659822,,1
clean,False,fedavg,0.0,3,12,1,0.25,,,6.210656080558932,,1
clean,False,fedavg,0.0,3,12,2,0.25,,,6.355798009796002,,1
clean,False,fedavg,0.0,3,12,3,0.25,,,7.980001035396315,,1
clean,False,fedavg,0.0,3,12,4,0.25,,,7.971994063892644,,1
clean,False,fedavg,0.0,3,13,1,0.25,,,6.512673948531691,,1
clean,False,fedavg,0.0,3,13,2,0.25,,,6.4753151685015755,,1
clean,False,fedavg,0.0,3,13,3,0.25,,,8.066882194561467,,1
clean,False,fedavg,0.0,3,13,4,0.25,,,7.276530798912604,,1
clean,False,fedavg,0.0,3,14,1,0.25,,,5.879042433581468,,1
clean,False,fedavg,0.0,3,14,2,0.25,,,6.229900198186112,,1
clean,False,fedavg,0.0,3,14,3,0.25,,,8.351332569287464,,1
clean,False,fedavg,0.0,3,14,4,0.25,,,9.822218000357225,,1
clean,False,fedavg,0.0,3,15,1,0.25,,,6.419139799713136,,1
clean,False,fedavg,0.0,3,15,2,0.25,,,6.232300622576595,,1
clean,False,fedavg,0.0,3,15,3,0.25,,,7.8352174311582115,,1
clean,False,fedavg,0.0,3,15,4,0.25,,,8.026218702686862,,1
clean,False,fedavg,0.0,3,16,1,0.25,,,6.389788284503357,,1
clean,False,fedavg,0.0,3,16,2,0.25,,,6.518733726315068,,1
clean,False,fedavg,0.0,3,16,3,0.25,,,8.804600133838058,,1
clean,False,fedavg,0.0,3,16,4,0.25,,,8.582588332392726,,1
clean,False,fedavg,0.0,3,17,1,0.25,,,7.058982495262212,,1
clean,False,fedavg,0.0,3,17,2,0.25,,,7.732102461845278,,1
clean,False,fedavg,0.0,3,17,3,0.25,,,9.911971091544025,,1
clean,False,fedavg,0.0,3,17,4,0.25,,,10.415361797515299,,1
clean,False,fedavg,0.0,3,18,1,0.25,,,7.001782350569191,,1
clean,False,fedavg,0.0,3,18,2,0.25,,,6.441052782400885,,1
clean,False,fedavg,0.0,3,18,3,0.25,,,9.102565085523548,,1
clean,False,fedavg,0.0,3,18,4,0.25,,,6.8876896894496875,,1
clean,False,fedavg,0.0,3,19,1,0.25,,,6.134577788315314,,1
clean,False,fedavg,0.0,3,19,2,0.25,,,6.605592631310868,,1
clean,False,fedavg,0.0,3,19,3,0.25,,,9.594655804474444,,1
clean,False,fedavg,0.0,3,19,4,0.25,,,8.548546933055155,,1
clean,False,fedavg,0.0,3,20,1,0.25,,,7.900526201372272,,1
clean,False,fedavg,0.0,3,20,2,0.25,,,6.61416428866248,,1
clean,False,fedavg,0.0,3,20,3,0.25,,,8.660576597277078,,1
clean,False,fedavg,0.0,3,20,4,0.25,,,9.251458157559345,,1
clean,False,fedavg,0.0,3,21,1,0.25,,,6.735686926573776,,1
clean,False,fedavg,0.0,3,21,2,0.25,,,6.910803059525882,,1
clean,False,fedavg,0.0,3,21,3,0.25,,,9.292036862915168,,1
clean,False,fedavg,0.0,3,21,4,0.25,,,8.910896635226186,,1
clean,False,fedavg,0.0,3,22,1,0.25,,,6.718532919440024,,1
clean,False,fedavg,0.0,3,22,2,0.25,,,6.945969233811069,,1
clean,False,fedavg,0.0,3,22,3,0.25,,,9.082170322998216,,1
clean,False,fedavg,0.0,3,22,4,0.25,,,8.937117444498707,,1
clean,False,fedavg,0.0,3,23,1,0.25,,,7.579696244220792,,1
clean,False,fedavg,0.0,3,23,2,0.25,,,8.595787150178115,,1
clean,False,fedavg,0.0,3,23,3,0.25,,,9.523885663414218,,1
clean,False,fedavg,0.0,3,23,4,0.25,,,10.088992455422531,,1
clean,False,fedavg,0.0,3,24,1,0.25,,,7.249577106932793,,1
clean,False,fedavg,0.0,3,24,2,0.25,,,7.721104853139292,,1
clean,False,fedavg,0.0,3,24,3,0.25,,,8.8568912232414,,1
clean,False,fedavg,0.0,3,24,4,0.25,,,8.391191263865505,,1
clean,False,fedavg,0.0,3,25,1,0.25,,,7.072677485172438,,1
clean,False,fedavg,0.0,3,25,2,0.25,,,7.154512803927987,,1
clean,False,fedavg,0.0,3,25,3,0.25,,,9.08079728847141,,1
clean,False,fedavg,0.0,3,25,4,0.25,,,9.524071600825105,,1
clean,False,fedavg,0.0,3,26,1,0.25,,,7.394086380782286,,1
clean,False,fedavg,0.0,3,26,2,0.25,,,7.578253496880903,,1
clean,False,fedavg,0.0,3,26,3,0.25,,,9.13768347111816,,1
clean,False,fedavg,0.0,3,26,4,0.25,,,8.167215622349236,,1
clean,False,fedavg,0.0,3,27,1,0.25,,,6.844797408384927,,1
clean,False,fedavg,0.0,3,27,2,0.25,,,7.9303042156013435,,1
clean,False,fedavg,0.0,3,27,3,0.25,,,9.02854369543063,,1
clean,False,fedavg,0.0,3,27,4,0.25,,,9.489457467550457,,1
clean,False,fedavg,0.0,3,28,1,0.25,,,7.52159969371986,,1
clean,False,fedavg,0.0,3,28,2,0.25,,,6.692450541630079,,1
clean,False,fedavg,0.0,3,28,3,0.25,,,8.671891660479242,,1
clean,False,fedavg,0.0,3,28,4,0.25,,,8.940208567427867,,1
clean,False,fedavg,0.0,3,29,1,0.25,,,6.391755265350518,,1
clean,False,fedavg,0.0,3,29,2,0.25,,,7.700580428150882,,1
clean,False,fedavg,0.0,3,29,3,0.25,,,10.613480167958002,,1
clean,False,fedavg,0.0,3,29,4,0.25,,,8.308081226716768,,1
clean,False,fedavg,0.0,3,30,1,0.25,,,7.598770106580256,,1
clean,False,fedavg,0.0,3,30,2,0.25,,,7.3329740184903,,1
clean,False,fedavg,0.0,3,30,3,0.25,,,8.421286980417115,,1
clean,False,fedavg,0.0,3,30,4,0.25,,,8.751651367961722,,1
clean,False,fedavg,0.0,4,1,1,0.25,,,5.798067706527018,,1
clean,False,fedavg,0.0,4,1,2,0.25,,,5.509190942745581,,1
clean,False,fedavg,0.0,4,1,3,0.25,,,5.86624949540687,,1
clean,False,fedavg,0.0,4,1,4,0.25,,,5.446343907712697,,1
clean,False,fedavg,0.0,4,2,1,0.25,,,6.434150657121228,,1
clean,False,fedavg,0.0,4,2,2,0.25,,,5.972076172902133,,1
clean,False,fedavg,0.0,4,2,3,0.25,,,7.234240439571734,,1
clean,False,fedavg,0.0,4,2,4,0.25,,,7.403910656995448,,1
clean,False,fedavg,0.0,4,3,1,0.25,,,6.00271685275296,,1
clean,False,fedavg,0.0,4,3,2,0.25,,,6.264407800955541,,1
clean,False,fedavg,0.0,4,3,3,0.25,,,6.465705206564284,,1
clean,False,fedavg,0.0,4,3,4,0.25,,,7.327364190993156,,1
clean,False,fedavg,0.0,4,4,1,0.25,,,5.745942325565342,,1
clean,False,fedavg,0.0,4,4,2,0.25,,,5.522942568303929,,1
clean,False,fedavg,0.0,4,4,3,0.25,,,7.1716185136018336,,1
clean,False,fedavg,0.0,4,4,4,0.25,,,7.467743070924703,,1
clean,False,fedavg,0.0,4,5,1,0.25,,,5.8762261659766954,,1
clean,False,fedavg,0.0,4,5,2,0.25,,,5.902965697761191,,1
clean,False,fedavg,0.0,4,5,3,0.25,,,6.957182449077051,,1
clean,False,fedavg,0.0,4,5,4,0.25,,,7.702395931288413,,1
clean,False,fedavg,0.0,4,6,1,0.25,,,6.105475192498995,,1
clean,False,fedavg,0.0,4,6,2,0.25,,,5.736759108206299,,1
clean,False,fedavg,0.0,4,6,3,0.25,,,7.178697112956412,,1
clean,False,fedavg,0.0,4,6,4,0.25,,,7.889955577779065,,1
clean,False,fedavg,0.0,4,7,1,0.25,,,6.5336270452951135,,1
clean,False,fedavg,0.0,4,7,2,0.25,,,5.909153227299824,,1
clean,False,fedavg,0.0,4,7,3,0.25,,,7.130597566481102,,1
clean,False,fedavg,0.0,4,7,4,0.25,,,7.0956154155417375,,1
clean,False,fedavg,0.0,4,8,1,0.25,,,5.75797920043684,,1
clean,False,fedavg,0.0,4,8,2,0.25,,,5.84876541492658,,1
clean,False,fedavg,0.0,4,8,3,0.25,,,7.065343837983173,,1
clean,False,fedavg,0.0,4,8,4,0.25,,,7.716671658053107,,1
clean,False,fedavg,0.0,4,9,1,0.25,,,6.316155078692303,,1
clean,False,fedavg,0.0,4,9,2,0.25,,,6.279866358933942,,1
clean,False,fedavg,0.0,4,9,3,0.25,,,7.240523840051781,,1
clean,False,fedavg,0.0,4,9,4,0.25,,,7.922229583219925,,1
clean,False,fedavg,0.0,4,10,1,0.25,,,6.764360018755032,,1
clean,False,fedavg,0.0,4,10,2,0.25,,,5.947957836361425,,1
clean,False,fedavg,0.0,4,10,3,0.25,,,7.941782927820217,,1
clean,False,fedavg,0.0,4,10,4,0.25,,,8.63600815580343,,1
clean,False,fedavg,0.0,4,11,1,0.25,,,6.700878202422671,,1
clean,False,fedavg,0.0,4,11,2,0.25,,,5.936481374841384,,1
clean,False,fedavg,0.0,4,11,3,0.25,,,7.170192877831001,,1
clean,False,fedavg,0.0,4,11,4,0.25,,,8.157436536422237,,1
clean,False,fedavg,0.0,4,12,1,0.25,,,6.925953923420006,,1
clean,False,fedavg,0.0,4,12,2,0.25,,,6.213506879491881,,1
clean,False,fedavg,0.0,4,12,3,0.25,,,7.4278011331230305,,1
clean,False,fedavg,0.0,4,12,4,0.25,,,7.927924017866057,,1
clean,False,fedavg,0.0,4,13,1,0.25,,,6.736153009256042,,1
clean,False,fedavg,0.0,4,13,2,0.25,,,6.523239494828383,,1
clean,False,fedavg,0.0,4,13,3,0.25,,,7.718075391178457,,1
clean,False,fedavg,0.0,4,13,4,0.25,,,7.486130488970989,,1
clean,False,fedavg,0.0,4,14,1,0.25,,,6.351291695647887,,1
clean,False,fedavg,0.0,4,14,2,0.25,,,6.512953448002963,,1
clean,False,fedavg,0.0,4,14,3,0.25,,,8.171327197989804,,1
clean,False,fedavg,0.0,4,14,4,0.25,,,7.663935226222758,,1
clean,False,fedavg,0.0,4,15,1,0.25,,,7.422522588552772,,1
clean,False,fedavg,0.0,4,15,2,0.25,,,5.752456311573664,,1
clean,False,fedavg,0.0,4,15,3,0.25,,,7.383251506234498,,1
clean,False,fedavg,0.0,4,15,4,0.25,,,7.368393374848216,,1
clean,False,fedavg,0.0,4,16,1,0.25,,,6.513544585243851,,1
clean,False,fedavg,0.0,4,16,2,0.25,,,6.65502013690452,,1
clean,False,fedavg,0.0,4,16,3,0.25,,,7.564461713969716,,1
clean,False,fedavg,0.0,4,16,4,0.25,,,7.235094204945737,,1
clean,False,fedavg,0.0,4,17,1,0.25,,,5.818471272464868,,1
clean,False,fedavg,0.0,4,17,2,0.25,,,6.086955433553838,,1
clean,False,fedavg,0.0,4,17,3,0.25,,,6.688009779844672,,1
clean,False,fedavg,0.0,4,17,4,0.25,,,7.3631196103510375,,1
clean,False,fedavg,0.0,4,18,1,0.25,,,5.656987160566404,,1
clean,False,fedavg,0.0,4,18,2,0.25,,,6.548068658227001,,1
clean,False,fedavg,0.0,4,18,3,0.25,,,7.18314985343421,,1
clean,False,fedavg,0.0,4,18,4,0.25,,,8.684038725210801,,1
clean,False,fedavg,0.0,4,19,1,0.25,,,6.773829156522608,,1
clean,False,fedavg,0.0,4,19,2,0.25,,,6.257033880585811,,1
clean,False,fedavg,0.0,4,19,3,0.25,,,8.34593030611072,,1
clean,False,fedavg,0.0,4,19,4,0.25,,,7.490883695216693,,1
clean,False,fedavg,0.0,4,20,1,0.25,,,6.679214602746833,,1
clean,False,fedavg,0.0,4,20,2,0.25,,,7.086327100025831,,1
clean,False,fedavg,0.0,4,20,3,0.25,,,8.116982936348608,,1
clean,False,fedavg,0.0,4,20,4,0.25,,,9.27224506944951,,1
clean,False,fedavg,0.0,4,21,1,0.25,,,6.8650793346668655,,1
clean,False,fedavg,0.0,4,21,2,0.25,,,6.669060336514739,,1
clean,False,fedavg,0.0,4,21,3,0.25,,,8.464860181038587,,1
clean,False,fedavg,0.0,4,21,4,0.25,,,7.603343419416853,,1
clean,False,fedavg,0.0,4,22,1,0.25,,,6.225125446251595,,1
clean,False,fedavg,0.0,4,22,2,0.25,,,6.691837189319246,,1
clean,False,fedavg,0.0,4,22,3,0.25,,,8.899539397996891,,1
clean,False,fedavg,0.0,4,22,4,0.25,,,8.090537704412007,,1
clean,False,fedavg,0.0,4,23,1,0.25,,,6.659667531685039,,1
clean,False,fedavg,0.0,4,23,2,0.25,,,6.69046774212717,,1
clean,False,fedavg,0.0,4,23,3,0.25,,,8.921641703870606,,1
clean,False,fedavg,0.0,4,23,4,0.25,,,8.983748305445046,,1
clean,False,fedavg,0.0,4,24,1,0.25,,,6.540587149894193,,1
clean,False,fedavg,0.0,4,24,2,0.25,,,6.685128121159843,,1
clean,False,fedavg,0.0,4,24,3,0.25,,,8.008469529347435,,1
clean,False,fedavg,0.0,4,24,4,0.25,,,9.83551891710839,,1
clean,False,fedavg,0.0,4,25,1,0.25,,,6.357035169937661,,1
clean,False,fedavg,0.0,4,25,2,0.25,,,6.675760434460314,,1
clean,False,fedavg,0.0,4,25,3,0.25,,,9.18044632865683,,1
clean,False,fedavg,0.0,4,25,4,0.25,,,8.203576041869551,,1
clean,False,fedavg,0.0,4,26,1,0.25,,,6.774474971887667,,1
clean,False,fedavg,0.0,4,26,2,0.25,,,6.324463850061451,,1
clean,False,fedavg,0.0,4,26,3,0.25,,,8.040838059420388,,1
clean,False,fedavg,0.0,4,26,4,0.25,,,6.892789812975204,,1
clean,False,fedavg,0.0,4,27,1,0.25,,,6.1495117032936975,,1
clean,False,fedavg,0.0,4,27,2,0.25,,,7.0978871916187245,,1
clean,False,fedavg,0.0,4,27,3,0.25,,,7.684021739568203,,1
clean,False,fedavg,0.0,4,27,4,0.25,,,8.548376523433664,,1
clean,False,fedavg,0.0,4,28,1,0.25,,,6.82065610190785,,1
clean,False,fedavg,0.0,4,28,2,0.25,,,6.259816451262222,,1
clean,False,fedavg,0.0,4,28,3,0.25,,,9.404172601606737,,1
clean,False,fedavg,0.0,4,28,4,0.25,,,10.171938164043379,,1
clean,False,fedavg,0.0,4,29,1,0.25,,,7.19967605021065,,1
clean,False,fedavg,0.0,4,29,2,0.25,,,6.393721300825451,,1
clean,False,fedavg,0.0,4,29,3,0.25,,,8.552662669939915,,1
clean,False,fedavg,0.0,4,29,4,0.25,,,8.933913501584238,,1
clean,False,fedavg,0.0,4,30,1,0.25,,,7.694173467098313,,1
clean,False,fedavg,0.0,4,30,2,0.25,,,7.394037000048138,,1
clean,False,fedavg,0.0,4,30,3,0.25,,,8.704651293595859,,1
clean,False,fedavg,0.0,4,30,4,0.25,,,7.866480720035814,,1
clean,False,fedprox,0.001,0,1,1,0.25,,,4.508813003290291,,1
clean,False,fedprox,0.001,0,1,2,0.25,,,4.144875342561809,,1
clean,False,fedprox,0.001,0,1,3,0.25,,,4.013793356654505,,1
clean,False,fedprox,0.001,0,1,4,0.25,,,4.441208026996332,,1
clean,False,fedprox,0.001,0,2,1,0.25,,,3.995208943193421,,1
clean,False,fedprox,0.001,0,2,2,0.25,,,3.8908134461810695,,1
clean,False,fedprox,0.001,0,2,3,0.25,,,4.157563065102328,,1
clean,False,fedprox,0.001,0,2,4,0.25,,,4.157269621785277,,1
clean,False,fedprox,0.001,0,3,1,0.25,,,4.140530652598275,,1
clean,False,fedprox,0.001,0,3,2,0.25,,,4.37907907720035,,1
clean,False,fedprox,0.001,0,3,3,0.25,,,4.266298823441017,,1
clean,False,fedprox,0.001,0,3,4,0.25,,,4.6133314257258515,,1
clean,False,fedprox,0.001,0,4,1,0.25,,,4.05372791784438,,1
clean,False,fedprox,0.001,0,4,2,0.25,,,3.9361437609147245,,1
clean,False,fedprox,0.001,0,4,3,0.25,,,4.2935599816213985,,1
clean,False,fedprox,0.001,0,4,4,0.25,,,5.112989477002529,,1
clean,False,fedprox,0.001,0,5,1,0.25,,,4.172992608200954,,1
clean,False,fedprox,0.001,0,5,2,0.25,,,4.075299770458189,,1
clean,False,fedprox,0.001,0,5,3,0.25,,,4.607651865630395,,1
clean,False,fedprox,0.001,0,5,4,0.25,,,4.791189898126811,,1
clean,False,fedprox,0.001,0,6,1,0.25,,,3.875786661023451,,1
clean,False,fedprox,0.001,0,6,2,0.25,,,3.6053795199955907,,1
clean,False,fedprox,0.001,0,6,3,0.25,,,4.829491579090566,,1
clean,False,fedprox,0.001,0,6,4,0.25,,,4.832997799805585,,1
clean,False,fedprox,0.001,0,7,1,0.25,,,4.297964343068256,,1
clean,False,fedprox,0.001,0,7,2,0.25,,,4.000348929077419,,1
clean,False,fedprox,0.001,0,7,3,0.25,,,4.8643395402268075,,1
clean,False,fedprox,0.001,0,7,4,0.25,,,4.128450070106651,,1
clean,False,fedprox,0.001,0,8,1,0.25,,,4.278413218000692,,1
clean,False,fedprox,0.001,0,8,2,0.25,,,3.959514503062737,,1
clean,False,fedprox,0.001,0,8,3,0.25,,,4.959391825338254,,1
clean,False,fedprox,0.001,0,8,4,0.25,,,4.880384372869921,,1
clean,False,fedprox,0.001,0,9,1,0.25,,,4.301129072651724,,1
clean,False,fedprox,0.001,0,9,2,0.25,,,4.019254591845,,1
clean,False,fedprox,0.001,0,9,3,0.25,,,4.583767430093046,,1
clean,False,fedprox,0.001,0,9,4,0.25,,,4.7919350401444465,,1
clean,False,fedprox,0.001,0,10,1,0.25,,,4.279277752382773,,1
clean,False,fedprox,0.001,0,10,2,0.25,,,3.4914340140823863,,1
clean,False,fedprox,0.001,0,10,3,0.25,,,4.76655562054813,,1
clean,False,fedprox,0.001,0,10,4,0.25,,,3.656145888749069,,1
clean,False,fedprox,0.001,0,11,1,0.25,,,4.7555123506118235,,1
clean,False,fedprox,0.001,0,11,2,0.25,,,3.806949315090412,,1
clean,False,fedprox,0.001,0,11,3,0.25,,,4.477688392788537,,1
clean,False,fedprox,0.001,0,11,4,0.25,,,4.131821514551667,,1
clean,False,fedprox,0.001,0,12,1,0.25,,,4.467822942961161,,1
clean,False,fedprox,0.001,0,12,2,0.25,,,4.5858408279467024,,1
clean,False,fedprox,0.001,0,12,3,0.25,,,4.5552484833035995,,1
clean,False,fedprox,0.001,0,12,4,0.25,,,4.19661338725071,,1
clean,False,fedprox,0.001,0,13,1,0.25,,,4.522328432822416,,1
clean,False,fedprox,0.001,0,13,2,0.25,,,4.2064367461043615,,1
clean,False,fedprox,0.001,0,13,3,0.25,,,4.194694038972551,,1
clean,False,fedprox,0.001,0,13,4,0.25,,,4.606398886860884,,1
clean,False,fedprox,0.001,0,14,1,0.25,,,4.469390035743635,,1
clean,False,fedprox,0.001,0,14,2,0.25,,,4.15033958051512,,1
clean,False,fedprox,0.001,0,14,3,0.25,,,4.65260429421413,,1
clean,False,fedprox,0.001,0,14,4,0.25,,,4.913325977263153,,1
clean,False,fedprox,0.001,0,15,1,0.25,,,4.038148719298578,,1
clean,False,fedprox,0.001,0,15,2,0.25,,,3.6950150372227575,,1
clean,False,fedprox,0.001,0,15,3,0.25,,,4.393443345741217,,1
clean,False,fedprox,0.001,0,15,4,0.25,,,3.9829917013145812,,1
clean,False,fedprox,0.001,0,16,1,0.25,,,4.585061958137839,,1
clean,False,fedprox,0.001,0,16,2,0.25,,,3.9285416889656917,,1
clean,False,fedprox,0.001,0,16,3,0.25,,,4.513904778867809,,1
clean,False,fedprox,0.001,0,16,4,0.25,,,4.254926047343095,,1
clean,False,fedprox,0.001,0,17,1,0.25,,,3.9942933807909196,,1
clean,False,fedprox,0.001,0,17,2,0.25,,,4.081706171115325,,1
clean,False,fedprox,0.001,0,17,3,0.25,,,4.292039344953139,,1
clean,False,fedprox,0.001,0,17,4,0.25,,,3.5198653434080587,,1
clean,False,fedprox,0.001,0,18,1,0.25,,,4.297823161515219,,1
clean,False,fedprox,0.001,0,18,2,0.25,,,4.01330514087243,,1
clean,False,fedprox,0.001,0,18,3,0.25,,,4.871168532994738,,1
clean,False,fedprox,0.001,0,18,4,0.25,,,4.561647887397484,,1
clean,False,fedprox,0.001,0,19,1,0.25,,,4.501992827874204,,1
clean,False,fedprox,0.001,0,19,2,0.25,,,3.92887324852687,,1
clean,False,fedprox,0.001,0,19,3,0.25,,,4.926398575687092,,1
clean,False,fedprox,0.001,0,19,4,0.25,,,4.339892292194434,,1
clean,False,fedprox,0.001,0,20,1,0.25,,,4.731272954293241,,1
clean,False,fedprox,0.001,0,20,2,0.25,,,4.397826769835917,,1
clean,False,fedprox,0.001,0,20,3,0.25,,,4.264818619307594,,1
clean,False,fedprox,0.001,0,20,4,0.25,,,4.064757844570738,,1
clean,False,fedprox,0.001,0,21,1,0.25,,,4.198026480551991,,1
clean,False,fedprox,0.001,0,21,2,0.25,,,4.321771732680922,,1
clean,False,fedprox,0.001,0,21,3,0.25,,,5.009254190208575,,1
clean,False,fedprox,0.001,0,21,4,0.25,,,4.844288885979794,,1
clean,False,fedprox,0.001,0,22,1,0.25,,,4.424328547504332,,1
clean,False,fedprox,0.001,0,22,2,0.25,,,4.455793856814475,,1
clean,False,fedprox,0.001,0,22,3,0.25,,,4.54623024575258,,1
clean,False,fedprox,0.001,0,22,4,0.25,,,4.913482887281285,,1
clean,False,fedprox,0.001,0,23,1,0.25,,,4.569762237943164,,1
clean,False,fedprox,0.001,0,23,2,0.25,,,4.293928158501039,,1
clean,False,fedprox,0.001,0,23,3,0.25,,,4.587196409146774,,1
clean,False,fedprox,0.001,0,23,4,0.25,,,5.232322892421466,,1
clean,False,fedprox,0.001,0,24,1,0.25,,,4.540363695247887,,1
clean,False,fedprox,0.001,0,24,2,0.25,,,4.03077717066855,,1
clean,False,fedprox,0.001,0,24,3,0.25,,,4.915930241088562,,1
clean,False,fedprox,0.001,0,24,4,0.25,,,4.514484178628869,,1
clean,False,fedprox,0.001,0,25,1,0.25,,,4.736783453931327,,1
clean,False,fedprox,0.001,0,25,2,0.25,,,3.9666238237811955,,1
clean,False,fedprox,0.001,0,25,3,0.25,,,5.017706163625076,,1
clean,False,fedprox,0.001,0,25,4,0.25,,,4.909911583395701,,1
clean,False,fedprox,0.001,0,26,1,0.25,,,3.9128073833916117,,1
clean,False,fedprox,0.001,0,26,2,0.25,,,4.05859850109284,,1
clean,False,fedprox,0.001,0,26,3,0.25,,,4.57985787628973,,1
clean,False,fedprox,0.001,0,26,4,0.25,,,4.789784717193823,,1
clean,False,fedprox,0.001,0,27,1,0.25,,,4.123679831604552,,1
clean,False,fedprox,0.001,0,27,2,0.25,,,4.390683707841565,,1
clean,False,fedprox,0.001,0,27,3,0.25,,,4.803382015656574,,1
clean,False,fedprox,0.001,0,27,4,0.25,,,4.329176350654847,,1
clean,False,fedprox,0.001,0,28,1,0.25,,,4.258769061885277,,1
clean,False,fedprox,0.001,0,28,2,0.25,,,4.3518980800698115,,1
clean,False,fedprox,0.001,0,28,3,0.25,,,4.7723304476178665,,1
clean,False,fedprox,0.001,0,28,4,0.25,,,3.8459294329818996,,1
clean,False,fedprox,0.001,0,29,1,0.25,,,4.423222335749253,,1
clean,False,fedprox,0.001,0,29,2,0.25,,,3.7358855216910825,,1
clean,False,fedprox,0.001,0,29,3,0.25,,,4.818238464841177,,1
clean,False,fedprox,0.001,0,29,4,0.25,,,4.240591320671475,,1
clean,False,fedprox,0.001,0,30,1,0.25,,,4.332733128414888,,1
clean,False,fedprox,0.001,0,30,2,0.25,,,4.032916973879994,,1
clean,False,fedprox,0.001,0,30,3,0.25,,,5.498669669014643,,1
clean,False,fedprox,0.001,0,30,4,0.25,,,4.0569615378430885,,1
clean,False,fedprox,0.001,1,1,1,0.25,,,4.77370289979905,,1
clean,False,fedprox,0.001,1,1,2,0.25,,,4.5127823562032585,,1
clean,False,fedprox,0.001,1,1,3,0.25,,,4.438755858228436,,1
clean,False,fedprox,0.001,1,1,4,0.25,,,4.733919445011264,,1
clean,False,fedprox,0.001,1,2,1,0.25,,,4.628843271290679,,1
clean,False,fedprox,0.001,1,2,2,0.25,,,3.696505386486801,,1
clean,False,fedprox,0.001,1,2,3,0.25,,,4.2014108976993185,,1
clean,False,fedprox,0.001,1,2,4,0.25,,,4.414970099545046,,1
clean,False,fedprox,0.001,1,3,1,0.25,,,4.2508137325237545,,1
clean,False,fedprox,0.001,1,3,2,0.25,,,3.8108228886047417,,1
clean,False,fedprox,0.001,1,3,3,0.25,,,3.789374366184277,,1
clean,False,fedprox,0.001,1,3,4,0.25,,,4.695727406950739,,1
clean,False,fedprox,0.001,1,4,1,0.25,,,4.13788972271627,,1
clean,False,fedprox,0.001,1,4,2,0.25,,,3.726740900259142,,1
clean,False,fedprox,0.001,1,4,3,0.25,,,4.478876857471753,,1
clean,False,fedprox,0.001,1,4,4,0.25,,,4.676158644246151,,1
clean,False,fedprox,0.001,1,5,1,0.25,,,4.119771742858238,,1
clean,False,fedprox,0.001,1,5,2,0.25,,,4.0974954905839205,,1
clean,False,fedprox,0.001,1,5,3,0.25,,,4.544001484872394,,1
clean,False,fedprox,0.001,1,5,4,0.25,,,3.834915027035361,,1
clean,False,fedprox,0.001,1,6,1,0.25,,,3.9203131956790145,,1
clean,False,fedprox,0.001,1,6,2,0.25,,,3.9464545594572535,,1
clean,False,fedprox,0.001,1,6,3,0.25,,,3.9214932067286496,,1
clean,False,fedprox,0.001,1,6,4,0.25,,,4.439235974179392,,1
clean,False,fedprox,0.001,1,7,1,0.25,,,4.181250406257514,,1
clean,False,fedprox,0.001,1,7,2,0.25,,,3.749451358843992,,1
clean,False,fedprox,0.001,1,7,3,0.25,,,4.29856796360767,,1
clean,False,fedprox,0.001,1,7,4,0.25,,,4.790314897919335,,1
clean,False,fedprox,0.001,1,8,1,0.25,,,4.41993905393283,,1
clean,False,fedprox,0.001,1,8,2,0.25,,,3.722257649384549,,1
clean,False,fedprox,0.001,1,8,3,0.25,,,4.456857301179768,,1
clean,False,fedprox,0.001,1,8,4,0.25,,,4.3118503710600775,,1
clean,False,fedprox,0.001,1,9,1,0.25,,,4.296686736581228,,1
clean,False,fedprox,0.001,1,9,2,0.25,,,3.7808004821199077,,1
clean,False,fedprox,0.001,1,9,3,0.25,,,4.294421995648256,,1
clean,False,fedprox,0.001,1,9,4,0.25,,,4.490744711133999,,1
clean,False,fedprox,0.001,1,10,1,0.25,,,4.582475161985655,,1
clean,False,fedprox,0.001,1,10,2,0.25,,,4.064580790359776,,1
clean,False,fedprox,0.001,1,10,3,0.25,,,4.450363467257642,,1
clean,False,fedprox,0.001,1,10,4,0.25,,,4.27716361855648,,1
clean,False,fedprox,0.001,1,11,1,0.25,,,4.148220407572124,,1
clean,False,fedprox,0.001,1,11,2,0.25,,,3.9944230025334293,,1
clean,False,fedprox,0.001,1,11,3,0.25,,,4.259068251022869,,1
clean,False,fedprox,0.001,1,11,4,0.25,,,3.240372506392915,,1
clean,False,fedprox,0.001,1,12,1,0.25,,,4.44087828090828,,1
clean,False,fedprox,0.001,1,12,2,0.25,,,4.162917393918336,,1
clean,False,fedprox,0.001,1,12,3,0.25,,,4.586553738249843,,1
clean,False,fedprox,0.001,1,12,4,0.25,,,4.738862209838698,,1
clean,False,fedprox,0.001,1,13,1,0.25,,,4.1392909502364,,1
clean,False,fedprox,0.001,1,13,2,0.25,,,3.931352641827288,,1
clean,False,fedprox,0.001,1,13,3,0.25,,,4.9149337152712995,,1
clean,False,fedprox,0.001,1,13,4,0.25,,,4.571689743708133,,1
clean,False,fedprox,0.001,1,14,1,0.25,,,4.220638235301802,,1
clean,False,fedprox,0.001,1,14,2,0.25,,,3.8533187125435626,,1
clean,False,fedprox,0.001,1,14,3,0.25,,,4.0394168743049255,,1
clean,False,fedprox,0.001,1,14,4,0.25,,,3.7546283710200226,,1
clean,False,fedprox,0.001,1,15,1,0.25,,,4.662925140892921,,1
clean,False,fedprox,0.001,1,15,2,0.25,,,4.325359087092497,,1
clean,False,fedprox,0.001,1,15,3,0.25,,,4.6235621915768395,,1
clean,False,fedprox,0.001,1,15,4,0.25,,,4.7559766925611715,,1
clean,False,fedprox,0.001,1,16,1,0.25,,,4.3373136936705246,,1
clean,False,fedprox,0.001,1,16,2,0.25,,,3.7451064748891656,,1
clean,False,fedprox,0.001,1,16,3,0.25,,,5.102579872229904,,1
clean,False,fedprox,0.001,1,16,4,0.25,,,4.7872310908875955,,1
clean,False,fedprox,0.001,1,17,1,0.25,,,4.068163344558584,,1
clean,False,fedprox,0.001,1,17,2,0.25,,,4.168342752974987,,1
clean,False,fedprox,0.001,1,17,3,0.25,,,4.579870648491883,,1
clean,False,fedprox,0.001,1,17,4,0.25,,,4.488678015794792,,1
clean,False,fedprox,0.001,1,18,1,0.25,,,4.325892498627372,,1
clean,False,fedprox,0.001,1,18,2,0.25,,,3.892126000149296,,1
clean,False,fedprox,0.001,1,18,3,0.25,,,5.546245065738523,,1
clean,False,fedprox,0.001,1,18,4,0.25,,,5.435992029082743,,1
clean,False,fedprox,0.001,1,19,1,0.25,,,4.45976515747993,,1
clean,False,fedprox,0.001,1,19,2,0.25,,,4.108030259419151,,1
clean,False,fedprox,0.001,1,19,3,0.25,,,4.691460749723625,,1
clean,False,fedprox,0.001,1,19,4,0.25,,,3.8152657129088023,,1
clean,False,fedprox,0.001,1,20,1,0.25,,,4.413525846891677,,1
clean,False,fedprox,0.001,1,20,2,0.25,,,3.9528763625204633,,1
clean,False,fedprox,0.001,1,20,3,0.25,,,4.347531077584891,,1
clean,False,fedprox,0.001,1,20,4,0.25,,,4.215645816616729,,1
clean,False,fedprox,0.001,1,21,1,0.25,,,4.3024859799537944,,1
clean,False,fedprox,0.001,1,21,2,0.25,,,4.329755803857257,,1
clean,False,fedprox,0.001,1,21,3,0.25,,,4.662096751888808,,1
clean,False,fedprox,0.001,1,21,4,0.25,,,4.74142551524075,,1
clean,False,fedprox,0.001,1,22,1,0.25,,,4.2000124379685175,,1
clean,False,fedprox,0.001,1,22,2,0.25,,,4.276963495414952,,1
clean,False,fedprox,0.001,1,22,3,0.25,,,5.54628141087888,,1
clean,False,fedprox,0.001,1,22,4,0.25,,,4.43589021035254,,1
clean,False,fedprox,0.001,1,23,1,0.25,,,4.720284522510259,,1
clean,False,fedprox,0.001,1,23,2,0.25,,,4.03294227686684,,1
clean,False,fedprox,0.001,1,23,3,0.25,,,4.4005139892858285,,1
clean,False,fedprox,0.001,1,23,4,0.25,,,3.9529340917335203,,1
clean,False,fedprox,0.001,1,24,1,0.25,,,5.037814552151375,,1
clean,False,fedprox,0.001,1,24,2,0.25,,,4.312328473325005,,1
clean,False,fedprox,0.001,1,24,3,0.25,,,4.5514865209672255,,1
clean,False,fedprox,0.001,1,24,4,0.25,,,4.332495958977654,,1
clean,False,fedprox,0.001,1,25,1,0.25,,,4.372342549080871,,1
clean,False,fedprox,0.001,1,25,2,0.25,,,4.1091684686825065,,1
clean,False,fedprox,0.001,1,25,3,0.25,,,5.217310854461442,,1
clean,False,fedprox,0.001,1,25,4,0.25,,,4.007599167786265,,1
clean,False,fedprox,0.001,1,26,1,0.25,,,4.254938110720526,,1
clean,False,fedprox,0.001,1,26,2,0.25,,,4.227189385574057,,1
clean,False,fedprox,0.001,1,26,3,0.25,,,4.3629400817284365,,1
clean,False,fedprox,0.001,1,26,4,0.25,,,4.257177766736168,,1
clean,False,fedprox,0.001,1,27,1,0.25,,,4.793531880189499,,1
clean,False,fedprox,0.001,1,27,2,0.25,,,4.194460576688069,,1
clean,False,fedprox,0.001,1,27,3,0.25,,,5.309185548926589,,1
clean,False,fedprox,0.001,1,27,4,0.25,,,4.138564334841529,,1
clean,False,fedprox,0.001,1,28,1,0.25,,,4.956011229349301,,1
clean,False,fedprox,0.001,1,28,2,0.25,,,4.255775983550222,,1
clean,False,fedprox,0.001,1,28,3,0.25,,,4.791212259056311,,1
clean,False,fedprox,0.001,1,28,4,0.25,,,4.46864678750989,,1
clean,False,fedprox,0.001,1,29,1,0.25,,,5.104959887435218,,1
clean,False,fedprox,0.001,1,29,2,0.25,,,4.428796764047899,,1
clean,False,fedprox,0.001,1,29,3,0.25,,,4.985763731199121,,1
clean,False,fedprox,0.001,1,29,4,0.25,,,4.132693741436813,,1
clean,False,fedprox,0.001,1,30,1,0.25,,,4.514260046529593,,1
clean,False,fedprox,0.001,1,30,2,0.25,,,3.5992664892787882,,1
clean,False,fedprox,0.001,1,30,3,0.25,,,4.713183813679423,,1
clean,False,fedprox,0.001,1,30,4,0.25,,,4.418439094565212,,1
clean,False,fedprox,0.001,2,1,1,0.25,,,4.721552538451825,,1
clean,False,fedprox,0.001,2,1,2,0.25,,,4.652960337485048,,1
clean,False,fedprox,0.001,2,1,3,0.25,,,4.474320705620109,,1
clean,False,fedprox,0.001,2,1,4,0.25,,,4.659253575218751,,1
clean,False,fedprox,0.001,2,2,1,0.25,,,4.029443808347465,,1
clean,False,fedprox,0.001,2,2,2,0.25,,,3.7397958927719164,,1
clean,False,fedprox,0.001,2,2,3,0.25,,,4.3357278048776715,,1
clean,False,fedprox,0.001,2,2,4,0.25,,,4.795356862489823,,1
clean,False,fedprox,0.001,2,3,1,0.25,,,4.097053882035313,,1
clean,False,fedprox,0.001,2,3,2,0.25,,,3.83498215973379,,1
clean,False,fedprox,0.001,2,3,3,0.25,,,4.529789122650577,,1
clean,False,fedprox,0.001,2,3,4,0.25,,,4.187665174562767,,1
clean,False,fedprox,0.001,2,4,1,0.25,,,4.214448835459636,,1
clean,False,fedprox,0.001,2,4,2,0.25,,,4.245126182675551,,1
clean,False,fedprox,0.001,2,4,3,0.25,,,4.494009091004406,,1
clean,False,fedprox,0.001,2,4,4,0.25,,,3.8511049451874126,,1
clean,False,fedprox,0.001,2,5,1,0.25,,,3.8726200633865786,,1
clean,False,fedprox,0.001,2,5,2,0.25,,,4.159510498327929,,1
clean,False,fedprox,0.001,2,5,3,0.25,,,4.152123632253319,,1
clean,False,fedprox,0.001,2,5,4,0.25,,,4.464335386077909,,1
clean,False,fedprox,0.001,2,6,1,0.25,,,4.042038175444665,,1
clean,False,fedprox,0.001,2,6,2,0.25,,,3.72813292460156,,1
clean,False,fedprox,0.001,2,6,3,0.25,,,4.625729743141502,,1
clean,False,fedprox,0.001,2,6,4,0.25,,,4.52734775473385,,1
clean,False,fedprox,0.001,2,7,1,0.25,,,4.2191264201173,,1
clean,False,fedprox,0.001,2,7,2,0.25,,,3.826754703785401,,1
clean,False,fedprox,0.001,2,7,3,0.25,,,4.646574206987484,,1
clean,False,fedprox,0.001,2,7,4,0.25,,,4.672246447440811,,1
clean,False,fedprox,0.001,2,8,1,0.25,,,4.542024435169309,,1
clean,False,fedprox,0.001,2,8,2,0.25,,,3.708482257398629,,1
clean,False,fedprox,0.001,2,8,3,0.25,,,4.020111248649153,,1
clean,False,fedprox,0.001,2,8,4,0.25,,,3.9120197826749945,,1
clean,False,fedprox,0.001,2,9,1,0.25,,,4.266973703541921,,1
clean,False,fedprox,0.001,2,9,2,0.25,,,3.7759124063751197,,1
clean,False,fedprox,0.001,2,9,3,0.25,,,4.651670193025952,,1
clean,False,fedprox,0.001,2,9,4,0.25,,,4.598190703442759,,1
clean,False,fedprox,0.001,2,10,1,0.25,,,4.213613765958851,,1
clean,False,fedprox,0.001,2,10,2,0.25,,,3.7249088894097184,,1
clean,False,fedprox,0.001,2,10,3,0.25,,,4.504096640300454,,1
clean,False,fedprox,0.001,2,10,4,0.25,,,3.8857140714868095,,1
clean,False,fedprox,0.001,2,11,1,0.25,,,4.391603451552162,,1
clean,False,fedprox,0.001,2,11,2,0.25,,,3.8822036026755,,1
clean,False,fedprox,0.001,2,11,3,0.25,,,4.196739630351256,,1
clean,False,fedprox,0.001,2,11,4,0.25,,,4.477340276095433,,1
clean,False,fedprox,0.001,2,12,1,0.25,,,4.165033701958813,,1
clean,False,fedprox,0.001,2,12,2,0.25,,,3.5486367598570507,,1
clean,False,fedprox,0.001,2,12,3,0.25,,,4.166219753651154,,1
clean,False,fedprox,0.001,2,12,4,0.25,,,5.014486826931868,,1
clean,False,fedprox,0.001,2,13,1,0.25,,,4.302307409491853,,1
clean,False,fedprox,0.001,2,13,2,0.25,,,4.245691250161966,,1
clean,False,fedprox,0.001,2,13,3,0.25,,,4.2232370315299494,,1
clean,False,fedprox,0.001,2,13,4,0.25,,,4.268391148232259,,1
clean,False,fedprox,0.001,2,14,1,0.25,,,4.892880779508547,,1
clean,False,fedprox,0.001,2,14,2,0.25,,,3.9371833290322904,,1
clean,False,fedprox,0.001,2,14,3,0.25,,,4.384595614817952,,1
clean,False,fedprox,0.001,2,14,4,0.25,,,4.466500251019927,,1
clean,False,fedprox,0.001,2,15,1,0.25,,,4.3262895020999395,,1
clean,False,fedprox,0.001,2,15,2,0.25,,,4.377256515287186,,1
clean,False,fedprox,0.001,2,15,3,0.25,,,4.411705759834759,,1
clean,False,fedprox,0.001,2,15,4,0.25,,,4.722738252047788,,1
clean,False,fedprox,0.001,2,16,1,0.25,,,4.434493273047412,,1
clean,False,fedprox,0.001,2,16,2,0.25,,,3.8758281986792733,,1
clean,False,fedprox,0.001,2,16,3,0.25,,,4.735425605146713,,1
clean,False,fedprox,0.001,2,16,4,0.25,,,3.564621276051976,,1
clean,False,fedprox,0.001,2,17,1,0.25,,,4.344854036460612,,1
clean,False,fedprox,0.001,2,17,2,0.25,,,4.100546347948157,,1
clean,False,fedprox,0.001,2,17,3,0.25,,,4.740809800253819,,1
clean,False,fedprox,0.001,2,17,4,0.25,,,3.8052705312378183,,1
clean,False,fedprox,0.001,2,18,1,0.25,,,4.639455275008449,,1
clean,False,fedprox,0.001,2,18,2,0.25,,,4.176496219018675,,1
clean,False,fedprox,0.001,2,18,3,0.25,,,4.681720431056135,,1
clean,False,fedprox,0.001,2,18,4,0.25,,,5.387646009011123,,1
clean,False,fedprox,0.001,2,19,1,0.25,,,4.195092812790265,,1
clean,False,fedprox,0.001,2,19,2,0.25,,,3.998092097247259,,1
clean,False,fedprox,0.001,2,19,3,0.25,,,4.319737621088915,,1
clean,False,fedprox,0.001,2,19,4,0.25,,,4.98765561764058,,1
clean,False,fedprox,0.001,2,20,1,0.25,,,4.6201581611255875,,1
clean,False,fedprox,0.001,2,20,2,0.25,,,4.290578862804843,,1
clean,False,fedprox,0.001,2,20,3,0.25,,,4.628671980055958,,1
clean,False,fedprox,0.001,2,20,4,0.25,,,3.7929613328903824,,1
clean,False,fedprox,0.001,2,21,1,0.25,,,4.4072570714905455,,1
clean,False,fedprox,0.001,2,21,2,0.25,,,4.039330745459282,,1
clean,False,fedprox,0.001,2,21,3,0.25,,,4.601482270739342,,1
clean,False,fedprox,0.001,2,21,4,0.25,,,5.640004822028849,,1
clean,False,fedprox,0.001,2,22,1,0.25,,,4.481124182732617,,1
clean,False,fedprox,0.001,2,22,2,0.25,,,4.053103387587401,,1
clean,False,fedprox,0.001,2,22,3,0.25,,,4.732697312043014,,1
clean,False,fedprox,0.001,2,22,4,0.25,,,4.222053235935556,,1
clean,False,fedprox,0.001,2,23,1,0.25,,,4.547698566897826,,1
clean,False,fedprox,0.001,2,23,2,0.25,,,4.401736696449934,,1
clean,False,fedprox,0.001,2,23,3,0.25,,,4.866185970565373,,1
clean,False,fedprox,0.001,2,23,4,0.25,,,4.641289752694148,,1
clean,False,fedprox,0.001,2,24,1,0.25,,,4.978358227019774,,1
clean,False,fedprox,0.001,2,24,2,0.25,,,3.661776873354167,,1
clean,False,fedprox,0.001,2,24,3,0.25,,,5.027330099970866,,1
clean,False,fedprox,0.001,2,24,4,0.25,,,4.524919537990196,,1
clean,False,fedprox,0.001,2,25,1,0.25,,,4.394002124565796,,1
clean,False,fedprox,0.001,2,25,2,0.25,,,4.254020182287743,,1
clean,False,fedprox,0.001,2,25,3,0.25,,,4.753481259364427,,1
clean,False,fedprox,0.001,2,25,4,0.25,,,5.230052788184108,,1
clean,False,fedprox,0.001,2,26,1,0.25,,,4.703472314722405,,1
clean,False,fedprox,0.001,2,26,2,0.25,,,4.635626710069186,,1
clean,False,fedprox,0.001,2,26,3,0.25,,,4.931733108808928,,1
clean,False,fedprox,0.001,2,26,4,0.25,,,4.323521241261862,,1
clean,False,fedprox,0.001,2,27,1,0.25,,,4.5146358949277845,,1
clean,False,fedprox,0.001,2,27,2,0.25,,,4.066916958839906,,1
clean,False,fedprox,0.001,2,27,3,0.25,,,4.659187371113494,,1
clean,False,fedprox,0.001,2,27,4,0.25,,,4.180685194260058,,1
clean,False,fedprox,0.001,2,28,1,0.25,,,4.542055929391626,,1
clean,False,fedprox,0.001,2,28,2,0.25,,,4.470193512005901,,1
clean,False,fedprox,0.001,2,28,3,0.25,,,4.43473639588746,,1
clean,False,fedprox,0.001,2,28,4,0.25,,,4.283368423518661,,1
clean,False,fedprox,0.001,2,29,1,0.25,,,4.558143157312158,,1
clean,False,fedprox,0.001,2,29,2,0.25,,,5.054546206740126,,1
clean,False,fedprox,0.001,2,29,3,0.25,,,4.882264595942648,,1
clean,False,fedprox,0.001,2,29,4,0.25,,,3.66616824984098,,1
clean,False,fedprox,0.001,2,30,1,0.25,,,4.619625099791803,,1
clean,False,fedprox,0.001,2,30,2,0.25,,,4.540693450620652,,1
clean,False,fedprox,0.001,2,30,3,0.25,,,4.598018535948516,,1
clean,False,fedprox,0.001,2,30,4,0.25,,,4.879417446181905,,1
clean,False,fedprox,0.001,3,1,1,0.25,,,4.705604581587949,,1
clean,False,fedprox,0.001,3,1,2,0.25,,,4.6055488149024875,,1
clean,False,fedprox,0.001,3,1,3,0.25,,,4.4878057841530365,,1
clean,False,fedprox,0.001,3,1,4,0.25,,,4.991754459135967,,1
clean,False,fedprox,0.001,3,2,1,0.25,,,4.021266600827531,,1
clean,False,fedprox,0.001,3,2,2,0.25,,,3.796275133180486,,1
clean,False,fedprox,0.001,3,2,3,0.25,,,4.481255876175028,,1
clean,False,fedprox,0.001,3,2,4,0.25,,,5.0773473714386865,,1
clean,False,fedprox,0.001,3,3,1,0.25,,,3.861220474965737,,1
clean,False,fedprox,0.001,3,3,2,0.25,,,4.099213091524185,,1
clean,False,fedprox,0.001,3,3,3,0.25,,,4.305037771343798,,1
clean,False,fedprox,0.001,3,3,4,0.25,,,4.750315064133177,,1
clean,False,fedprox,0.001,3,4,1,0.25,,,3.8954261393009184,,1
clean,False,fedprox,0.001,3,4,2,0.25,,,4.118166470803784,,1
clean,False,fedprox,0.001,3,4,3,0.25,,,3.7887272107289904,,1
clean,False,fedprox,0.001,3,4,4,0.25,,,4.7445324009720755,,1
clean,False,fedprox,0.001,3,5,1,0.25,,,4.076388779706988,,1
clean,False,fedprox,0.001,3,5,2,0.25,,,3.5037115952965023,,1
clean,False,fedprox,0.001,3,5,3,0.25,,,4.483129225897003,,1
clean,False,fedprox,0.001,3,5,4,0.25,,,4.849345645495802,,1
clean,False,fedprox,0.001,3,6,1,0.25,,,4.537906864914432,,1
clean,False,fedprox,0.001,3,6,2,0.25,,,3.903319045470514,,1
clean,False,fedprox,0.001,3,6,3,0.25,,,4.56701814086011,,1
clean,False,fedprox,0.001,3,6,4,0.25,,,4.4640765926102235,,1
clean,False,fedprox,0.001,3,7,1,0.25,,,3.950176172400129,,1
clean,False,fedprox,0.001,3,7,2,0.25,,,3.829503665002932,,1
clean,False,fedprox,0.001,3,7,3,0.25,,,4.207896958910914,,1
clean,False,fedprox,0.001,3,7,4,0.25,,,4.588588537191914,,1
clean,False,fedprox,0.001,3,8,1,0.25,,,4.275995295409733,,1
clean,False,fedprox,0.001,3,8,2,0.25,,,4.197567576438578,,1
clean,False,fedprox,0.001,3,8,3,0.25,,,4.704708165103665,,1
clean,False,fedprox,0.001,3,8,4,0.25,,,5.159952004419506,,1
clean,False,fedprox,0.001,3,9,1,0.25,,,4.276303196094097,,1
clean,False,fedprox,0.001,3,9,2,0.25,,,3.8491307505561903,,1
clean,False,fedprox,0.001,3,9,3,0.25,,,4.35208162508002,,1
clean,False,fedprox,0.001,3,9,4,0.25,,,4.062624119411395,,1
clean,False,fedprox,0.001,3,10,1,0.25,,,4.188635445947793,,1
clean,False,fedprox,0.001,3,10,2,0.25,,,3.5363148970368963,,1
clean,False,fedprox,0.001,3,10,3,0.25,,,4.648134105016134,,1
clean,False,fedprox,0.001,3,10,4,0.25,,,4.084399803042488,,1
clean,False,fedprox,0.001,3,11,1,0.25,,,4.836172383151659,,1
clean,False,fedprox,0.001,3,11,2,0.25,,,3.380048396830017,,1
clean,False,fedprox,0.001,3,11,3,0.25,,,4.707978864276197,,1
clean,False,fedprox,0.001,3,11,4,0.25,,,4.242845671783383,,1
clean,False,fedprox,0.001,3,12,1,0.25,,,4.173004522521673,,1
clean,False,fedprox,0.001,3,12,2,0.25,,,3.919713771401008,,1
clean,False,fedprox,0.001,3,12,3,0.25,,,4.736134859174985,,1
clean,False,fedprox,0.001,3,12,4,0.25,,,3.906190200248374,,1
clean,False,fedprox,0.001,3,13,1,0.25,,,4.492820923688536,,1
clean,False,fedprox,0.001,3,13,2,0.25,,,3.8866034501865685,,1
clean,False,fedprox,0.001,3,13,3,0.25,,,4.656499816671324,,1
clean,False,fedprox,0.001,3,13,4,0.25,,,3.9478545830549923,,1
clean,False,fedprox,0.001,3,14,1,0.25,,,4.089132024842317,,1
clean,False,fedprox,0.001,3,14,2,0.25,,,3.70758902507675,,1
clean,False,fedprox,0.001,3,14,3,0.25,,,4.415674284663029,,1
clean,False,fedprox,0.001,3,14,4,0.25,,,5.196617555230636,,1
clean,False,fedprox,0.001,3,15,1,0.25,,,4.643138671460761,,1
clean,False,fedprox,0.001,3,15,2,0.25,,,4.1417045534355115,,1
clean,False,fedprox,0.001,3,15,3,0.25,,,4.922460650346215,,1
clean,False,fedprox,0.001,3,15,4,0.25,,,4.979369941560275,,1
clean,False,fedprox,0.001,3,16,1,0.25,,,4.423792172898876,,1
clean,False,fedprox,0.001,3,16,2,0.25,,,3.9637340440831883,,1
clean,False,fedprox,0.001,3,16,3,0.25,,,4.8759287449399125,,1
clean,False,fedprox,0.001,3,16,4,0.25,,,4.401360281048769,,1
clean,False,fedprox,0.001,3,17,1,0.25,,,4.483501553167544,,1
clean,False,fedprox,0.001,3,17,2,0.25,,,4.772902938649525,,1
clean,False,fedprox,0.001,3,17,3,0.25,,,4.543001647980525,,1
clean,False,fedprox,0.001,3,17,4,0.25,,,5.449249850828369,,1
clean,False,fedprox,0.001,3,18,1,0.25,,,4.58762158571646,,1
clean,False,fedprox,0.001,3,18,2,0.25,,,4.057968394110615,,1
clean,False,fedprox,0.001,3,18,3,0.25,,,4.672250111157912,,1
clean,False,fedprox,0.001,3,18,4,0.25,,,4.424065394883992,,1
clean,False,fedprox,0.001,3,19,1,0.25,,,4.304898976247594,,1
clean,False,fedprox,0.001,3,19,2,0.25,,,4.033367150608046,,1
clean,False,fedprox,0.001,3,19,3,0.25,,,5.131636553199336,,1
clean,False,fedprox,0.001,3,19,4,0.25,,,4.211828073114662,,1
clean,False,fedprox,0.001,3,20,1,0.25,,,5.364587131630165,,1
clean,False,fedprox,0.001,3,20,2,0.25,,,4.1866308775154835,,1
clean,False,fedprox,0.001,3,20,3,0.25,,,4.207614595834746,,1
clean,False,fedprox,0.001,3,20,4,0.25,,,4.5354164426054515,,1
clean,False,fedprox,0.001,3,21,1,0.25,,,4.408769194486329,,1
clean,False,fedprox,0.001,3,21,2,0.25,,,4.158872207839779,,1
clean,False,fedprox,0.001,3,21,3,0.25,,,5.152357873384405,,1
clean,False,fedprox,0.001,3,21,4,0.25,,,4.710205012262591,,1
clean,False,fedprox,0.001,3,22,1,0.25,,,4.5418291621979465,,1
clean,False,fedprox,0.001,3,22,2,0.25,,,4.302111196286175,,1
clean,False,fedprox,0.001,3,22,3,0.25,,,5.055823724965511,,1
clean,False,fedprox,0.001,3,22,4,0.25,,,4.298481465376175,,1
clean,False,fedprox,0.001,3,23,1,0.25,,,4.874500551219909,,1
clean,False,fedprox,0.001,3,23,2,0.25,,,4.592303594726538,,1
clean,False,fedprox,0.001,3,23,3,0.25,,,4.5249758304952215,,1
clean,False,fedprox,0.001,3,23,4,0.25,,,4.566681849104769,,1
clean,False,fedprox,0.001,3,24,1,0.25,,,4.673546767211517,,1
clean,False,fedprox,0.001,3,24,2,0.25,,,4.7197744607855086,,1
clean,False,fedprox,0.001,3,24,3,0.25,,,4.823135516779594,,1
clean,False,fedprox,0.001,3,24,4,0.25,,,4.76381951865974,,1
clean,False,fedprox,0.001,3,25,1,0.25,,,4.607468875282033,,1
clean,False,fedprox,0.001,3,25,2,0.25,,,4.037509420199534,,1
clean,False,fedprox,0.001,3,25,3,0.25,,,4.887000663819887,,1
clean,False,fedprox,0.001,3,25,4,0.25,,,5.2535690824365675,,1
clean,False,fedprox,0.001,3,26,1,0.25,,,4.539106235309677,,1
clean,False,fedprox,0.001,3,26,2,0.25,,,4.295913116531288,,1
clean,False,fedprox,0.001,3,26,3,0.25,,,5.180535956803236,,1
clean,False,fedprox,0.001,3,26,4,0.25,,,4.299699700989521,,1
clean,False,fedprox,0.001,3,27,1,0.25,,,4.537745720704582,,1
clean,False,fedprox,0.001,3,27,2,0.25,,,4.684695779760515,,1
clean,False,fedprox,0.001,3,27,3,0.25,,,5.474690793598114,,1
clean,False,fedprox,0.001,3,27,4,0.25,,,4.007057392029905,,1
clean,False,fedprox,0.001,3,28,1,0.25,,,4.6543747817353855,,1
clean,False,fedprox,0.001,3,28,2,0.25,,,4.266103999258122,,1
clean,False,fedprox,0.001,3,28,3,0.25,,,4.938285957937146,,1
clean,False,fedprox,0.001,3,28,4,0.25,,,5.2799675958246555,,1
clean,False,fedprox,0.001,3,29,1,0.25,,,4.249394956664907,,1
clean,False,fedprox,0.001,3,29,2,0.25,,,4.3334674392164345,,1
clean,False,fedprox,0.001,3,29,3,0.25,,,5.313950537628092,,1
clean,False,fedprox,0.001,3,29,4,0.25,,,4.539525105255375,,1
clean,False,fedprox,0.001,3,30,1,0.25,,,4.930431128849269,,1
clean,False,fedprox,0.001,3,30,2,0.25,,,4.440373633918667,,1
clean,False,fedprox,0.001,3,30,3,0.25,,,4.753678764794174,,1
clean,False,fedprox,0.001,3,30,4,0.25,,,5.331837897465549,,1
clean,False,fedprox,0.001,4,1,1,0.25,,,4.68245300179268,,1
clean,False,fedprox,0.001,4,1,2,0.25,,,4.09728456694137,,1
clean,False,fedprox,0.001,4,1,3,0.25,,,4.503498877685912,,1
clean,False,fedprox,0.001,4,1,4,0.25,,,4.227184461493403,,1
clean,False,fedprox,0.001,4,2,1,0.25,,,4.692662567824031,,1
clean,False,fedprox,0.001,4,2,2,0.25,,,3.9301500563329412,,1
clean,False,fedprox,0.001,4,2,3,0.25,,,4.527080118447161,,1
clean,False,fedprox,0.001,4,2,4,0.25,,,4.776236793857553,,1
clean,False,fedprox,0.001,4,3,1,0.25,,,4.3702754636775,,1
clean,False,fedprox,0.001,4,3,2,0.25,,,4.286479255610413,,1
clean,False,fedprox,0.001,4,3,3,0.25,,,4.2488721632369355,,1
clean,False,fedprox,0.001,4,3,4,0.25,,,5.010083900592408,,1
clean,False,fedprox,0.001,4,4,1,0.25,,,4.273515126861509,,1
clean,False,fedprox,0.001,4,4,2,0.25,,,3.85866625979114,,1
clean,False,fedprox,0.001,4,4,3,0.25,,,4.215859048446547,,1
clean,False,fedprox,0.001,4,4,4,0.25,,,4.798009553285201,,1
clean,False,fedprox,0.001,4,5,1,0.25,,,4.230031130612081,,1
clean,False,fedprox,0.001,4,5,2,0.25,,,3.7855760579481745,,1
clean,False,fedprox,0.001,4,5,3,0.25,,,4.295145314710007,,1
clean,False,fedprox,0.001,4,5,4,0.25,,,4.837551100657406,,1
clean,False,fedprox,0.001,4,6,1,0.25,,,4.008945081689576,,1
clean,False,fedprox,0.001,4,6,2,0.25,,,3.838752680536532,,1
clean,False,fedprox,0.001,4,6,3,0.25,,,4.504886063961225,,1
clean,False,fedprox,0.001,4,6,4,0.25,,,4.824033709847181,,1
clean,False,fedprox,0.001,4,7,1,0.25,,,4.616381471378886,,1
clean,False,fedprox,0.001,4,7,2,0.25,,,4.111255285620745,,1
clean,False,fedprox,0.001,4,7,3,0.25,,,4.667958643257171,,1
clean,False,fedprox,0.001,4,7,4,0.25,,,4.677052067209402,,1
clean,False,fedprox,0.001,4,8,1,0.25,,,4.066183092385795,,1
clean,False,fedprox,0.001,4,8,2,0.25,,,4.181003774855466,,1
clean,False,fedprox,0.001,4,8,3,0.25,,,4.470919444136519,,1
clean,False,fedprox,0.001,4,8,4,0.25,,,5.0707923270059645,,1
clean,False,fedprox,0.001,4,9,1,0.25,,,4.228715376372556,,1
clean,False,fedprox,0.001,4,9,2,0.25,,,4.017438280524598,,1
clean,False,fedprox,0.001,4,9,3,0.25,,,4.34708433153743,,1
clean,False,fedprox,0.001,4,9,4,0.25,,,4.836830847479958,,1
clean,False,fedprox,0.001,4,10,1,0.25,,,4.536218442648139,,1
clean,False,fedprox,0.001,4,10,2,0.25,,,3.9909491834251676,,1
clean,False,fedprox,0.001,4,10,3,0.25,,,4.643477312465772,,1
clean,False,fedprox,0.001,4,10,4,0.25,,,4.596458312713835,,1
clean,False,fedprox,0.001,4,11,1,0.25,,,4.191367446700839,,1
clean,False,fedprox,0.001,4,11,2,0.25,,,3.684119292981259,,1
clean,False,fedprox,0.001,4,11,3,0.25,,,4.398341374716517,,1
clean,False,fedprox,0.001,4,11,4,0.25,,,4.751036481638565,,1
clean,False,fedprox,0.001,4,12,1,0.25,,,4.283142527693823,,1
clean,False,fedprox,0.001,4,12,2,0.25,,,3.8164777103919914,,1
clean,False,fedprox,0.001,4,12,3,0.25,,,4.47084494558902,,1
clean,False,fedprox,0.001,4,12,4,0.25,,,4.665170084866432,,1
clean,False,fedprox,0.001,4,13,1,0.25,,,4.196192113544134,,1
clean,False,fedprox,0.001,4,13,2,0.25,,,3.8040431925353335,,1
clean,False,fedprox,0.001,4,13,3,0.25,,,4.290515965855765,,1
clean,False,fedprox,0.001,4,13,4,0.25,,,3.90325772471799,,1
clean,False,fedprox,0.001,4,14,1,0.25,,,4.511425322529493,,1
clean,False,fedprox,0.001,4,14,2,0.25,,,3.8276610238053865,,1
clean,False,fedprox,0.001,4,14,3,0.25,,,4.106640205469018,,1
clean,False,fedprox,0.001,4,14,4,0.25,,,3.9452986451730214,,1
clean,False,fedprox,0.001,4,15,1,0.25,,,5.095446168169738,,1
clean,False,fedprox,0.001,4,15,2,0.25,,,3.973374584501567,,1
clean,False,fedprox,0.001,4,15,3,0.25,,,4.711978631202523,,1
clean,False,fedprox,0.001,4,15,4,0.25,,,4.724863453818965,,1
clean,False,fedprox,0.001,4,16,1,0.25,,,4.223905783122678,,1
clean,False,fedprox,0.001,4,16,2,0.25,,,4.378413053043279,,1
clean,False,fedprox,0.001,4,16,3,0.25,,,4.58817087752067,,1
clean,False,fedprox,0.001,4,16,4,0.25,,,4.353085484519014,,1
clean,False,fedprox,0.001,4,17,1,0.25,,,4.078493494313055,,1
clean,False,fedprox,0.001,4,17,2,0.25,,,3.9343467106930263,,1
clean,False,fedprox,0.001,4,17,3,0.25,,,4.101816662773793,,1
clean,False,fedprox,0.001,4,17,4,0.25,,,4.702176251176724,,1
clean,False,fedprox,0.001,4,18,1,0.25,,,3.8214967019816735,,1
clean,False,fedprox,0.001,4,18,2,0.25,,,4.0929910183856295,,1
clean,False,fedprox,0.001,4,18,3,0.25,,,4.448216267588708,,1
clean,False,fedprox,0.001,4,18,4,0.25,,,3.9412394509317004,,1
clean,False,fedprox,0.001,4,19,1,0.25,,,4.83736545200374,,1
clean,False,fedprox,0.001,4,19,2,0.25,,,4.146370339243273,,1
clean,False,fedprox,0.001,4,19,3,0.25,,,4.543210500506462,,1
clean,False,fedprox,0.001,4,19,4,0.25,,,4.539844604500204,,1
clean,False,fedprox,0.001,4,20,1,0.25,,,4.554140052066939,,1
clean,False,fedprox,0.001,4,20,2,0.25,,,4.17842571521681,,1
clean,False,fedprox,0.001,4,20,3,0.25,,,4.550753908094441,,1
clean,False,fedprox,0.001,4,20,4,0.25,,,4.4121293182627666,,1
clean,False,fedprox,0.001,4,21,1,0.25,,,4.5279678396584755,,1
clean,False,fedprox,0.001,4,21,2,0.25,,,4.052268046490714,,1
clean,False,fedprox,0.001,4,21,3,0.25,,,5.205145314615017,,1
clean,False,fedprox,0.001,4,21,4,0.25,,,4.106737024789996,,1
clean,False,fedprox,0.001,4,22,1,0.25,,,4.106263342134563,,1
clean,False,fedprox,0.001,4,22,2,0.25,,,4.214291564221997,,1
clean,False,fedprox,0.001,4,22,3,0.25,,,4.927919604403125,,1
clean,False,fedprox,0.001,4,22,4,0.25,,,4.855358511105113,,1
clean,False,fedprox,0.001,4,23,1,0.25,,,4.584212315049659,,1
clean,False,fedprox,0.001,4,23,2,0.25,,,4.017093525522162,,1
clean,False,fedprox,0.001,4,23,3,0.25,,,5.089825565542088,,1
clean,False,fedprox,0.001,4,23,4,0.25,,,4.395947872198174,,1
clean,False,fedprox,0.001,4,24,1,0.25,,,4.3148594335701285,,1
clean,False,fedprox,0.001,4,24,2,0.25,,,3.799950145648273,,1
clean,False,fedprox,0.001,4,24,3,0.25,,,4.806276083030219,,1
clean,False,fedprox,0.001,4,24,4,0.25,,,5.550840721448316,,1
clean,False,fedprox,0.001,4,25,1,0.25,,,4.367560438456036,,1
clean,False,fedprox,0.001,4,25,2,0.25,,,3.95232790579327,,1
clean,False,fedprox,0.001,4,25,3,0.25,,,4.300098619645569,,1
clean,False,fedprox,0.001,4,25,4,0.25,,,4.311793625423599,,1
clean,False,fedprox,0.001,4,26,1,0.25,,,4.174365563603826,,1
clean,False,fedprox,0.001,4,26,2,0.25,,,4.0611022269407915,,1
clean,False,fedprox,0.001,4,26,3,0.25,,,4.476846915271989,,1
clean,False,fedprox,0.001,4,26,4,0.25,,,4.099445277563842,,1
clean,False,fedprox,0.001,4,27,1,0.25,,,4.488500320543029,,1
clean,False,fedprox,0.001,4,27,2,0.25,,,4.420944262267603,,1
clean,False,fedprox,0.001,4,27,3,0.25,,,4.891634524370109,,1
clean,False,fedprox,0.001,4,27,4,0.25,,,4.799589273698559,,1
clean,False,fedprox,0.001,4,28,1,0.25,,,4.524604798110228,,1
clean,False,fedprox,0.001,4,28,2,0.25,,,4.151128215565713,,1
clean,False,fedprox,0.001,4,28,3,0.25,,,5.13003754350615,,1
clean,False,fedprox,0.001,4,28,4,0.25,,,4.609940829933015,,1
clean,False,fedprox,0.001,4,29,1,0.25,,,4.984365903287571,,1
clean,False,fedprox,0.001,4,29,2,0.25,,,3.9856491786210704,,1
clean,False,fedprox,0.001,4,29,3,0.25,,,4.394143956961339,,1
clean,False,fedprox,0.001,4,29,4,0.25,,,4.694938149912753,,1
clean,False,fedprox,0.001,4,30,1,0.25,,,5.319281858702381,,1
clean,False,fedprox,0.001,4,30,2,0.25,,,4.172775429544868,,1
clean,False,fedprox,0.001,4,30,3,0.25,,,4.6323342766250475,,1
clean,False,fedprox,0.001,4,30,4,0.25,,,4.130977289918796,,1
clean,False,fedprox,0.01,0,1,1,0.25,,,2.8908827821023997,,1
clean,False,fedprox,0.01,0,1,2,0.25,,,2.4942628560299087,,1
clean,False,fedprox,0.01,0,1,3,0.25,,,2.3661939889580434,,1
clean,False,fedprox,0.01,0,1,4,0.25,,,2.593835166368134,,1
clean,False,fedprox,0.01,0,2,1,0.25,,,2.2777349673508764,,1
clean,False,fedprox,0.01,0,2,2,0.25,,,2.034484551121364,,1
clean,False,fedprox,0.01,0,2,3,0.25,,,2.056601649711804,,1
clean,False,fedprox,0.01,0,2,4,0.25,,,2.4806265596073014,,1
clean,False,fedprox,0.01,0,3,1,0.25,,,2.2735365831282164,,1
clean,False,fedprox,0.01,0,3,2,0.25,,,2.2124170096868307,,1
clean,False,fedprox,0.01,0,3,3,0.25,,,1.9499286234116688,,1
clean,False,fedprox,0.01,0,3,4,0.25,,,2.091538125278563,,1
clean,False,fedprox,0.01,0,4,1,0.25,,,2.079165059713621,,1
clean,False,fedprox,0.01,0,4,2,0.25,,,2.0399161594545463,,1
clean,False,fedprox,0.01,0,4,3,0.25,,,2.048249953295809,,1
clean,False,fedprox,0.01,0,4,4,0.25,,,2.3193282256812444,,1
clean,False,fedprox,0.01,0,5,1,0.25,,,2.1258960941938185,,1
clean,False,fedprox,0.01,0,5,2,0.25,,,1.948727911809979,,1
clean,False,fedprox,0.01,0,5,3,0.25,,,2.2639443063622924,,1
clean,False,fedprox,0.01,0,5,4,0.25,,,2.3012593675540454,,1
clean,False,fedprox,0.01,0,6,1,0.25,,,1.854249405976286,,1
clean,False,fedprox,0.01,0,6,2,0.25,,,1.8370884654185933,,1
clean,False,fedprox,0.01,0,6,3,0.25,,,2.1965521747711483,,1
clean,False,fedprox,0.01,0,6,4,0.25,,,2.1452810291568367,,1
clean,False,fedprox,0.01,0,7,1,0.25,,,1.9098713996253054,,1
clean,False,fedprox,0.01,0,7,2,0.25,,,1.914503638061713,,1
clean,False,fedprox,0.01,0,7,3,0.25,,,2.308413863894412,,1
clean,False,fedprox,0.01,0,7,4,0.25,,,2.093054532684512,,1
clean,False,fedprox,0.01,0,8,1,0.25,,,2.1585669411704247,,1
clean,False,fedprox,0.01,0,8,2,0.25,,,1.993201996728328,,1
clean,False,fedprox,0.01,0,8,3,0.25,,,2.19091451760227,,1
clean,False,fedprox,0.01,0,8,4,0.25,,,2.045489319639754,,1
clean,False,fedprox,0.01,0,9,1,0.25,,,2.038613059478841,,1
clean,False,fedprox,0.01,0,9,2,0.25,,,2.052329700910388,,1
clean,False,fedprox,0.01,0,9,3,0.25,,,2.093715196307479,,1
clean,False,fedprox,0.01,0,9,4,0.25,,,2.622646418892091,,1
clean,False,fedprox,0.01,0,10,1,0.25,,,2.0436626352596625,,1
clean,False,fedprox,0.01,0,10,2,0.25,,,1.7877672870072638,,1
clean,False,fedprox,0.01,0,10,3,0.25,,,2.066629622872959,,1
clean,False,fedprox,0.01,0,10,4,0.25,,,1.7865180092236068,,1
clean,False,fedprox,0.01,0,11,1,0.25,,,2.2012889403490945,,1
clean,False,fedprox,0.01,0,11,2,0.25,,,1.8534999461267345,,1
clean,False,fedprox,0.01,0,11,3,0.25,,,1.8782679047880537,,1
clean,False,fedprox,0.01,0,11,4,0.25,,,1.7460558352733602,,1
clean,False,fedprox,0.01,0,12,1,0.25,,,2.036553672352383,,1
clean,False,fedprox,0.01,0,12,2,0.25,,,2.1007452272397797,,1
clean,False,fedprox,0.01,0,12,3,0.25,,,2.0567115715180013,,1
clean,False,fedprox,0.01,0,12,4,0.25,,,2.090461426733041,,1
clean,False,fedprox,0.01,0,13,1,0.25,,,2.1610879466407344,,1
clean,False,fedprox,0.01,0,13,2,0.25,,,1.891514452496356,,1
clean,False,fedprox,0.01,0,13,3,0.25,,,1.8729317702056252,,1
clean,False,fedprox,0.01,0,13,4,0.25,,,1.938728332515235,,1
clean,False,fedprox,0.01,0,14,1,0.25,,,2.037431138548388,,1
clean,False,fedprox,0.01,0,14,2,0.25,,,2.0790099893736804,,1
clean,False,fedprox,0.01,0,14,3,0.25,,,1.9305493445734467,,1
clean,False,fedprox,0.01,0,14,4,0.25,,,2.232447542957622,,1
clean,False,fedprox,0.01,0,15,1,0.25,,,1.9675212311050423,,1
clean,False,fedprox,0.01,0,15,2,0.25,,,1.805405479295059,,1
clean,False,fedprox,0.01,0,15,3,0.25,,,1.9422658342402577,,1
clean,False,fedprox,0.01,0,15,4,0.25,,,1.991847884688433,,1
clean,False,fedprox,0.01,0,16,1,0.25,,,2.3541933761561147,,1
clean,False,fedprox,0.01,0,16,2,0.25,,,2.041630893419456,,1
clean,False,fedprox,0.01,0,16,3,0.25,,,1.796811469893232,,1
clean,False,fedprox,0.01,0,16,4,0.25,,,2.3586156156192675,,1
clean,False,fedprox,0.01,0,17,1,0.25,,,1.8860156794295715,,1
clean,False,fedprox,0.01,0,17,2,0.25,,,1.903063768025557,,1
clean,False,fedprox,0.01,0,17,3,0.25,,,1.9539542739604434,,1
clean,False,fedprox,0.01,0,17,4,0.25,,,2.1384877192710388,,1
clean,False,fedprox,0.01,0,18,1,0.25,,,2.2082333826100284,,1
clean,False,fedprox,0.01,0,18,2,0.25,,,2.0520787990193545,,1
clean,False,fedprox,0.01,0,18,3,0.25,,,2.0189020829313464,,1
clean,False,fedprox,0.01,0,18,4,0.25,,,2.092639347728798,,1
clean,False,fedprox,0.01,0,19,1,0.25,,,2.1541507617024434,,1
clean,False,fedprox,0.01,0,19,2,0.25,,,1.8034656003496257,,1
clean,False,fedprox,0.01,0,19,3,0.25,,,2.015238147416243,,1
clean,False,fedprox,0.01,0,19,4,0.25,,,2.1560775571960384,,1
clean,False,fedprox,0.01,0,20,1,0.25,,,2.196792243422135,,1
clean,False,fedprox,0.01,0,20,2,0.25,,,2.0289080360999474,,1
clean,False,fedprox,0.01,0,20,3,0.25,,,1.8403340382640232,,1
clean,False,fedprox,0.01,0,20,4,0.25,,,1.8702424063332348,,1
clean,False,fedprox,0.01,0,21,1,0.25,,,1.8735953803788825,,1
clean,False,fedprox,0.01,0,21,2,0.25,,,1.834394620463334,,1
clean,False,fedprox,0.01,0,21,3,0.25,,,2.121023229879998,,1
clean,False,fedprox,0.01,0,21,4,0.25,,,2.260928472846986,,1
clean,False,fedprox,0.01,0,22,1,0.25,,,2.03481243361709,,1
clean,False,fedprox,0.01,0,22,2,0.25,,,2.0315144871910578,,1
clean,False,fedprox,0.01,0,22,3,0.25,,,1.9271086233068249,,1
clean,False,fedprox,0.01,0,22,4,0.25,,,1.9425934300924528,,1
clean,False,fedprox,0.01,0,23,1,0.25,,,2.2026686953653503,,1
clean,False,fedprox,0.01,0,23,2,0.25,,,1.9439525271396558,,1
clean,False,fedprox,0.01,0,23,3,0.25,,,1.9619563192107243,,1
clean,False,fedprox,0.01,0,23,4,0.25,,,1.8243578360347026,,1
clean,False,fedprox,0.01,0,24,1,0.25,,,2.0204422494695775,,1
clean,False,fedprox,0.01,0,24,2,0.25,,,1.8579338590625007,,1
clean,False,fedprox,0.01,0,24,3,0.25,,,1.8084898893809773,,1
clean,False,fedprox,0.01,0,24,4,0.25,,,1.9228730546390818,,1
clean,False,fedprox,0.01,0,25,1,0.25,,,2.324307744761351,,1
clean,False,fedprox,0.01,0,25,2,0.25,,,1.745506562481931,,1
clean,False,fedprox,0.01,0,25,3,0.25,,,1.9023849714323284,,1
clean,False,fedprox,0.01,0,25,4,0.25,,,2.0652755390286686,,1
clean,False,fedprox,0.01,0,26,1,0.25,,,1.706425670939585,,1
clean,False,fedprox,0.01,0,26,2,0.25,,,1.9885087740394096,,1
clean,False,fedprox,0.01,0,26,3,0.25,,,1.9319606384775778,,1
clean,False,fedprox,0.01,0,26,4,0.25,,,1.917244911450104,,1
clean,False,fedprox,0.01,0,27,1,0.25,,,2.022604514680453,,1
clean,False,fedprox,0.01,0,27,2,0.25,,,2.1453955007629193,,1
clean,False,fedprox,0.01,0,27,3,0.25,,,2.0276570969166743,,1
clean,False,fedprox,0.01,0,27,4,0.25,,,1.9159605031127798,,1
clean,False,fedprox,0.01,0,28,1,0.25,,,1.941815361173478,,1
clean,False,fedprox,0.01,0,28,2,0.25,,,1.9482258390901581,,1
clean,False,fedprox,0.01,0,28,3,0.25,,,2.2055621437473807,,1
clean,False,fedprox,0.01,0,28,4,0.25,,,1.6464205980595839,,1
clean,False,fedprox,0.01,0,29,1,0.25,,,1.9790022911202196,,1
clean,False,fedprox,0.01,0,29,2,0.25,,,1.7767240250521872,,1
clean,False,fedprox,0.01,0,29,3,0.25,,,1.9840141036460937,,1
clean,False,fedprox,0.01,0,29,4,0.25,,,1.9265378738454921,,1
clean,False,fedprox,0.01,0,30,1,0.25,,,1.9856210684841396,,1
clean,False,fedprox,0.01,0,30,2,0.25,,,1.744461368333637,,1
clean,False,fedprox,0.01,0,30,3,0.25,,,2.4296435251627164,,1
clean,False,fedprox,0.01,0,30,4,0.25,,,1.9553366102004641,,1
clean,False,fedprox,0.01,1,1,1,0.25,,,2.8874046894068663,,1
clean,False,fedprox,0.01,1,1,2,0.25,,,2.6880416904623505,,1
clean,False,fedprox,0.01,1,1,3,0.25,,,2.479409721005973,,1
clean,False,fedprox,0.01,1,1,4,0.25,,,2.860128825977401,,1
clean,False,fedprox,0.01,1,2,1,0.25,,,2.392968485741995,,1
clean,False,fedprox,0.01,1,2,2,0.25,,,2.103698075086411,,1
clean,False,fedprox,0.01,1,2,3,0.25,,,2.054373626240805,,1
clean,False,fedprox,0.01,1,2,4,0.25,,,2.2985280776883843,,1
clean,False,fedprox,0.01,1,3,1,0.25,,,2.0844274269423755,,1
clean,False,fedprox,0.01,1,3,2,0.25,,,2.125848916232206,,1
clean,False,fedprox,0.01,1,3,3,0.25,,,1.818321244241044,,1
clean,False,fedprox,0.01,1,3,4,0.25,,,2.4160753613186827,,1
clean,False,fedprox,0.01,1,4,1,0.25,,,2.1236827077998526,,1
clean,False,fedprox,0.01,1,4,2,0.25,,,1.9393842524842728,,1
clean,False,fedprox,0.01,1,4,3,0.25,,,1.8187695804359678,,1
clean,False,fedprox,0.01,1,4,4,0.25,,,2.4389807290881342,,1
clean,False,fedprox,0.01,1,5,1,0.25,,,2.0296460088005284,,1
clean,False,fedprox,0.01,1,5,2,0.25,,,2.2143017992968836,,1
clean,False,fedprox,0.01,1,5,3,0.25,,,1.974561429845819,,1
clean,False,fedprox,0.01,1,5,4,0.25,,,1.923022861810999,,1
clean,False,fedprox,0.01,1,6,1,0.25,,,2.1358031457715985,,1
clean,False,fedprox,0.01,1,6,2,0.25,,,2.065141000503397,,1
clean,False,fedprox,0.01,1,6,3,0.25,,,1.7857013628397505,,1
clean,False,fedprox,0.01,1,6,4,0.25,,,2.1514105249960402,,1
clean,False,fedprox,0.01,1,7,1,0.25,,,2.0156369403447374,,1
clean,False,fedprox,0.01,1,7,2,0.25,,,1.759147367018821,,1
clean,False,fedprox,0.01,1,7,3,0.25,,,1.8846011871698591,,1
clean,False,fedprox,0.01,1,7,4,0.25,,,2.2402105526090614,,1
clean,False,fedprox,0.01,1,8,1,0.25,,,2.1378176454473863,,1
clean,False,fedprox,0.01,1,8,2,0.25,,,2.1152778058253197,,1
clean,False,fedprox,0.01,1,8,3,0.25,,,1.9204758758454425,,1
clean,False,fedprox,0.01,1,8,4,0.25,,,2.2883934604996865,,1
clean,False,fedprox,0.01,1,9,1,0.25,,,2.0731364672262744,,1
clean,False,fedprox,0.01,1,9,2,0.25,,,1.905748152407248,,1
clean,False,fedprox,0.01,1,9,3,0.25,,,1.7753275036357665,,1
clean,False,fedprox,0.01,1,9,4,0.25,,,1.9840900612911048,,1
clean,False,fedprox,0.01,1,10,1,0.25,,,2.312647941492391,,1
clean,False,fedprox,0.01,1,10,2,0.25,,,1.9848651613072452,,1
clean,False,fedprox,0.01,1,10,3,0.25,,,2.003880509355766,,1
clean,False,fedprox,0.01,1,10,4,0.25,,,2.008873612869716,,1
clean,False,fedprox,0.01,1,11,1,0.25,,,2.0223657755831033,,1
clean,False,fedprox,0.01,1,11,2,0.25,,,1.9186580279881194,,1
clean,False,fedprox,0.01,1,11,3,0.25,,,1.9257169447647764,,1
clean,False,fedprox,0.01,1,11,4,0.25,,,1.6624248866927644,,1
clean,False,fedprox,0.01,1,12,1,0.25,,,1.9813913083532306,,1
clean,False,fedprox,0.01,1,12,2,0.25,,,2.0080060282729555,,1
clean,False,fedprox,0.01,1,12,3,0.25,,,1.8697929319361375,,1
clean,False,fedprox,0.01,1,12,4,0.25,,,2.094121117009559,,1
clean,False,fedprox,0.01,1,13,1,0.25,,,2.0340738915211527,,1
clean,False,fedprox,0.01,1,13,2,0.25,,,1.771908785838974,,1
clean,False,fedprox,0.01,1,13,3,0.25,,,2.3136352871736476,,1
clean,False,fedprox,0.01,1,13,4,0.25,,,2.1852136061177636,,1
clean,False,fedprox,0.01,1,14,1,0.25,,,1.8655493314766785,,1
clean,False,fedprox,0.01,1,14,2,0.25,,,1.8758258243224524,,1
clean,False,fedprox,0.01,1,14,3,0.25,,,1.8381979729102966,,1
clean,False,fedprox,0.01,1,14,4,0.25,,,2.154065219234831,,1
clean,False,fedprox,0.01,1,15,1,0.25,,,2.0627415539087566,,1
clean,False,fedprox,0.01,1,15,2,0.25,,,2.0623625914298143,,1
clean,False,fedprox,0.01,1,15,3,0.25,,,2.0159178903941446,,1
clean,False,fedprox,0.01,1,15,4,0.25,,,1.721604038497846,,1
clean,False,fedprox,0.01,1,16,1,0.25,,,2.0938830003449977,,1
clean,False,fedprox,0.01,1,16,2,0.25,,,1.783516089084122,,1
clean,False,fedprox,0.01,1,16,3,0.25,,,2.1261755366565662,,1
clean,False,fedprox,0.01,1,16,4,0.25,,,2.261696226352289,,1
clean,False,fedprox,0.01,1,17,1,0.25,,,2.0827364215849746,,1
clean,False,fedprox,0.01,1,17,2,0.25,,,2.039288587960771,,1
clean,False,fedprox,0.01,1,17,3,0.25,,,2.1004960479426797,,1
clean,False,fedprox,0.01,1,17,4,0.25,,,2.1042539944294645,,1
clean,False,fedprox,0.01,1,18,1,0.25,,,2.0938284001908376,,1
clean,False,fedprox,0.01,1,18,2,0.25,,,1.9079045145051332,,1
clean,False,fedprox,0.01,1,18,3,0.25,,,2.2150591490598797,,1
clean,False,fedprox,0.01,1,18,4,0.25,,,2.422172992429466,,1
clean,False,fedprox,0.01,1,19,1,0.25,,,2.169528304877964,,1
clean,False,fedprox,0.01,1,19,2,0.25,,,2.0459544833838046,,1
clean,False,fedprox,0.01,1,19,3,0.25,,,2.05170333428708,,1
clean,False,fedprox,0.01,1,19,4,0.25,,,1.9053316883960896,,1
clean,False,fedprox,0.01,1,20,1,0.25,,,1.9750808208142339,,1
clean,False,fedprox,0.01,1,20,2,0.25,,,1.8725925628363442,,1
clean,False,fedprox,0.01,1,20,3,0.25,,,1.909512369956291,,1
clean,False,fedprox,0.01,1,20,4,0.25,,,1.7543960942893169,,1
clean,False,fedprox,0.01,1,21,1,0.25,,,1.941862228509672,,1
clean,False,fedprox,0.01,1,21,2,0.25,,,1.8919877707512198,,1
clean,False,fedprox,0.01,1,21,3,0.25,,,1.7934683833483174,,1
clean,False,fedprox,0.01,1,21,4,0.25,,,1.8279356494976522,,1
clean,False,fedprox,0.01,1,22,1,0.25,,,1.9124471039039665,,1
clean,False,fedprox,0.01,1,22,2,0.25,,,1.9698986269475072,,1
clean,False,fedprox,0.01,1,22,3,0.25,,,2.286785051266365,,1
clean,False,fedprox,0.01,1,22,4,0.25,,,1.8101676043096024,,1
clean,False,fedprox,0.01,1,23,1,0.25,,,2.134503036340278,,1
clean,False,fedprox,0.01,1,23,2,0.25,,,1.8399894477107084,,1
clean,False,fedprox,0.01,1,23,3,0.25,,,1.7443811891595606,,1
clean,False,fedprox,0.01,1,23,4,0.25,,,2.1083264656099248,,1
clean,False,fedprox,0.01,1,24,1,0.25,,,1.9372849512921018,,1
clean,False,fedprox,0.01,1,24,2,0.25,,,2.011738949532325,,1
clean,False,fedprox,0.01,1,24,3,0.25,,,1.8322138133680073,,1
clean,False,fedprox,0.01,1,24,4,0.25,,,1.8570048353510067,,1
clean,False,fedprox,0.01,1,25,1,0.25,,,1.863136333813055,,1
clean,False,fedprox,0.01,1,25,2,0.25,,,1.8814916259889714,,1
clean,False,fedprox,0.01,1,25,3,0.25,,,1.9110351414793436,,1
clean,False,fedprox,0.01,1,25,4,0.25,,,1.9081759362646817,,1
clean,False,fedprox,0.01,1,26,1,0.25,,,1.7544124715960672,,1
clean,False,fedprox,0.01,1,26,2,0.25,,,1.8937128193844999,,1
clean,False,fedprox,0.01,1,26,3,0.25,,,1.6957565258778715,,1
clean,False,fedprox,0.01,1,26,4,0.25,,,1.8205640777157983,,1
clean,False,fedprox,0.01,1,27,1,0.25,,,2.2060461055328076,,1
clean,False,fedprox,0.01,1,27,2,0.25,,,1.7845877261455183,,1
clean,False,fedprox,0.01,1,27,3,0.25,,,2.0923908180862982,,1
clean,False,fedprox,0.01,1,27,4,0.25,,,1.870749250978877,,1
clean,False,fedprox,0.01,1,28,1,0.25,,,2.182558628364724,,1
clean,False,fedprox,0.01,1,28,2,0.25,,,1.7288307252530197,,1
clean,False,fedprox,0.01,1,28,3,0.25,,,2.0866491237639386,,1
clean,False,fedprox,0.01,1,28,4,0.25,,,1.7390358644720616,,1
clean,False,fedprox,0.01,1,29,1,0.25,,,2.197352702985415,,1
clean,False,fedprox,0.01,1,29,2,0.25,,,2.0319511282730605,,1
clean,False,fedprox,0.01,1,29,3,0.25,,,2.017892048363225,,1
clean,False,fedprox,0.01,1,29,4,0.25,,,1.9037822229146317,,1
clean,False,fedprox,0.01,1,30,1,0.25,,,2.0801616463483508,,1
clean,False,fedprox,0.01,1,30,2,0.25,,,2.0183685543043164,,1
clean,False,fedprox,0.01,1,30,3,0.25,,,2.02860554256058,,1
clean,False,fedprox,0.01,1,30,4,0.25,,,1.7057890405057552,,1
clean,False,fedprox,0.01,2,1,1,0.25,,,3.0994175901836343,,1
clean,False,fedprox,0.01,2,1,2,0.25,,,2.7459960653966493,,1
clean,False,fedprox,0.01,2,1,3,0.25,,,2.5708604374779114,,1
clean,False,fedprox,0.01,2,1,4,0.25,,,2.850492374407927,,1
clean,False,fedprox,0.01,2,2,1,0.25,,,2.18288119467882,,1
clean,False,fedprox,0.01,2,2,2,0.25,,,2.2131329004749407,,1
clean,False,fedprox,0.01,2,2,3,0.25,,,2.365005311770798,,1
clean,False,fedprox,0.01,2,2,4,0.25,,,2.2640588562592643,,1
clean,False,fedprox,0.01,2,3,1,0.25,,,2.224337002903107,,1
clean,False,fedprox,0.01,2,3,2,0.25,,,2.092024702835637,,1
clean,False,fedprox,0.01,2,3,3,0.25,,,2.016022397372905,,1
clean,False,fedprox,0.01,2,3,4,0.25,,,2.183494008288411,,1
clean,False,fedprox,0.01,2,4,1,0.25,,,2.149016351077248,,1
clean,False,fedprox,0.01,2,4,2,0.25,,,2.129899752115118,,1
clean,False,fedprox,0.01,2,4,3,0.25,,,2.1435704227432475,,1
clean,False,fedprox,0.01,2,4,4,0.25,,,1.7891073972901865,,1
clean,False,fedprox,0.01,2,5,1,0.25,,,2.076185461006074,,1
clean,False,fedprox,0.01,2,5,2,0.25,,,1.9491639415548372,,1
clean,False,fedprox,0.01,2,5,3,0.25,,,2.126943429451325,,1
clean,False,fedprox,0.01,2,5,4,0.25,,,2.2978454931010264,,1
clean,False,fedprox,0.01,2,6,1,0.25,,,2.1625669563675882,,1
clean,False,fedprox,0.01,2,6,2,0.25,,,1.842280566740894,,1
clean,False,fedprox,0.01,2,6,3,0.25,,,2.120794346423307,,1
clean,False,fedprox,0.01,2,6,4,0.25,,,2.237780402805906,,1
clean,False,fedprox,0.01,2,7,1,0.25,,,1.8981960038267303,,1
clean,False,fedprox,0.01,2,7,2,0.25,,,1.847304939970488,,1
clean,False,fedprox,0.01,2,7,3,0.25,,,2.1492897396143604,,1
clean,False,fedprox,0.01,2,7,4,0.25,,,2.0773658272795035,,1
clean,False,fedprox,0.01,2,8,1,0.25,,,2.0530717011064317,,1
clean,False,fedprox,0.01,2,8,2,0.25,,,1.8106507237278768,,1
clean,False,fedprox,0.01,2,8,3,0.25,,,1.8783904386377228,,1
clean,False,fedprox,0.01,2,8,4,0.25,,,1.8983005932376185,,1
clean,False,fedprox,0.01,2,9,1,0.25,,,2.054210776446684,,1
clean,False,fedprox,0.01,2,9,2,0.25,,,2.0370182227316684,,1
clean,False,fedprox,0.01,2,9,3,0.25,,,2.3353542992889738,,1
clean,False,fedprox,0.01,2,9,4,0.25,,,2.1018704158453394,,1
clean,False,fedprox,0.01,2,10,1,0.25,,,2.0651213290112507,,1
clean,False,fedprox,0.01,2,10,2,0.25,,,1.818127322852506,,1
clean,False,fedprox,0.01,2,10,3,0.25,,,2.0840323768053715,,1
clean,False,fedprox,0.01,2,10,4,0.25,,,2.0931628582460773,,1
clean,False,fedprox,0.01,2,11,1,0.25,,,2.146546142230818,,1
clean,False,fedprox,0.01,2,11,2,0.25,,,1.90466177784624,,1
clean,False,fedprox,0.01,2,11,3,0.25,,,1.8241062587097316,,1
clean,False,fedprox,0.01,2,11,4,0.25,,,1.940834726237664,,1
clean,False,fedprox,0.01,2,12,1,0.25,,,2.087255220818509,,1
clean,False,fedprox,0.01,2,12,2,0.25,,,1.8243472371368306,,1
clean,False,fedprox,0.01,2,12,3,0.25,,,1.7802967065643094,,1
clean,False,fedprox,0.01,2,12,4,0.25,,,2.1619723787478597,,1
clean,False,fedprox,0.01,2,13,1,0.25,,,2.14753778960221,,1
clean,False,fedprox,0.01,2,13,2,0.25,,,1.800228261037886,,1
clean,False,fedprox,0.01,2,13,3,0.25,,,1.9928949911754603,,1
clean,False,fedprox,0.01,2,13,4,0.25,,,2.180797645193008,,1
clean,False,fedprox,0.01,2,14,1,0.25,,,2.6461858903521542,,1
clean,False,fedprox,0.01,2,14,2,0.25,,,1.7665075403567667,,1
clean,False,fedprox,0.01,2,14,3,0.25,,,2.0227709102919302,,1
clean,False,fedprox,0.01,2,14,4,0.25,,,1.9149879753545005,,1
clean,False,fedprox,0.01,2,15,1,0.25,,,2.058273493163274,,1
clean,False,fedprox,0.01,2,15,2,0.25,,,1.8910839309962943,,1
clean,False,fedprox,0.01,2,15,3,0.25,,,1.9351456429971436,,1
clean,False,fedprox,0.01,2,15,4,0.25,,,1.8377599045451631,,1
clean,False,fedprox,0.01,2,16,1,0.25,,,1.8788992666996511,,1
clean,False,fedprox,0.01,2,16,2,0.25,,,1.8563470571469851,,1
clean,False,fedprox,0.01,2,16,3,0.25,,,2.096375401687469,,1
clean,False,fedprox,0.01,2,16,4,0.25,,,1.6016034144814568,,1
clean,False,fedprox,0.01,2,17,1,0.25,,,2.2305672257963196,,1
clean,False,fedprox,0.01,2,17,2,0.25,,,1.856514624528551,,1
clean,False,fedprox,0.01,2,17,3,0.25,,,1.8668504495066622,,1
clean,False,fedprox,0.01,2,17,4,0.25,,,2.1799881667484504,,1
clean,False,fedprox,0.01,2,18,1,0.25,,,2.176106741451553,,1
clean,False,fedprox,0.01,2,18,2,0.25,,,1.7535909587881755,,1
clean,False,fedprox,0.01,2,18,3,0.25,,,1.950322688815444,,1
clean,False,fedprox,0.01,2,18,4,0.25,,,2.1818962051958293,,1
clean,False,fedprox,0.01,2,19,1,0.25,,,2.2155425624201723,,1
clean,False,fedprox,0.01,2,19,2,0.25,,,1.8205062361626596,,1
clean,False,fedprox,0.01,2,19,3,0.25,,,2.018963919100161,,1
clean,False,fedprox,0.01,2,19,4,0.25,,,2.006015339505326,,1
clean,False,fedprox,0.01,2,20,1,0.25,,,2.246304325472713,,1
clean,False,fedprox,0.01,2,20,2,0.25,,,1.880953699175854,,1
clean,False,fedprox,0.01,2,20,3,0.25,,,1.9576507223658424,,1
clean,False,fedprox,0.01,2,20,4,0.25,,,1.8896467620283135,,1
clean,False,fedprox,0.01,2,21,1,0.25,,,2.0078267249848967,,1
clean,False,fedprox,0.01,2,21,2,0.25,,,1.728940934609884,,1
clean,False,fedprox,0.01,2,21,3,0.25,,,1.7953747434093585,,1
clean,False,fedprox,0.01,2,21,4,0.25,,,2.249607149066753,,1
clean,False,fedprox,0.01,2,22,1,0.25,,,1.9369884228804397,,1
clean,False,fedprox,0.01,2,22,2,0.25,,,1.8933840891254219,,1
clean,False,fedprox,0.01,2,22,3,0.25,,,2.1643731521234866,,1
clean,False,fedprox,0.01,2,22,4,0.25,,,1.517906441882955,,1
clean,False,fedprox,0.01,2,23,1,0.25,,,2.290729770403195,,1
clean,False,fedprox,0.01,2,23,2,0.25,,,1.7963790420669228,,1
clean,False,fedprox,0.01,2,23,3,0.25,,,1.9940460853854463,,1
clean,False,fedprox,0.01,2,23,4,0.25,,,2.246725664530235,,1
clean,False,fedprox,0.01,2,24,1,0.25,,,2.2917425932662856,,1
clean,False,fedprox,0.01,2,24,2,0.25,,,1.6966366400420696,,1
clean,False,fedprox,0.01,2,24,3,0.25,,,1.8404865162003685,,1
clean,False,fedprox,0.01,2,24,4,0.25,,,2.0662694710589515,,1
clean,False,fedprox,0.01,2,25,1,0.25,,,2.159921134434408,,1
clean,False,fedprox,0.01,2,25,2,0.25,,,1.905370281731698,,1
clean,False,fedprox,0.01,2,25,3,0.25,,,1.9489989353838126,,1
clean,False,fedprox,0.01,2,25,4,0.25,,,2.382323713686502,,1
clean,False,fedprox,0.01,2,26,1,0.25,,,1.8697734628272904,,1
clean,False,fedprox,0.01,2,26,2,0.25,,,2.006618030553068,,1
clean,False,fedprox,0.01,2,26,3,0.25,,,1.8180221064307507,,1
clean,False,fedprox,0.01,2,26,4,0.25,,,1.768976099681215,,1
clean,False,fedprox,0.01,2,27,1,0.25,,,1.9803711405170605,,1
clean,False,fedprox,0.01,2,27,2,0.25,,,1.8575735056056424,,1
clean,False,fedprox,0.01,2,27,3,0.25,,,1.8228013609859937,,1
clean,False,fedprox,0.01,2,27,4,0.25,,,1.8019879172248918,,1
clean,False,fedprox,0.01,2,28,1,0.25,,,1.950313699946726,,1
clean,False,fedprox,0.01,2,28,2,0.25,,,1.8078288303891954,,1
clean,False,fedprox,0.01,2,28,3,0.25,,,1.8634840709172729,,1
clean,False,fedprox,0.01,2,28,4,0.25,,,1.883758527719576,,1
clean,False,fedprox,0.01,2,29,1,0.25,,,2.0939584661609785,,1
clean,False,fedprox,0.01,2,29,2,0.25,,,2.346609416720598,,1
clean,False,fedprox,0.01,2,29,3,0.25,,,2.2117454941241137,,1
clean,False,fedprox,0.01,2,29,4,0.25,,,1.741672880164371,,1
clean,False,fedprox,0.01,2,30,1,0.25,,,2.1566075229780783,,1
clean,False,fedprox,0.01,2,30,2,0.25,,,1.8205066033407884,,1
clean,False,fedprox,0.01,2,30,3,0.25,,,2.038943255737,,1
clean,False,fedprox,0.01,2,30,4,0.25,,,1.978755172583947,,1
clean,False,fedprox,0.01,3,1,1,0.25,,,2.7405295455230543,,1
clean,False,fedprox,0.01,3,1,2,0.25,,,2.6484512399043303,,1
clean,False,fedprox,0.01,3,1,3,0.25,,,2.5533722900581233,,1
clean,False,fedprox,0.01,3,1,4,0.25,,,2.8527587069274376,,1
clean,False,fedprox,0.01,3,2,1,0.25,,,2.106352821187203,,1
clean,False,fedprox,0.01,3,2,2,0.25,,,2.050185684506949,,1
clean,False,fedprox,0.01,3,2,3,0.25,,,2.1617352357568826,,1
clean,False,fedprox,0.01,3,2,4,0.25,,,2.2937593145088626,,1
clean,False,fedprox,0.01,3,3,1,0.25,,,2.0363962670253057,,1
clean,False,fedprox,0.01,3,3,2,0.25,,,1.9927769239873119,,1
clean,False,fedprox,0.01,3,3,3,0.25,,,1.8675278509336368,,1
clean,False,fedprox,0.01,3,3,4,0.25,,,2.2812132722329435,,1
clean,False,fedprox,0.01,3,4,1,0.25,,,2.088518471090804,,1
clean,False,fedprox,0.01,3,4,2,0.25,,,2.087575445213209,,1
clean,False,fedprox,0.01,3,4,3,0.25,,,1.85952839532479,,1
clean,False,fedprox,0.01,3,4,4,0.25,,,2.318564999739236,,1
clean,False,fedprox,0.01,3,5,1,0.25,,,2.114188383992205,,1
clean,False,fedprox,0.01,3,5,2,0.25,,,1.8760474431618128,,1
clean,False,fedprox,0.01,3,5,3,0.25,,,2.0612030293177113,,1
clean,False,fedprox,0.01,3,5,4,0.25,,,2.2425581802425762,,1
clean,False,fedprox,0.01,3,6,1,0.25,,,2.031583066630627,,1
clean,False,fedprox,0.01,3,6,2,0.25,,,1.9907142220294718,,1
clean,False,fedprox,0.01,3,6,3,0.25,,,2.0908874932477746,,1
clean,False,fedprox,0.01,3,6,4,0.25,,,2.3880670108515734,,1
clean,False,fedprox,0.01,3,7,1,0.25,,,1.9076802600435714,,1
clean,False,fedprox,0.01,3,7,2,0.25,,,1.9444407637860703,,1
clean,False,fedprox,0.01,3,7,3,0.25,,,1.8580887128962367,,1
clean,False,fedprox,0.01,3,7,4,0.25,,,2.19163123537357,,1
clean,False,fedprox,0.01,3,8,1,0.25,,,1.9434687485893305,,1
clean,False,fedprox,0.01,3,8,2,0.25,,,1.9710635845852442,,1
clean,False,fedprox,0.01,3,8,3,0.25,,,1.923109537154568,,1
clean,False,fedprox,0.01,3,8,4,0.25,,,2.2591949556529385,,1
clean,False,fedprox,0.01,3,9,1,0.25,,,2.058115653064179,,1
clean,False,fedprox,0.01,3,9,2,0.25,,,1.888731015296129,,1
clean,False,fedprox,0.01,3,9,3,0.25,,,1.987719151579149,,1
clean,False,fedprox,0.01,3,9,4,0.25,,,2.1844913086359825,,1
clean,False,fedprox,0.01,3,10,1,0.25,,,2.028979013239905,,1
clean,False,fedprox,0.01,3,10,2,0.25,,,1.8146313854209517,,1
clean,False,fedprox,0.01,3,10,3,0.25,,,2.0727006387570204,,1
clean,False,fedprox,0.01,3,10,4,0.25,,,1.936536098135403,,1
clean,False,fedprox,0.01,3,11,1,0.25,,,2.3168829043502748,,1
clean,False,fedprox,0.01,3,11,2,0.25,,,1.6366726278599344,,1
clean,False,fedprox,0.01,3,11,3,0.25,,,1.8104138267798378,,1
clean,False,fedprox,0.01,3,11,4,0.25,,,2.321849346577966,,1
clean,False,fedprox,0.01,3,12,1,0.25,,,1.902608639442484,,1
clean,False,fedprox,0.01,3,12,2,0.25,,,1.8021792315891614,,1
clean,False,fedprox,0.01,3,12,3,0.25,,,1.9683460200115501,,1
clean,False,fedprox,0.01,3,12,4,0.25,,,1.779962131921518,,1
clean,False,fedprox,0.01,3,13,1,0.25,,,2.019362244949392,,1
clean,False,fedprox,0.01,3,13,2,0.25,,,1.7388291577113635,,1
clean,False,fedprox,0.01,3,13,3,0.25,,,1.805461511435182,,1
clean,False,fedprox,0.01,3,13,4,0.25,,,1.8894729361994418,,1
clean,False,fedprox,0.01,3,14,1,0.25,,,1.7145144221235704,,1
clean,False,fedprox,0.01,3,14,2,0.25,,,1.9371799508207044,,1
clean,False,fedprox,0.01,3,14,3,0.25,,,1.9877893555064858,,1
clean,False,fedprox,0.01,3,14,4,0.25,,,2.1572032862112276,,1
clean,False,fedprox,0.01,3,15,1,0.25,,,1.8404583920810251,,1
clean,False,fedprox,0.01,3,15,2,0.25,,,1.8389450470098478,,1
clean,False,fedprox,0.01,3,15,3,0.25,,,2.0158501173125543,,1
clean,False,fedprox,0.01,3,15,4,0.25,,,2.0188928270344095,,1
clean,False,fedprox,0.01,3,16,1,0.25,,,1.9003378090541716,,1
clean,False,fedprox,0.01,3,16,2,0.25,,,1.8414258483969723,,1
clean,False,fedprox,0.01,3,16,3,0.25,,,1.7025666572207432,,1
clean,False,fedprox,0.01,3,16,4,0.25,,,2.0228089935679106,,1
clean,False,fedprox,0.01,3,17,1,0.25,,,1.992576332214946,,1
clean,False,fedprox,0.01,3,17,2,0.25,,,2.2047105180470843,,1
clean,False,fedprox,0.01,3,17,3,0.25,,,2.195012007883232,,1
clean,False,fedprox,0.01,3,17,4,0.25,,,2.1585692935591596,,1
clean,False,fedprox,0.01,3,18,1,0.25,,,2.143799532185907,,1
clean,False,fedprox,0.01,3,18,2,0.25,,,1.822181181435133,,1
clean,False,fedprox,0.01,3,18,3,0.25,,,2.1135452499865917,,1
clean,False,fedprox,0.01,3,18,4,0.25,,,1.87411428614841,,1
clean,False,fedprox,0.01,3,19,1,0.25,,,1.8530116316806138,,1
clean,False,fedprox,0.01,3,19,2,0.25,,,1.9579197107354134,,1
clean,False,fedprox,0.01,3,19,3,0.25,,,2.1043986411987827,,1
clean,False,fedprox,0.01,3,19,4,0.25,,,1.7485333387572304,,1
clean,False,fedprox,0.01,3,20,1,0.25,,,2.28881131604558,,1
clean,False,fedprox,0.01,3,20,2,0.25,,,1.7998233123467822,,1
clean,False,fedprox,0.01,3,20,3,0.25,,,1.7145628349326973,,1
clean,False,fedprox,0.01,3,20,4,0.25,,,1.9586177914952305,,1
clean,False,fedprox,0.01,3,21,1,0.25,,,2.012767676761782,,1
clean,False,fedprox,0.01,3,21,2,0.25,,,1.7677085489411322,,1
clean,False,fedprox,0.01,3,21,3,0.25,,,2.0548624371389383,,1
clean,False,fedprox,0.01,3,21,4,0.25,,,2.0772329835552448,,1
clean,False,fedprox,0.01,3,22,1,0.25,,,1.8213357924938098,,1
clean,False,fedprox,0.01,3,22,2,0.25,,,1.8804675848843473,,1
clean,False,fedprox,0.01,3,22,3,0.25,,,1.9017681658513486,,1
clean,False,fedprox,0.01,3,22,4,0.25,,,1.642114753562231,,1
clean,False,fedprox,0.01,3,23,1,0.25,,,2.2584435801574823,,1
clean,False,fedprox,0.01,3,23,2,0.25,,,2.09343972367607,,1
clean,False,fedprox,0.01,3,23,3,0.25,,,1.7897123048668235,,1
clean,False,fedprox,0.01,3,23,4,0.25,,,2.1486196399011255,,1
clean,False,fedprox,0.01,3,24,1,0.25,,,2.3007793005688355,,1
clean,False,fedprox,0.01,3,24,2,0.25,,,1.8106034155201618,,1
clean,False,fedprox,0.01,3,24,3,0.25,,,1.7664492827430547,,1
clean,False,fedprox,0.01,3,24,4,0.25,,,1.7048216127232423,,1
clean,False,fedprox,0.01,3,25,1,0.25,,,2.1251562985953454,,1
clean,False,fedprox,0.01,3,25,2,0.25,,,1.725383361841154,,1
clean,False,fedprox,0.01,3,25,3,0.25,,,1.8901576955773396,,1
clean,False,fedprox,0.01,3,25,4,0.25,,,2.392850201516159,,1
clean,False,fedprox,0.01,3,26,1,0.25,,,2.078172126702033,,1
clean,False,fedprox,0.01,3,26,2,0.25,,,1.9522441466577507,,1
clean,False,fedprox,0.01,3,26,3,0.25,,,2.00952388534373,,1
clean,False,fedprox,0.01,3,26,4,0.25,,,2.3548320942460625,,1
clean,False,fedprox,0.01,3,27,1,0.25,,,1.7075872515389312,,1
clean,False,fedprox,0.01,3,27,2,0.25,,,1.9772280089924557,,1
clean,False,fedprox,0.01,3,27,3,0.25,,,1.9699250076570858,,1
clean,False,fedprox,0.01,3,27,4,0.25,,,1.7265711949599674,,1
clean,False,fedprox,0.01,3,28,1,0.25,,,2.0272471879991527,,1
clean,False,fedprox,0.01,3,28,2,0.25,,,1.7878965256202188,,1
clean,False,fedprox,0.01,3,28,3,0.25,,,1.8885404787420184,,1
clean,False,fedprox,0.01,3,28,4,0.25,,,2.2838516553676174,,1
clean,False,fedprox,0.01,3,29,1,0.25,,,1.985876530363479,,1
clean,False,fedprox,0.01,3,29,2,0.25,,,1.8334509392341227,,1
clean,False,fedprox,0.01,3,29,3,0.25,,,1.952676821916506,,1
clean,False,fedprox,0.01,3,29,4,0.25,,,2.069276692502721,,1
clean,False,fedprox,0.01,3,30,1,0.25,,,2.125162936916071,,1
clean,False,fedprox,0.01,3,30,2,0.25,,,1.9393930859072668,,1
clean,False,fedprox,0.01,3,30,3,0.25,,,1.723961802679289,,1
clean,False,fedprox,0.01,3,30,4,0.25,,,2.1896169635533607,,1
clean,False,fedprox,0.01,4,1,1,0.25,,,3.004387400649166,,1
clean,False,fedprox,0.01,4,1,2,0.25,,,2.40041277096394,,1
clean,False,fedprox,0.01,4,1,3,0.25,,,2.420324004724831,,1
clean,False,fedprox,0.01,4,1,4,0.25,,,2.739772340607497,,1
clean,False,fedprox,0.01,4,2,1,0.25,,,2.4808603064769836,,1
clean,False,fedprox,0.01,4,2,2,0.25,,,2.0569351169147128,,1
clean,False,fedprox,0.01,4,2,3,0.25,,,2.183013547087882,,1
clean,False,fedprox,0.01,4,2,4,0.25,,,2.347553930644305,,1
clean,False,fedprox,0.01,4,3,1,0.25,,,2.3990563889544756,,1
clean,False,fedprox,0.01,4,3,2,0.25,,,2.241871803732099,,1
clean,False,fedprox,0.01,4,3,3,0.25,,,2.0585464471791317,,1
clean,False,fedprox,0.01,4,3,4,0.25,,,2.4385010842875636,,1
clean,False,fedprox,0.01,4,4,1,0.25,,,2.190584115213957,,1
clean,False,fedprox,0.01,4,4,2,0.25,,,1.9709975803828088,,1
clean,False,fedprox,0.01,4,4,3,0.25,,,2.066701203030925,,1
clean,False,fedprox,0.01,4,4,4,0.25,,,2.17186516213529,,1
clean,False,fedprox,0.01,4,5,1,0.25,,,2.0774143793906656,,1
clean,False,fedprox,0.01,4,5,2,0.25,,,1.9255715632781518,,1
clean,False,fedprox,0.01,4,5,3,0.25,,,1.9480154934934535,,1
clean,False,fedprox,0.01,4,5,4,0.25,,,2.0463406095711525,,1
clean,False,fedprox,0.01,4,6,1,0.25,,,1.9793545802490673,,1
clean,False,fedprox,0.01,4,6,2,0.25,,,1.8018645765615904,,1
clean,False,fedprox,0.01,4,6,3,0.25,,,1.8301028670829271,,1
clean,False,fedprox,0.01,4,6,4,0.25,,,2.166680180060013,,1
clean,False,fedprox,0.01,4,7,1,0.25,,,2.2584058616177356,,1
clean,False,fedprox,0.01,4,7,2,0.25,,,2.0030905618557484,,1
clean,False,fedprox,0.01,4,7,3,0.25,,,2.290556315481163,,1
clean,False,fedprox,0.01,4,7,4,0.25,,,2.2054167514768683,,1
clean,False,fedprox,0.01,4,8,1,0.25,,,1.8822383728967012,,1
clean,False,fedprox,0.01,4,8,2,0.25,,,2.1482427765693055,,1
clean,False,fedprox,0.01,4,8,3,0.25,,,1.9515117764241607,,1
clean,False,fedprox,0.01,4,8,4,0.25,,,2.199702005615856,,1
clean,False,fedprox,0.01,4,9,1,0.25,,,1.9056393115035628,,1
clean,False,fedprox,0.01,4,9,2,0.25,,,1.908246905732629,,1
clean,False,fedprox,0.01,4,9,3,0.25,,,1.8310778300930637,,1
clean,False,fedprox,0.01,4,9,4,0.25,,,2.2291350663615077,,1
clean,False,fedprox,0.01,4,10,1,0.25,,,2.156686297257431,,1
clean,False,fedprox,0.01,4,10,2,0.25,,,2.031035363777625,,1
clean,False,fedprox,0.01,4,10,3,0.25,,,2.114727322740394,,1
clean,False,fedprox,0.01,4,10,4,0.25,,,2.103678359661538,,1
clean,False,fedprox,0.01,4,11,1,0.25,,,1.940231499755715,,1
clean,False,fedprox,0.01,4,11,2,0.25,,,1.6766117268319933,,1
clean,False,fedprox,0.01,4,11,3,0.25,,,1.6725837243798332,,1
clean,False,fedprox,0.01,4,11,4,0.25,,,2.279917111053774,,1
clean,False,fedprox,0.01,4,12,1,0.25,,,2.1029394353472255,,1
clean,False,fedprox,0.01,4,12,2,0.25,,,1.9414157864653976,,1
clean,False,fedprox,0.01,4,12,3,0.25,,,2.144605163848682,,1
clean,False,fedprox,0.01,4,12,4,0.25,,,1.9936079914039015,,1
clean,False,fedprox,0.01,4,13,1,0.25,,,2.0639772275138317,,1
clean,False,fedprox,0.01,4,13,2,0.25,,,1.7455193411155723,,1
clean,False,fedprox,0.01,4,13,3,0.25,,,1.960916876283881,,1
clean,False,fedprox,0.01,4,13,4,0.25,,,1.7961210071406444,,1
clean,False,fedprox,0.01,4,14,1,0.25,,,2.1053079361043814,,1
clean,False,fedprox,0.01,4,14,2,0.25,,,1.9113177650764526,,1
clean,False,fedprox,0.01,4,14,3,0.25,,,1.8923402431505203,,1
clean,False,fedprox,0.01,4,14,4,0.25,,,1.9567283744766089,,1
clean,False,fedprox,0.01,4,15,1,0.25,,,2.322593825365664,,1
clean,False,fedprox,0.01,4,15,2,0.25,,,1.8336988527739442,,1
clean,False,fedprox,0.01,4,15,3,0.25,,,2.0300777426098433,,1
clean,False,fedprox,0.01,4,15,4,0.25,,,2.217125173170948,,1
clean,False,fedprox,0.01,4,16,1,0.25,,,2.121507851854328,,1
clean,False,fedprox,0.01,4,16,2,0.25,,,2.0264899119714124,,1
clean,False,fedprox,0.01,4,16,3,0.25,,,1.8472384548839282,,1
clean,False,fedprox,0.01,4,16,4,0.25,,,1.8696214263601325,,1
clean,False,fedprox,0.01,4,17,1,0.25,,,2.055365121734851,,1
clean,False,fedprox,0.01,4,17,2,0.25,,,1.8994494013544645,,1
clean,False,fedprox,0.01,4,17,3,0.25,,,1.9284770283193313,,1
clean,False,fedprox,0.01,4,17,4,0.25,,,2.2051642800979216,,1
clean,False,fedprox,0.01,4,18,1,0.25,,,1.8929701443293787,,1
clean,False,fedprox,0.01,4,18,2,0.25,,,1.8797252236264794,,1
clean,False,fedprox,0.01,4,18,3,0.25,,,1.8403962739157271,,1
clean,False,fedprox,0.01,4,18,4,0.25,,,2.159186770312233,,1
clean,False,fedprox,0.01,4,19,1,0.25,,,1.9975990296512858,,1
clean,False,fedprox,0.01,4,19,2,0.25,,,1.8431956963256704,,1
clean,False,fedprox,0.01,4,19,3,0.25,,,1.9190672913132563,,1
clean,False,fedprox,0.01,4,19,4,0.25,,,2.005885942958084,,1
clean,False,fedprox,0.01,4,20,1,0.25,,,2.0670745967291615,,1
clean,False,fedprox,0.01,4,20,2,0.25,,,1.823209489291275,,1
clean,False,fedprox,0.01,4,20,3,0.25,,,1.9688169782308411,,1
clean,False,fedprox,0.01,4,20,4,0.25,,,1.7586492083380092,,1
clean,False,fedprox,0.01,4,21,1,0.25,,,2.124912339418019,,1
clean,False,fedprox,0.01,4,21,2,0.25,,,1.790403784822414,,1
clean,False,fedprox,0.01,4,21,3,0.25,,,2.075285862646977,,1
clean,False,fedprox,0.01,4,21,4,0.25,,,1.8285772867138066,,1
clean,False,fedprox,0.01,4,22,1,0.25,,,1.8345890089621715,,1
clean,False,fedprox,0.01,4,22,2,0.25,,,2.0239987601522067,,1
clean,False,fedprox,0.01,4,22,3,0.25,,,1.8121508529582437,,1
clean,False,fedprox,0.01,4,22,4,0.25,,,2.237435166094564,,1
clean,False,fedprox,0.01,4,23,1,0.25,,,2.179168046196431,,1
clean,False,fedprox,0.01,4,23,2,0.25,,,1.8055821877787244,,1
clean,False,fedprox,0.01,4,23,3,0.25,,,2.1596168573531216,,1
clean,False,fedprox,0.01,4,23,4,0.25,,,1.9250063611793895,,1
clean,False,fedprox,0.01,4,24,1,0.25,,,1.7854946731803338,,1
clean,False,fedprox,0.01,4,24,2,0.25,,,1.9817507196662985,,1
clean,False,fedprox,0.01,4,24,3,0.25,,,1.8614448266165387,,1
clean,False,fedprox,0.01,4,24,4,0.25,,,2.041446788518155,,1
clean,False,fedprox,0.01,4,25,1,0.25,,,1.7353234091618637,,1
clean,False,fedprox,0.01,4,25,2,0.25,,,1.8142951415871706,,1
clean,False,fedprox,0.01,4,25,3,0.25,,,2.020818492492753,,1
clean,False,fedprox,0.01,4,25,4,0.25,,,1.857045463101917,,1
clean,False,fedprox,0.01,4,26,1,0.25,,,1.9647423890426803,,1
clean,False,fedprox,0.01,4,26,2,0.25,,,1.8003708248131407,,1
clean,False,fedprox,0.01,4,26,3,0.25,,,2.045810736089408,,1
clean,False,fedprox,0.01,4,26,4,0.25,,,1.7197072685037087,,1
clean,False,fedprox,0.01,4,27,1,0.25,,,1.9254727989678715,,1
clean,False,fedprox,0.01,4,27,2,0.25,,,1.9906724961080409,,1
clean,False,fedprox,0.01,4,27,3,0.25,,,1.8467710614504784,,1
clean,False,fedprox,0.01,4,27,4,0.25,,,1.8958391653277427,,1
clean,False,fedprox,0.01,4,28,1,0.25,,,2.1008080953538757,,1
clean,False,fedprox,0.01,4,28,2,0.25,,,1.8559618823927453,,1
clean,False,fedprox,0.01,4,28,3,0.25,,,1.941877277816079,,1
clean,False,fedprox,0.01,4,28,4,0.25,,,2.146511075088928,,1
clean,False,fedprox,0.01,4,29,1,0.25,,,2.19284801494562,,1
clean,False,fedprox,0.01,4,29,2,0.25,,,1.7495874884972473,,1
clean,False,fedprox,0.01,4,29,3,0.25,,,1.7824177939583414,,1
clean,False,fedprox,0.01,4,29,4,0.25,,,1.947263502706111,,1
clean,False,fedprox,0.01,4,30,1,0.25,,,2.0701022090399235,,1
clean,False,fedprox,0.01,4,30,2,0.25,,,1.9418575573235328,,1
clean,False,fedprox,0.01,4,30,3,0.25,,,1.946909800395879,,1
clean,False,fedprox,0.01,4,30,4,0.25,,,1.80864588102973,,1
clean,False,fedprox,0.1,0,1,1,0.25,,,1.329983154865147,,1
clean,False,fedprox,0.1,0,1,2,0.25,,,1.2133380066684476,,1
clean,False,fedprox,0.1,0,1,3,0.25,,,1.1398657432663235,,1
clean,False,fedprox,0.1,0,1,4,0.25,,,1.2015999610436376,,1
clean,False,fedprox,0.1,0,2,1,0.25,,,1.152405496002184,,1
clean,False,fedprox,0.1,0,2,2,0.25,,,0.7835753814549836,,1
clean,False,fedprox,0.1,0,2,3,0.25,,,0.8627488223253318,,1
clean,False,fedprox,0.1,0,2,4,0.25,,,0.9501149419828271,,1
clean,False,fedprox,0.1,0,3,1,0.25,,,1.0479808797108598,,1
clean,False,fedprox,0.1,0,3,2,0.25,,,0.828054670478146,,1
clean,False,fedprox,0.1,0,3,3,0.25,,,0.625217938703441,,1
clean,False,fedprox,0.1,0,3,4,0.25,,,0.6988099690751262,,1
clean,False,fedprox,0.1,0,4,1,0.25,,,0.8637258177460638,,1
clean,False,fedprox,0.1,0,4,2,0.25,,,0.8282965366617464,,1
clean,False,fedprox,0.1,0,4,3,0.25,,,0.7957804569857893,,1
clean,False,fedprox,0.1,0,4,4,0.25,,,0.912641612553792,,1
clean,False,fedprox,0.1,0,5,1,0.25,,,0.9083635328873222,,1
clean,False,fedprox,0.1,0,5,2,0.25,,,0.7072929579271947,,1
clean,False,fedprox,0.1,0,5,3,0.25,,,0.8756794636555428,,1
clean,False,fedprox,0.1,0,5,4,0.25,,,0.8315356002644043,,1
clean,False,fedprox,0.1,0,6,1,0.25,,,0.7307772007865833,,1
clean,False,fedprox,0.1,0,6,2,0.25,,,0.7647985469081591,,1
clean,False,fedprox,0.1,0,6,3,0.25,,,0.8189630824677664,,1
clean,False,fedprox,0.1,0,6,4,0.25,,,0.7877168246306193,,1
clean,False,fedprox,0.1,0,7,1,0.25,,,0.7277949045097896,,1
clean,False,fedprox,0.1,0,7,2,0.25,,,0.696475453449766,,1
clean,False,fedprox,0.1,0,7,3,0.25,,,0.831906711294956,,1
clean,False,fedprox,0.1,0,7,4,0.25,,,0.787582968616656,,1
clean,False,fedprox,0.1,0,8,1,0.25,,,0.9580130137303844,,1
clean,False,fedprox,0.1,0,8,2,0.25,,,0.7129399217047442,,1
clean,False,fedprox,0.1,0,8,3,0.25,,,0.7056319312602735,,1
clean,False,fedprox,0.1,0,8,4,0.25,,,0.7912999963832045,,1
clean,False,fedprox,0.1,0,9,1,0.25,,,0.9015656575281428,,1
clean,False,fedprox,0.1,0,9,2,0.25,,,0.8133629114657247,,1
clean,False,fedprox,0.1,0,9,3,0.25,,,0.8733132543226981,,1
clean,False,fedprox,0.1,0,9,4,0.25,,,0.9193811650252995,,1
clean,False,fedprox,0.1,0,10,1,0.25,,,0.8362842876565248,,1
clean,False,fedprox,0.1,0,10,2,0.25,,,0.7503988447919904,,1
clean,False,fedprox,0.1,0,10,3,0.25,,,0.7145155990466133,,1
clean,False,fedprox,0.1,0,10,4,0.25,,,0.6377465495932771,,1
clean,False,fedprox,0.1,0,11,1,0.25,,,0.9225183728292686,,1
clean,False,fedprox,0.1,0,11,2,0.25,,,0.7532242567181845,,1
clean,False,fedprox,0.1,0,11,3,0.25,,,0.6247573023083814,,1
clean,False,fedprox,0.1,0,11,4,0.25,,,0.893117883851576,,1
clean,False,fedprox,0.1,0,12,1,0.25,,,0.8706055435358895,,1
clean,False,fedprox,0.1,0,12,2,0.25,,,0.8185299754064724,,1
clean,False,fedprox,0.1,0,12,3,0.25,,,0.7934306382546773,,1
clean,False,fedprox,0.1,0,12,4,0.25,,,0.8833910649267425,,1
clean,False,fedprox,0.1,0,13,1,0.25,,,0.853309348450364,,1
clean,False,fedprox,0.1,0,13,2,0.25,,,0.6720139315784949,,1
clean,False,fedprox,0.1,0,13,3,0.25,,,0.7369673203609796,,1
clean,False,fedprox,0.1,0,13,4,0.25,,,0.7704086027734166,,1
clean,False,fedprox,0.1,0,14,1,0.25,,,0.9024338495048614,,1
clean,False,fedprox,0.1,0,14,2,0.25,,,0.7749197531074198,,1
clean,False,fedprox,0.1,0,14,3,0.25,,,0.7571856868207392,,1
clean,False,fedprox,0.1,0,14,4,0.25,,,0.6620256580917407,,1
clean,False,fedprox,0.1,0,15,1,0.25,,,0.7995168846869355,,1
clean,False,fedprox,0.1,0,15,2,0.25,,,0.7990005800685813,,1
clean,False,fedprox,0.1,0,15,3,0.25,,,0.8924076721462417,,1
clean,False,fedprox,0.1,0,15,4,0.25,,,0.8068783545402336,,1
clean,False,fedprox,0.1,0,16,1,0.25,,,0.9686201613580139,,1
clean,False,fedprox,0.1,0,16,2,0.25,,,0.8665747234296758,,1
clean,False,fedprox,0.1,0,16,3,0.25,,,0.7123977439308989,,1
clean,False,fedprox,0.1,0,16,4,0.25,,,0.9681231751844237,,1
clean,False,fedprox,0.1,0,17,1,0.25,,,0.7555152687651211,,1
clean,False,fedprox,0.1,0,17,2,0.25,,,0.7396660160035986,,1
clean,False,fedprox,0.1,0,17,3,0.25,,,0.8035240499064622,,1
clean,False,fedprox,0.1,0,17,4,0.25,,,0.7479311660515922,,1
clean,False,fedprox,0.1,0,18,1,0.25,,,0.9326060902254342,,1
clean,False,fedprox,0.1,0,18,2,0.25,,,0.8894060320086944,,1
clean,False,fedprox,0.1,0,18,3,0.25,,,0.7155503487095329,,1
clean,False,fedprox,0.1,0,18,4,0.25,,,0.8452332501573255,,1
clean,False,fedprox,0.1,0,19,1,0.25,,,0.9882008710323232,,1
clean,False,fedprox,0.1,0,19,2,0.25,,,0.6451945482658608,,1
clean,False,fedprox,0.1,0,19,3,0.25,,,0.7012425868962034,,1
clean,False,fedprox,0.1,0,19,4,0.25,,,0.7760624503772268,,1
clean,False,fedprox,0.1,0,20,1,0.25,,,0.875447279574081,,1
clean,False,fedprox,0.1,0,20,2,0.25,,,0.8105905965824415,,1
clean,False,fedprox,0.1,0,20,3,0.25,,,0.7979160851981268,,1
clean,False,fedprox,0.1,0,20,4,0.25,,,0.8768035044745486,,1
clean,False,fedprox,0.1,0,21,1,0.25,,,0.6945124157222283,,1
clean,False,fedprox,0.1,0,21,2,0.25,,,0.6839442533689107,,1
clean,False,fedprox,0.1,0,21,3,0.25,,,0.7009736437587901,,1
clean,False,fedprox,0.1,0,21,4,0.25,,,0.9650208980742442,,1
clean,False,fedprox,0.1,0,22,1,0.25,,,0.8936675815393271,,1
clean,False,fedprox,0.1,0,22,2,0.25,,,0.7619743740999451,,1
clean,False,fedprox,0.1,0,22,3,0.25,,,0.8322923052602178,,1
clean,False,fedprox,0.1,0,22,4,0.25,,,0.7047045175437323,,1
clean,False,fedprox,0.1,0,23,1,0.25,,,0.872813552275298,,1
clean,False,fedprox,0.1,0,23,2,0.25,,,0.8169706777732213,,1
clean,False,fedprox,0.1,0,23,3,0.25,,,0.7344442810573083,,1
clean,False,fedprox,0.1,0,23,4,0.25,,,0.8369914182692186,,1
clean,False,fedprox,0.1,0,24,1,0.25,,,0.9051861114231413,,1
clean,False,fedprox,0.1,0,24,2,0.25,,,0.8556634549011408,,1
clean,False,fedprox,0.1,0,24,3,0.25,,,0.6991406816689716,,1
clean,False,fedprox,0.1,0,24,4,0.25,,,0.8786570160268754,,1
clean,False,fedprox,0.1,0,25,1,0.25,,,1.1447132048037054,,1
clean,False,fedprox,0.1,0,25,2,0.25,,,0.6956806870661337,,1
clean,False,fedprox,0.1,0,25,3,0.25,,,0.8026057450428407,,1
clean,False,fedprox,0.1,0,25,4,0.25,,,0.8305503952450157,,1
clean,False,fedprox,0.1,0,26,1,0.25,,,0.7452287293298582,,1
clean,False,fedprox,0.1,0,26,2,0.25,,,0.8830714739866207,,1
clean,False,fedprox,0.1,0,26,3,0.25,,,0.7957615631904548,,1
clean,False,fedprox,0.1,0,26,4,0.25,,,0.9222644845882695,,1
clean,False,fedprox,0.1,0,27,1,0.25,,,0.8790966857296798,,1
clean,False,fedprox,0.1,0,27,2,0.25,,,0.9003389616522347,,1
clean,False,fedprox,0.1,0,27,3,0.25,,,0.818085661641907,,1
clean,False,fedprox,0.1,0,27,4,0.25,,,0.8217204884795657,,1
clean,False,fedprox,0.1,0,28,1,0.25,,,0.9221931898424277,,1
clean,False,fedprox,0.1,0,28,2,0.25,,,0.8420281114906881,,1
clean,False,fedprox,0.1,0,28,3,0.25,,,0.8083908526758031,,1
clean,False,fedprox,0.1,0,28,4,0.25,,,0.7676352969160967,,1
clean,False,fedprox,0.1,0,29,1,0.25,,,0.9375633072871997,,1
clean,False,fedprox,0.1,0,29,2,0.25,,,0.8427517030313684,,1
clean,False,fedprox,0.1,0,29,3,0.25,,,0.7397026806882995,,1
clean,False,fedprox,0.1,0,29,4,0.25,,,0.8145264893646539,,1
clean,False,fedprox,0.1,0,30,1,0.25,,,0.8013674568621751,,1
clean,False,fedprox,0.1,0,30,2,0.25,,,0.6916656088396201,,1
clean,False,fedprox,0.1,0,30,3,0.25,,,0.9773205473180453,,1
clean,False,fedprox,0.1,0,30,4,0.25,,,0.7706070054417093,,1
clean,False,fedprox,0.1,1,1,1,0.25,,,1.390181344340937,,1
clean,False,fedprox,0.1,1,1,2,0.25,,,1.318833621479394,,1
clean,False,fedprox,0.1,1,1,3,0.25,,,1.132568528211472,,1
clean,False,fedprox,0.1,1,1,4,0.25,,,1.2728200725713124,,1
clean,False,fedprox,0.1,1,2,1,0.25,,,1.0469211441863775,,1
clean,False,fedprox,0.1,1,2,2,0.25,,,0.9263748361227195,,1
clean,False,fedprox,0.1,1,2,3,0.25,,,0.8056751050136115,,1
clean,False,fedprox,0.1,1,2,4,0.25,,,0.9229010171308656,,1
clean,False,fedprox,0.1,1,3,1,0.25,,,0.9730324367587034,,1
clean,False,fedprox,0.1,1,3,2,0.25,,,0.8646000626780581,,1
clean,False,fedprox,0.1,1,3,3,0.25,,,0.7418849214158386,,1
clean,False,fedprox,0.1,1,3,4,0.25,,,0.8972909724819907,,1
clean,False,fedprox,0.1,1,4,1,0.25,,,0.925311514132764,,1
clean,False,fedprox,0.1,1,4,2,0.25,,,0.9334217896833089,,1
clean,False,fedprox,0.1,1,4,3,0.25,,,0.679878218301202,,1
clean,False,fedprox,0.1,1,4,4,0.25,,,0.8959439955214972,,1
clean,False,fedprox,0.1,1,5,1,0.25,,,0.8089514670288874,,1
clean,False,fedprox,0.1,1,5,2,0.25,,,0.904310345854071,,1
clean,False,fedprox,0.1,1,5,3,0.25,,,0.7257479923006925,,1
clean,False,fedprox,0.1,1,5,4,0.25,,,0.7818057353284861,,1
clean,False,fedprox,0.1,1,6,1,0.25,,,0.906922167695471,,1
clean,False,fedprox,0.1,1,6,2,0.25,,,0.885286853012957,,1
clean,False,fedprox,0.1,1,6,3,0.25,,,0.6666172568685875,,1
clean,False,fedprox,0.1,1,6,4,0.25,,,0.8821740639051223,,1
clean,False,fedprox,0.1,1,7,1,0.25,,,0.801698928417664,,1
clean,False,fedprox,0.1,1,7,2,0.25,,,0.6817531780162757,,1
clean,False,fedprox,0.1,1,7,3,0.25,,,0.6388121531021406,,1
clean,False,fedprox,0.1,1,7,4,0.25,,,0.8769027129735442,,1
clean,False,fedprox,0.1,1,8,1,0.25,,,0.9232592365027714,,1
clean,False,fedprox,0.1,1,8,2,0.25,,,0.9171693343553499,,1
clean,False,fedprox,0.1,1,8,3,0.25,,,0.700572211394625,,1
clean,False,fedprox,0.1,1,8,4,0.25,,,1.0300325527715377,,1
clean,False,fedprox,0.1,1,9,1,0.25,,,0.8010294623954364,,1
clean,False,fedprox,0.1,1,9,2,0.25,,,0.7896937171584076,,1
clean,False,fedprox,0.1,1,9,3,0.25,,,0.6803753084602232,,1
clean,False,fedprox,0.1,1,9,4,0.25,,,0.7936481152909513,,1
clean,False,fedprox,0.1,1,10,1,0.25,,,0.881489910783818,,1
clean,False,fedprox,0.1,1,10,2,0.25,,,0.7103969726539447,,1
clean,False,fedprox,0.1,1,10,3,0.25,,,0.8041783749850921,,1
clean,False,fedprox,0.1,1,10,4,0.25,,,0.7963082727161165,,1
clean,False,fedprox,0.1,1,11,1,0.25,,,0.7750154448276828,,1
clean,False,fedprox,0.1,1,11,2,0.25,,,0.7774974619426046,,1
clean,False,fedprox,0.1,1,11,3,0.25,,,0.7580040486954934,,1
clean,False,fedprox,0.1,1,11,4,0.25,,,0.7459892681590404,,1
clean,False,fedprox,0.1,1,12,1,0.25,,,0.6923257360128873,,1
clean,False,fedprox,0.1,1,12,2,0.25,,,0.7956875508011777,,1
clean,False,fedprox,0.1,1,12,3,0.25,,,0.5967961133971393,,1
clean,False,fedprox,0.1,1,12,4,0.25,,,0.8182936131137434,,1
clean,False,fedprox,0.1,1,13,1,0.25,,,0.8833169993213337,,1
clean,False,fedprox,0.1,1,13,2,0.25,,,0.6994152156046102,,1
clean,False,fedprox,0.1,1,13,3,0.25,,,0.8993565902367299,,1
clean,False,fedprox,0.1,1,13,4,0.25,,,0.833538994647914,,1
clean,False,fedprox,0.1,1,14,1,0.25,,,0.7829332176659218,,1
clean,False,fedprox,0.1,1,14,2,0.25,,,0.7521453866504474,,1
clean,False,fedprox,0.1,1,14,3,0.25,,,0.742640097587152,,1
clean,False,fedprox,0.1,1,14,4,0.25,,,0.8137269575337662,,1
clean,False,fedprox,0.1,1,15,1,0.25,,,0.8269268795476962,,1
clean,False,fedprox,0.1,1,15,2,0.25,,,0.7928790427959911,,1
clean,False,fedprox,0.1,1,15,3,0.25,,,0.6737181931394879,,1
clean,False,fedprox,0.1,1,15,4,0.25,,,0.5948843732644868,,1
clean,False,fedprox,0.1,1,16,1,0.25,,,0.8931558921780384,,1
clean,False,fedprox,0.1,1,16,2,0.25,,,0.6642873263991165,,1
clean,False,fedprox,0.1,1,16,3,0.25,,,0.7613495120136304,,1
clean,False,fedprox,0.1,1,16,4,0.25,,,0.7737016459044609,,1
clean,False,fedprox,0.1,1,17,1,0.25,,,0.9075222165271378,,1
clean,False,fedprox,0.1,1,17,2,0.25,,,0.8932937877942759,,1
clean,False,fedprox,0.1,1,17,3,0.25,,,0.8548107181202881,,1
clean,False,fedprox,0.1,1,17,4,0.25,,,0.7563796413584424,,1
clean,False,fedprox,0.1,1,18,1,0.25,,,1.0014440102604478,,1
clean,False,fedprox,0.1,1,18,2,0.25,,,0.7553501479410561,,1
clean,False,fedprox,0.1,1,18,3,0.25,,,0.832131370295066,,1
clean,False,fedprox,0.1,1,18,4,0.25,,,0.7931238521961812,,1
clean,False,fedprox,0.1,1,19,1,0.25,,,0.8853915591488218,,1
clean,False,fedprox,0.1,1,19,2,0.25,,,0.8139434340142228,,1
clean,False,fedprox,0.1,1,19,3,0.25,,,0.8428104311035712,,1
clean,False,fedprox,0.1,1,19,4,0.25,,,0.7082721731983316,,1
clean,False,fedprox,0.1,1,20,1,0.25,,,0.8415452950176503,,1
clean,False,fedprox,0.1,1,20,2,0.25,,,0.7546605108769189,,1
clean,False,fedprox,0.1,1,20,3,0.25,,,0.7092437091882815,,1
clean,False,fedprox,0.1,1,20,4,0.25,,,0.7698504443699781,,1
clean,False,fedprox,0.1,1,21,1,0.25,,,0.7941513818235773,,1
clean,False,fedprox,0.1,1,21,2,0.25,,,0.7741288977602173,,1
clean,False,fedprox,0.1,1,21,3,0.25,,,0.693224514894758,,1
clean,False,fedprox,0.1,1,21,4,0.25,,,0.743791829799029,,1
clean,False,fedprox,0.1,1,22,1,0.25,,,0.9172252800906523,,1
clean,False,fedprox,0.1,1,22,2,0.25,,,0.9013633661614131,,1
clean,False,fedprox,0.1,1,22,3,0.25,,,0.9430444747557307,,1
clean,False,fedprox,0.1,1,22,4,0.25,,,0.740280119316662,,1
clean,False,fedprox,0.1,1,23,1,0.25,,,0.8534289744144684,,1
clean,False,fedprox,0.1,1,23,2,0.25,,,0.7749133712961139,,1
clean,False,fedprox,0.1,1,23,3,0.25,,,0.6851057709733078,,1
clean,False,fedprox,0.1,1,23,4,0.25,,,1.0627871864537384,,1
clean,False,fedprox,0.1,1,24,1,0.25,,,0.7665802759877507,,1
clean,False,fedprox,0.1,1,24,2,0.25,,,0.999926774936956,,1
clean,False,fedprox,0.1,1,24,3,0.25,,,0.7821292187726403,,1
clean,False,fedprox,0.1,1,24,4,0.25,,,0.8313648158234278,,1
clean,False,fedprox,0.1,1,25,1,0.25,,,0.930179614880245,,1
clean,False,fedprox,0.1,1,25,2,0.25,,,0.8693291897952821,,1
clean,False,fedprox,0.1,1,25,3,0.25,,,0.6624404598568829,,1
clean,False,fedprox,0.1,1,25,4,0.25,,,0.7979798523647511,,1
clean,False,fedprox,0.1,1,26,1,0.25,,,0.769025826075877,,1
clean,False,fedprox,0.1,1,26,2,0.25,,,0.7905120281248819,,1
clean,False,fedprox,0.1,1,26,3,0.25,,,0.6483989516560875,,1
clean,False,fedprox,0.1,1,26,4,0.25,,,0.8198253841783558,,1
clean,False,fedprox,0.1,1,27,1,0.25,,,0.9440799806949751,,1
clean,False,fedprox,0.1,1,27,2,0.25,,,0.7939172012371536,,1
clean,False,fedprox,0.1,1,27,3,0.25,,,1.050304704114082,,1
clean,False,fedprox,0.1,1,27,4,0.25,,,0.684600821050832,,1
clean,False,fedprox,0.1,1,28,1,0.25,,,1.068854300162147,,1
clean,False,fedprox,0.1,1,28,2,0.25,,,0.8511399398447649,,1
clean,False,fedprox,0.1,1,28,3,0.25,,,0.8817965819913764,,1
clean,False,fedprox,0.1,1,28,4,0.25,,,0.739523708760158,,1
clean,False,fedprox,0.1,1,29,1,0.25,,,0.9367473004482468,,1
clean,False,fedprox,0.1,1,29,2,0.25,,,0.9401891483873207,,1
clean,False,fedprox,0.1,1,29,3,0.25,,,0.569706842737405,,1
clean,False,fedprox,0.1,1,29,4,0.25,,,0.8351212927534878,,1
clean,False,fedprox,0.1,1,30,1,0.25,,,0.8916715138458968,,1
clean,False,fedprox,0.1,1,30,2,0.25,,,0.863608243561491,,1
clean,False,fedprox,0.1,1,30,3,0.25,,,0.8410787534165587,,1
clean,False,fedprox,0.1,1,30,4,0.25,,,0.7169108948712972,,1
clean,False,fedprox,0.1,2,1,1,0.25,,,1.3506176060434847,,1
clean,False,fedprox,0.1,2,1,2,0.25,,,1.3617056690741947,,1
clean,False,fedprox,0.1,2,1,3,0.25,,,1.1535212682635,,1
clean,False,fedprox,0.1,2,1,4,0.25,,,1.1474324523572126,,1
clean,False,fedprox,0.1,2,2,1,0.25,,,1.0270367797648183,,1
clean,False,fedprox,0.1,2,2,2,0.25,,,0.8576455728482568,,1
clean,False,fedprox,0.1,2,2,3,0.25,,,0.8479810240851486,,1
clean,False,fedprox,0.1,2,2,4,0.25,,,0.8968912371066787,,1
clean,False,fedprox,0.1,2,3,1,0.25,,,0.9445626716139298,,1
clean,False,fedprox,0.1,2,3,2,0.25,,,0.8611326280309328,,1
clean,False,fedprox,0.1,2,3,3,0.25,,,0.8099461559267573,,1
clean,False,fedprox,0.1,2,3,4,0.25,,,0.8996605064676292,,1
clean,False,fedprox,0.1,2,4,1,0.25,,,0.9812901345824362,,1
clean,False,fedprox,0.1,2,4,2,0.25,,,0.8826522247871909,,1
clean,False,fedprox,0.1,2,4,3,0.25,,,0.848109110115168,,1
clean,False,fedprox,0.1,2,4,4,0.25,,,0.908174477778551,,1
clean,False,fedprox,0.1,2,5,1,0.25,,,1.0530447782958337,,1
clean,False,fedprox,0.1,2,5,2,0.25,,,0.8425947110050955,,1
clean,False,fedprox,0.1,2,5,3,0.25,,,0.9311990218407158,,1
clean,False,fedprox,0.1,2,5,4,0.25,,,1.1194899549384416,,1
clean,False,fedprox,0.1,2,6,1,0.25,,,0.9083281812027016,,1
clean,False,fedprox,0.1,2,6,2,0.25,,,0.7920167661174404,,1
clean,False,fedprox,0.1,2,6,3,0.25,,,0.743505612828152,,1
clean,False,fedprox,0.1,2,6,4,0.25,,,0.8609436808038103,,1
clean,False,fedprox,0.1,2,7,1,0.25,,,0.7062773854515614,,1
clean,False,fedprox,0.1,2,7,2,0.25,,,0.8002781457709878,,1
clean,False,fedprox,0.1,2,7,3,0.25,,,0.7695153085466614,,1
clean,False,fedprox,0.1,2,7,4,0.25,,,0.7801333707822421,,1
clean,False,fedprox,0.1,2,8,1,0.25,,,0.8626788339908431,,1
clean,False,fedprox,0.1,2,8,2,0.25,,,0.6702574438371239,,1
clean,False,fedprox,0.1,2,8,3,0.25,,,0.6983023884641207,,1
clean,False,fedprox,0.1,2,8,4,0.25,,,0.82724198694418,,1
clean,False,fedprox,0.1,2,9,1,0.25,,,0.811070871782465,,1
clean,False,fedprox,0.1,2,9,2,0.25,,,0.7829750961137385,,1
clean,False,fedprox,0.1,2,9,3,0.25,,,0.7111317026862475,,1
clean,False,fedprox,0.1,2,9,4,0.25,,,0.8957226168711822,,1
clean,False,fedprox,0.1,2,10,1,0.25,,,0.8671972624266369,,1
clean,False,fedprox,0.1,2,10,2,0.25,,,0.7400559304697579,,1
clean,False,fedprox,0.1,2,10,3,0.25,,,0.8154447949497078,,1
clean,False,fedprox,0.1,2,10,4,0.25,,,0.7862442488461326,,1
clean,False,fedprox,0.1,2,11,1,0.25,,,0.9183803240506796,,1
clean,False,fedprox,0.1,2,11,2,0.25,,,0.7246628399405308,,1
clean,False,fedprox,0.1,2,11,3,0.25,,,0.6641467681931108,,1
clean,False,fedprox,0.1,2,11,4,0.25,,,0.7601328261572065,,1
clean,False,fedprox,0.1,2,12,1,0.25,,,0.8918337802946598,,1
clean,False,fedprox,0.1,2,12,2,0.25,,,0.8432011649561424,,1
clean,False,fedprox,0.1,2,12,3,0.25,,,0.5841036124117507,,1
clean,False,fedprox,0.1,2,12,4,0.25,,,0.7336886992743328,,1
clean,False,fedprox,0.1,2,13,1,0.25,,,0.9113061943756541,,1
clean,False,fedprox,0.1,2,13,2,0.25,,,0.7474153266657958,,1
clean,False,fedprox,0.1,2,13,3,0.25,,,0.7002465516770889,,1
clean,False,fedprox,0.1,2,13,4,0.25,,,0.7281657160453736,,1
clean,False,fedprox,0.1,2,14,1,0.25,,,0.8214229617998164,,1
clean,False,fedprox,0.1,2,14,2,0.25,,,0.742225748886462,,1
clean,False,fedprox,0.1,2,14,3,0.25,,,0.7472886457700608,,1
clean,False,fedprox,0.1,2,14,4,0.25,,,0.7749550861924713,,1
clean,False,fedprox,0.1,2,15,1,0.25,,,0.9619427545866992,,1
clean,False,fedprox,0.1,2,15,2,0.25,,,0.8097721913602216,,1
clean,False,fedprox,0.1,2,15,3,0.25,,,0.7489998831023835,,1
clean,False,fedprox,0.1,2,15,4,0.25,,,0.6873761838066477,,1
clean,False,fedprox,0.1,2,16,1,0.25,,,0.7595704610770357,,1
clean,False,fedprox,0.1,2,16,2,0.25,,,0.7738732015979742,,1
clean,False,fedprox,0.1,2,16,3,0.25,,,0.8200292239665925,,1
clean,False,fedprox,0.1,2,16,4,0.25,,,0.7302120787545878,,1
clean,False,fedprox,0.1,2,17,1,0.25,,,0.9454990925883455,,1
clean,False,fedprox,0.1,2,17,2,0.25,,,0.7789259382498273,,1
clean,False,fedprox,0.1,2,17,3,0.25,,,0.6648456844911396,,1
clean,False,fedprox,0.1,2,17,4,0.25,,,0.9188227553863517,,1
clean,False,fedprox,0.1,2,18,1,0.25,,,0.950416111853561,,1
clean,False,fedprox,0.1,2,18,2,0.25,,,0.7412202075682087,,1
clean,False,fedprox,0.1,2,18,3,0.25,,,0.7017074118667717,,1
clean,False,fedprox,0.1,2,18,4,0.25,,,0.8370247531710613,,1
clean,False,fedprox,0.1,2,19,1,0.25,,,1.0591713227556714,,1
clean,False,fedprox,0.1,2,19,2,0.25,,,0.8811084832730737,,1
clean,False,fedprox,0.1,2,19,3,0.25,,,0.8406248397436622,,1
clean,False,fedprox,0.1,2,19,4,0.25,,,0.7905630856785887,,1
clean,False,fedprox,0.1,2,20,1,0.25,,,0.9972579853369071,,1
clean,False,fedprox,0.1,2,20,2,0.25,,,0.7880926280182158,,1
clean,False,fedprox,0.1,2,20,3,0.25,,,0.7995225928131912,,1
clean,False,fedprox,0.1,2,20,4,0.25,,,0.6627315413600646,,1
clean,False,fedprox,0.1,2,21,1,0.25,,,0.9254035070350954,,1
clean,False,fedprox,0.1,2,21,2,0.25,,,0.7086641996724801,,1
clean,False,fedprox,0.1,2,21,3,0.25,,,0.6622322002078272,,1
clean,False,fedprox,0.1,2,21,4,0.25,,,0.8000520022012714,,1
clean,False,fedprox,0.1,2,22,1,0.25,,,0.7494518474202821,,1
clean,False,fedprox,0.1,2,22,2,0.25,,,0.7194647002506369,,1
clean,False,fedprox,0.1,2,22,3,0.25,,,0.9549054337626721,,1
clean,False,fedprox,0.1,2,22,4,0.25,,,0.6325286688911209,,1
clean,False,fedprox,0.1,2,23,1,0.25,,,0.9888753585605816,,1
clean,False,fedprox,0.1,2,23,2,0.25,,,0.7106798137157313,,1
clean,False,fedprox,0.1,2,23,3,0.25,,,0.8640863574825577,,1
clean,False,fedprox,0.1,2,23,4,0.25,,,0.9215319173715659,,1
clean,False,fedprox,0.1,2,24,1,0.25,,,0.9728570785231039,,1
clean,False,fedprox,0.1,2,24,2,0.25,,,0.8348868815486838,,1
clean,False,fedprox,0.1,2,24,3,0.25,,,0.6937238084808507,,1
clean,False,fedprox,0.1,2,24,4,0.25,,,0.7007393251396785,,1
clean,False,fedprox,0.1,2,25,1,0.25,,,0.9425173320878121,,1
clean,False,fedprox,0.1,2,25,2,0.25,,,0.7667479755578895,,1
clean,False,fedprox,0.1,2,25,3,0.25,,,0.8970544096143236,,1
clean,False,fedprox,0.1,2,25,4,0.25,,,0.880720570194798,,1
clean,False,fedprox,0.1,2,26,1,0.25,,,0.7679716489363009,,1
clean,False,fedprox,0.1,2,26,2,0.25,,,0.7596509174031714,,1
clean,False,fedprox,0.1,2,26,3,0.25,,,0.7254452582006109,,1
clean,False,fedprox,0.1,2,26,4,0.25,,,0.6520067127998549,,1
clean,False,fedprox,0.1,2,27,1,0.25,,,0.9066963688037045,,1
clean,False,fedprox,0.1,2,27,2,0.25,,,0.8143353639615563,,1
clean,False,fedprox,0.1,2,27,3,0.25,,,0.7532949360685043,,1
clean,False,fedprox,0.1,2,27,4,0.25,,,0.7828490564633208,,1
clean,False,fedprox,0.1,2,28,1,0.25,,,0.8978096703749837,,1
clean,False,fedprox,0.1,2,28,2,0.25,,,0.7968534523245651,,1
clean,False,fedprox,0.1,2,28,3,0.25,,,0.7704732926889047,,1
clean,False,fedprox,0.1,2,28,4,0.25,,,0.7170270925767989,,1
clean,False,fedprox,0.1,2,29,1,0.25,,,0.9507825197088261,,1
clean,False,fedprox,0.1,2,29,2,0.25,,,1.02115336210953,,1
clean,False,fedprox,0.1,2,29,3,0.25,,,0.7717831247208856,,1
clean,False,fedprox,0.1,2,29,4,0.25,,,0.8627986978788761,,1
clean,False,fedprox,0.1,2,30,1,0.25,,,0.9148225206921876,,1
clean,False,fedprox,0.1,2,30,2,0.25,,,0.7347404048866809,,1
clean,False,fedprox,0.1,2,30,3,0.25,,,0.7917723712362645,,1
clean,False,fedprox,0.1,2,30,4,0.25,,,0.7653887334780359,,1
clean,False,fedprox,0.1,3,1,1,0.25,,,1.1986268780302456,,1
clean,False,fedprox,0.1,3,1,2,0.25,,,1.2546712874046702,,1
clean,False,fedprox,0.1,3,1,3,0.25,,,1.061923279791919,,1
clean,False,fedprox,0.1,3,1,4,0.25,,,1.2113851495540482,,1
clean,False,fedprox,0.1,3,2,1,0.25,,,0.8248181204208499,,1
clean,False,fedprox,0.1,3,2,2,0.25,,,0.9253594471589215,,1
clean,False,fedprox,0.1,3,2,3,0.25,,,0.9831710760886411,,1
clean,False,fedprox,0.1,3,2,4,0.25,,,0.9040797017208595,,1
clean,False,fedprox,0.1,3,3,1,0.25,,,0.8238292964154201,,1
clean,False,fedprox,0.1,3,3,2,0.25,,,0.8543023837434551,,1
clean,False,fedprox,0.1,3,3,3,0.25,,,0.6471699182718399,,1
clean,False,fedprox,0.1,3,3,4,0.25,,,0.8156818988202126,,1
clean,False,fedprox,0.1,3,4,1,0.25,,,0.8693669195443926,,1
clean,False,fedprox,0.1,3,4,2,0.25,,,0.8729035964999522,,1
clean,False,fedprox,0.1,3,4,3,0.25,,,0.7883482691331195,,1
clean,False,fedprox,0.1,3,4,4,0.25,,,0.7817369400543769,,1
clean,False,fedprox,0.1,3,5,1,0.25,,,0.8289210135547387,,1
clean,False,fedprox,0.1,3,5,2,0.25,,,0.9901102193841443,,1
clean,False,fedprox,0.1,3,5,3,0.25,,,0.6939992821771557,,1
clean,False,fedprox,0.1,3,5,4,0.25,,,0.8796297395700948,,1
clean,False,fedprox,0.1,3,6,1,0.25,,,0.8684539195725504,,1
clean,False,fedprox,0.1,3,6,2,0.25,,,0.8351912650445497,,1
clean,False,fedprox,0.1,3,6,3,0.25,,,0.8242604492159299,,1
clean,False,fedprox,0.1,3,6,4,0.25,,,0.9107659202972878,,1
clean,False,fedprox,0.1,3,7,1,0.25,,,0.7759980595252356,,1
clean,False,fedprox,0.1,3,7,2,0.25,,,0.9204615924752628,,1
clean,False,fedprox,0.1,3,7,3,0.25,,,0.7463046057322102,,1
clean,False,fedprox,0.1,3,7,4,0.25,,,0.9798310347751871,,1
clean,False,fedprox,0.1,3,8,1,0.25,,,0.8800056803449662,,1
clean,False,fedprox,0.1,3,8,2,0.25,,,0.911248041522769,,1
clean,False,fedprox,0.1,3,8,3,0.25,,,0.7944587603710405,,1
clean,False,fedprox,0.1,3,8,4,0.25,,,0.8783271218672342,,1
clean,False,fedprox,0.1,3,9,1,0.25,,,0.8502007932578308,,1
clean,False,fedprox,0.1,3,9,2,0.25,,,0.7068927848063872,,1
clean,False,fedprox,0.1,3,9,3,0.25,,,0.7388257633040796,,1
clean,False,fedprox,0.1,3,9,4,0.25,,,0.9502068426212247,,1
clean,False,fedprox,0.1,3,10,1,0.25,,,0.8171184379057913,,1
clean,False,fedprox,0.1,3,10,2,0.25,,,0.8046920635709928,,1
clean,False,fedprox,0.1,3,10,3,0.25,,,0.7309109740653232,,1
clean,False,fedprox,0.1,3,10,4,0.25,,,0.8809971413155085,,1
clean,False,fedprox,0.1,3,11,1,0.25,,,0.8366913426066132,,1
clean,False,fedprox,0.1,3,11,2,0.25,,,0.6985010943082848,,1
clean,False,fedprox,0.1,3,11,3,0.25,,,0.68623344143027,,1
clean,False,fedprox,0.1,3,11,4,0.25,,,0.9048474284779904,,1
clean,False,fedprox,0.1,3,12,1,0.25,,,1.0024608719782795,,1
clean,False,fedprox,0.1,3,12,2,0.25,,,0.7351054408784301,,1
clean,False,fedprox,0.1,3,12,3,0.25,,,0.742977706726501,,1
clean,False,fedprox,0.1,3,12,4,0.25,,,0.7219840549657357,,1
clean,False,fedprox,0.1,3,13,1,0.25,,,0.82181746154777,,1
clean,False,fedprox,0.1,3,13,2,0.25,,,0.7516770294611212,,1
clean,False,fedprox,0.1,3,13,3,0.25,,,0.683349300355748,,1
clean,False,fedprox,0.1,3,13,4,0.25,,,0.8305171267577512,,1
clean,False,fedprox,0.1,3,14,1,0.25,,,0.8476767789788312,,1
clean,False,fedprox,0.1,3,14,2,0.25,,,0.9217836101545003,,1
clean,False,fedprox,0.1,3,14,3,0.25,,,0.9544145815274199,,1
clean,False,fedprox,0.1,3,14,4,0.25,,,0.7698763196217695,,1
clean,False,fedprox,0.1,3,15,1,0.25,,,0.819727604428963,,1
clean,False,fedprox,0.1,3,15,2,0.25,,,0.7107889277198303,,1
clean,False,fedprox,0.1,3,15,3,0.25,,,0.763943506703897,,1
clean,False,fedprox,0.1,3,15,4,0.25,,,0.8207089870194727,,1
clean,False,fedprox,0.1,3,16,1,0.25,,,0.8228853298471953,,1
clean,False,fedprox,0.1,3,16,2,0.25,,,0.7899052313808615,,1
clean,False,fedprox,0.1,3,16,3,0.25,,,0.6471239127717722,,1
clean,False,fedprox,0.1,3,16,4,0.25,,,0.7448455794281679,,1
clean,False,fedprox,0.1,3,17,1,0.25,,,0.8395764147276384,,1
clean,False,fedprox,0.1,3,17,2,0.25,,,0.8063775515440722,,1
clean,False,fedprox,0.1,3,17,3,0.25,,,0.9916616706673103,,1
clean,False,fedprox,0.1,3,17,4,0.25,,,0.9189676323374872,,1
clean,False,fedprox,0.1,3,18,1,0.25,,,1.004575159662278,,1
clean,False,fedprox,0.1,3,18,2,0.25,,,0.8330601408194938,,1
clean,False,fedprox,0.1,3,18,3,0.25,,,0.753494376619842,,1
clean,False,fedprox,0.1,3,18,4,0.25,,,0.8106165054515604,,1
clean,False,fedprox,0.1,3,19,1,0.25,,,0.7079462653774197,,1
clean,False,fedprox,0.1,3,19,2,0.25,,,0.7852670708771043,,1
clean,False,fedprox,0.1,3,19,3,0.25,,,0.8239917615358819,,1
clean,False,fedprox,0.1,3,19,4,0.25,,,0.7006783933121153,,1
clean,False,fedprox,0.1,3,20,1,0.25,,,0.8790573132150962,,1
clean,False,fedprox,0.1,3,20,2,0.25,,,0.7398515144063795,,1
clean,False,fedprox,0.1,3,20,3,0.25,,,0.6745443860750477,,1
clean,False,fedprox,0.1,3,20,4,0.25,,,0.9172000757612272,,1
clean,False,fedprox,0.1,3,21,1,0.25,,,0.8354240128811403,,1
clean,False,fedprox,0.1,3,21,2,0.25,,,0.7544026998729413,,1
clean,False,fedprox,0.1,3,21,3,0.25,,,0.7789232735228035,,1
clean,False,fedprox,0.1,3,21,4,0.25,,,0.7395014060459907,,1
clean,False,fedprox,0.1,3,22,1,0.25,,,0.7513479004822156,,1
clean,False,fedprox,0.1,3,22,2,0.25,,,0.7655792042550659,,1
clean,False,fedprox,0.1,3,22,3,0.25,,,0.6661559268937092,,1
clean,False,fedprox,0.1,3,22,4,0.25,,,0.6369215208603383,,1
clean,False,fedprox,0.1,3,23,1,0.25,,,1.117286432832187,,1
clean,False,fedprox,0.1,3,23,2,0.25,,,0.8436838380756918,,1
clean,False,fedprox,0.1,3,23,3,0.25,,,0.8029410061495342,,1
clean,False,fedprox,0.1,3,23,4,0.25,,,0.8814569087154102,,1
clean,False,fedprox,0.1,3,24,1,0.25,,,1.072334688262988,,1
clean,False,fedprox,0.1,3,24,2,0.25,,,0.7810902104554784,,1
clean,False,fedprox,0.1,3,24,3,0.25,,,0.7233192212073714,,1
clean,False,fedprox,0.1,3,24,4,0.25,,,0.7622244237410408,,1
clean,False,fedprox,0.1,3,25,1,0.25,,,0.9158728974910978,,1
clean,False,fedprox,0.1,3,25,2,0.25,,,0.7182799540853141,,1
clean,False,fedprox,0.1,3,25,3,0.25,,,0.8188758759157764,,1
clean,False,fedprox,0.1,3,25,4,0.25,,,0.9477407780314265,,1
clean,False,fedprox,0.1,3,26,1,0.25,,,0.9255137498871054,,1
clean,False,fedprox,0.1,3,26,2,0.25,,,0.8680738853077695,,1
clean,False,fedprox,0.1,3,26,3,0.25,,,0.8643198717554476,,1
clean,False,fedprox,0.1,3,26,4,0.25,,,0.6761348906505805,,1
clean,False,fedprox,0.1,3,27,1,0.25,,,0.8251365218668076,,1
clean,False,fedprox,0.1,3,27,2,0.25,,,0.8328223045653877,,1
clean,False,fedprox,0.1,3,27,3,0.25,,,0.7479822982345384,,1
clean,False,fedprox,0.1,3,27,4,0.25,,,0.8361102789988476,,1
clean,False,fedprox,0.1,3,28,1,0.25,,,0.9238186209797126,,1
clean,False,fedprox,0.1,3,28,2,0.25,,,0.742049540165409,,1
clean,False,fedprox,0.1,3,28,3,0.25,,,0.702160916896357,,1
clean,False,fedprox,0.1,3,28,4,0.25,,,0.8825356365949779,,1
clean,False,fedprox,0.1,3,29,1,0.25,,,0.8135501018386406,,1
clean,False,fedprox,0.1,3,29,2,0.25,,,0.886294602301342,,1
clean,False,fedprox,0.1,3,29,3,0.25,,,0.8129775692004276,,1
clean,False,fedprox,0.1,3,29,4,0.25,,,0.8214985752349714,,1
clean,False,fedprox,0.1,3,30,1,0.25,,,0.9020366297786357,,1
clean,False,fedprox,0.1,3,30,2,0.25,,,0.6979114468650458,,1
clean,False,fedprox,0.1,3,30,3,0.25,,,0.7158754810594362,,1
clean,False,fedprox,0.1,3,30,4,0.25,,,0.90578906086059,,1
clean,False,fedprox,0.1,4,1,1,0.25,,,1.4592240163093124,,1
clean,False,fedprox,0.1,4,1,2,0.25,,,1.1665203139654452,,1
clean,False,fedprox,0.1,4,1,3,0.25,,,1.040510319621337,,1
clean,False,fedprox,0.1,4,1,4,0.25,,,1.3124420379937685,,1
clean,False,fedprox,0.1,4,2,1,0.25,,,0.8973766352027738,,1
clean,False,fedprox,0.1,4,2,2,0.25,,,0.8420547038410444,,1
clean,False,fedprox,0.1,4,2,3,0.25,,,0.8154883030741048,,1
clean,False,fedprox,0.1,4,2,4,0.25,,,1.0098249089397113,,1
clean,False,fedprox,0.1,4,3,1,0.25,,,1.081360717367061,,1
clean,False,fedprox,0.1,4,3,2,0.25,,,0.8236323494802369,,1
clean,False,fedprox,0.1,4,3,3,0.25,,,0.6908332211850423,,1
clean,False,fedprox,0.1,4,3,4,0.25,,,0.8226116954502432,,1
clean,False,fedprox,0.1,4,4,1,0.25,,,0.8871695349142505,,1
clean,False,fedprox,0.1,4,4,2,0.25,,,0.8487707267669726,,1
clean,False,fedprox,0.1,4,4,3,0.25,,,0.7403245112338847,,1
clean,False,fedprox,0.1,4,4,4,0.25,,,0.8963746738786725,,1
clean,False,fedprox,0.1,4,5,1,0.25,,,0.9181843784878604,,1
clean,False,fedprox,0.1,4,5,2,0.25,,,0.6788889931109371,,1
clean,False,fedprox,0.1,4,5,3,0.25,,,0.7446738634986885,,1
clean,False,fedprox,0.1,4,5,4,0.25,,,0.7261607322292306,,1
clean,False,fedprox,0.1,4,6,1,0.25,,,0.9800799935088026,,1
clean,False,fedprox,0.1,4,6,2,0.25,,,0.7709903382337652,,1
clean,False,fedprox,0.1,4,6,3,0.25,,,0.5909589169188001,,1
clean,False,fedprox,0.1,4,6,4,0.25,,,0.7795654399198847,,1
clean,False,fedprox,0.1,4,7,1,0.25,,,0.8752874694536777,,1
clean,False,fedprox,0.1,4,7,2,0.25,,,0.7293018376416143,,1
clean,False,fedprox,0.1,4,7,3,0.25,,,0.8574926886755521,,1
clean,False,fedprox,0.1,4,7,4,0.25,,,0.8653395064070452,,1
clean,False,fedprox,0.1,4,8,1,0.25,,,0.7649807525317887,,1
clean,False,fedprox,0.1,4,8,2,0.25,,,0.9296905925322388,,1
clean,False,fedprox,0.1,4,8,3,0.25,,,0.6963559962702337,,1
clean,False,fedprox,0.1,4,8,4,0.25,,,0.7866422004997995,,1
clean,False,fedprox,0.1,4,9,1,0.25,,,0.7697923634370504,,1
clean,False,fedprox,0.1,4,9,2,0.25,,,0.7462199665580729,,1
clean,False,fedprox,0.1,4,9,3,0.25,,,0.7123478147236736,,1
clean,False,fedprox,0.1,4,9,4,0.25,,,0.9309406191056168,,1
clean,False,fedprox,0.1,4,10,1,0.25,,,0.8906986108794196,,1
clean,False,fedprox,0.1,4,10,2,0.25,,,0.8371367304130473,,1
clean,False,fedprox,0.1,4,10,3,0.25,,,0.7142349256173778,,1
clean,False,fedprox,0.1,4,10,4,0.25,,,0.7986021881952257,,1
clean,False,fedprox,0.1,4,11,1,0.25,,,0.8453999843650768,,1
clean,False,fedprox,0.1,4,11,2,0.25,,,0.603014257897032,,1
clean,False,fedprox,0.1,4,11,3,0.25,,,0.5845805798900282,,1
clean,False,fedprox,0.1,4,11,4,0.25,,,0.846010191589365,,1
clean,False,fedprox,0.1,4,12,1,0.25,,,0.846745537509024,,1
clean,False,fedprox,0.1,4,12,2,0.25,,,0.6659508573954167,,1
clean,False,fedprox,0.1,4,12,3,0.25,,,0.9162271270548318,,1
clean,False,fedprox,0.1,4,12,4,0.25,,,0.7653407740245474,,1
clean,False,fedprox,0.1,4,13,1,0.25,,,0.9028681563490402,,1
clean,False,fedprox,0.1,4,13,2,0.25,,,0.6958788196370612,,1
clean,False,fedprox,0.1,4,13,3,0.25,,,0.6802202378194204,,1
clean,False,fedprox,0.1,4,13,4,0.25,,,0.6641955265320715,,1
clean,False,fedprox,0.1,4,14,1,0.25,,,0.8899149729166734,,1
clean,False,fedprox,0.1,4,14,2,0.25,,,0.6886462668880692,,1
clean,False,fedprox,0.1,4,14,3,0.25,,,0.6531197813916662,,1
clean,False,fedprox,0.1,4,14,4,0.25,,,0.7652295922458688,,1
clean,False,fedprox,0.1,4,15,1,0.25,,,0.8255801882812988,,1
clean,False,fedprox,0.1,4,15,2,0.25,,,0.7526149223556187,,1
clean,False,fedprox,0.1,4,15,3,0.25,,,0.8215253389957863,,1
clean,False,fedprox,0.1,4,15,4,0.25,,,0.6657847622428712,,1
clean,False,fedprox,0.1,4,16,1,0.25,,,0.8542201319831697,,1
clean,False,fedprox,0.1,4,16,2,0.25,,,0.8392209864630997,,1
clean,False,fedprox,0.1,4,16,3,0.25,,,0.6949223677343456,,1
clean,False,fedprox,0.1,4,16,4,0.25,,,0.7077149684265008,,1
clean,False,fedprox,0.1,4,17,1,0.25,,,0.8717998194573326,,1
clean,False,fedprox,0.1,4,17,2,0.25,,,0.8794835803325245,,1
clean,False,fedprox,0.1,4,17,3,0.25,,,0.8425690876594394,,1
clean,False,fedprox,0.1,4,17,4,0.25,,,0.8903132285615267,,1
clean,False,fedprox,0.1,4,18,1,0.25,,,0.8288152923601863,,1
clean,False,fedprox,0.1,4,18,2,0.25,,,0.7241889051764592,,1
clean,False,fedprox,0.1,4,18,3,0.25,,,0.6868463203352694,,1
clean,False,fedprox,0.1,4,18,4,0.25,,,0.8738045057093882,,1
clean,False,fedprox,0.1,4,19,1,0.25,,,0.8216227450990405,,1
clean,False,fedprox,0.1,4,19,2,0.25,,,0.7121540164027562,,1
clean,False,fedprox,0.1,4,19,3,0.25,,,0.6136813901998777,,1
clean,False,fedprox,0.1,4,19,4,0.25,,,0.8385464861594416,,1
clean,False,fedprox,0.1,4,20,1,0.25,,,0.9197438334977279,,1
clean,False,fedprox,0.1,4,20,2,0.25,,,0.8043703756217719,,1
clean,False,fedprox,0.1,4,20,3,0.25,,,0.835391579261949,,1
clean,False,fedprox,0.1,4,20,4,0.25,,,0.6519524529290601,,1
clean,False,fedprox,0.1,4,21,1,0.25,,,0.848821757915967,,1
clean,False,fedprox,0.1,4,21,2,0.25,,,0.7854705416355151,,1
clean,False,fedprox,0.1,4,21,3,0.25,,,0.7293655375656892,,1
clean,False,fedprox,0.1,4,21,4,0.25,,,0.6975147195706469,,1
clean,False,fedprox,0.1,4,22,1,0.25,,,0.8385808676693427,,1
clean,False,fedprox,0.1,4,22,2,0.25,,,0.839727803990163,,1
clean,False,fedprox,0.1,4,22,3,0.25,,,0.6899307575836139,,1
clean,False,fedprox,0.1,4,22,4,0.25,,,0.9714644773271591,,1
clean,False,fedprox,0.1,4,23,1,0.25,,,0.935303486398104,,1
clean,False,fedprox,0.1,4,23,2,0.25,,,0.7350081977161103,,1
clean,False,fedprox,0.1,4,23,3,0.25,,,0.988520708722359,,1
clean,False,fedprox,0.1,4,23,4,0.25,,,0.7191402802066978,,1
clean,False,fedprox,0.1,4,24,1,0.25,,,0.8816885410117079,,1
clean,False,fedprox,0.1,4,24,2,0.25,,,0.9435668194973187,,1
clean,False,fedprox,0.1,4,24,3,0.25,,,0.6724719275836659,,1
clean,False,fedprox,0.1,4,24,4,0.25,,,0.7614084394286352,,1
clean,False,fedprox,0.1,4,25,1,0.25,,,0.8372123877021093,,1
clean,False,fedprox,0.1,4,25,2,0.25,,,0.8096709298981059,,1
clean,False,fedprox,0.1,4,25,3,0.25,,,0.8904975370612255,,1
clean,False,fedprox,0.1,4,25,4,0.25,,,0.6212570750856621,,1
clean,False,fedprox,0.1,4,26,1,0.25,,,0.8417478384356842,,1
clean,False,fedprox,0.1,4,26,2,0.25,,,0.6914499442102325,,1
clean,False,fedprox,0.1,4,26,3,0.25,,,0.7521914172611587,,1
clean,False,fedprox,0.1,4,26,4,0.25,,,0.8077446334934203,,1
clean,False,fedprox,0.1,4,27,1,0.25,,,0.754013186117996,,1
clean,False,fedprox,0.1,4,27,2,0.25,,,0.8137868931227761,,1
clean,False,fedprox,0.1,4,27,3,0.25,,,0.743296380086886,,1
clean,False,fedprox,0.1,4,27,4,0.25,,,0.7062167790368213,,1
clean,False,fedprox,0.1,4,28,1,0.25,,,0.9475068074856426,,1
clean,False,fedprox,0.1,4,28,2,0.25,,,0.6636474662715006,,1
clean,False,fedprox,0.1,4,28,3,0.25,,,0.6728188698705596,,1
clean,False,fedprox,0.1,4,28,4,0.25,,,0.7887697434534976,,1
clean,False,fedprox,0.1,4,29,1,0.25,,,1.033146118894117,,1
clean,False,fedprox,0.1,4,29,2,0.25,,,0.7234410306379014,,1
clean,False,fedprox,0.1,4,29,3,0.25,,,0.6748913092435725,,1
clean,False,fedprox,0.1,4,29,4,0.25,,,0.7697510067137007,,1
clean,False,fedprox,0.1,4,30,1,0.25,,,0.7841621246620891,,1
clean,False,fedprox,0.1,4,30,2,0.25,,,0.7628291086700683,,1
clean,False,fedprox,0.1,4,30,3,0.25,,,0.7048925366577602,,1
clean,False,fedprox,0.1,4,30,4,0.25,,,0.6392725783552942,,1
clean,False,fedprox,1.0,0,1,1,0.25,,,0.549207060692312,,1
clean,False,fedprox,1.0,0,1,2,0.25,,,0.5382366041535227,,1
clean,False,fedprox,1.0,0,1,3,0.25,,,0.5290251122166044,,1
clean,False,fedprox,1.0,0,1,4,0.25,,,0.5699258171773557,,1
clean,False,fedprox,1.0,0,2,1,0.25,,,0.4345401560526142,,1
clean,False,fedprox,1.0,0,2,2,0.25,,,0.2620565880679062,,1
clean,False,fedprox,1.0,0,2,3,0.25,,,0.2834400037547705,,1
clean,False,fedprox,1.0,0,2,4,0.25,,,0.379793629658363,,1
clean,False,fedprox,1.0,0,3,1,0.25,,,0.5314927678580097,,1
clean,False,fedprox,1.0,0,3,2,0.25,,,0.3149283633389384,,1
clean,False,fedprox,1.0,0,3,3,0.25,,,0.17558758977002112,,1
clean,False,fedprox,1.0,0,3,4,0.25,,,0.2718256885858038,,1
clean,False,fedprox,1.0,0,4,1,0.25,,,0.3849561956251759,,1
clean,False,fedprox,1.0,0,4,2,0.25,,,0.24253604426320735,,1
clean,False,fedprox,1.0,0,4,3,0.25,,,0.36084294799170646,,1
clean,False,fedprox,1.0,0,4,4,0.25,,,0.3127519544344783,,1
clean,False,fedprox,1.0,0,5,1,0.25,,,0.3569257345784018,,1
clean,False,fedprox,1.0,0,5,2,0.25,,,0.2919669753946172,,1
clean,False,fedprox,1.0,0,5,3,0.25,,,0.2751283338061586,,1
clean,False,fedprox,1.0,0,5,4,0.25,,,0.3215083103991668,,1
clean,False,fedprox,1.0,0,6,1,0.25,,,0.3004911988689444,,1
clean,False,fedprox,1.0,0,6,2,0.25,,,0.32361975105709684,,1
clean,False,fedprox,1.0,0,6,3,0.25,,,0.38125036400280055,,1
clean,False,fedprox,1.0,0,6,4,0.25,,,0.3778594781296557,,1
clean,False,fedprox,1.0,0,7,1,0.25,,,0.28515472646733325,,1
clean,False,fedprox,1.0,0,7,2,0.25,,,0.2970301051591124,,1
clean,False,fedprox,1.0,0,7,3,0.25,,,0.23087499470251713,,1
clean,False,fedprox,1.0,0,7,4,0.25,,,0.3267649698385891,,1
clean,False,fedprox,1.0,0,8,1,0.25,,,0.31008663364315453,,1
clean,False,fedprox,1.0,0,8,2,0.25,,,0.26249198769737847,,1
clean,False,fedprox,1.0,0,8,3,0.25,,,0.2403746341086468,,1
clean,False,fedprox,1.0,0,8,4,0.25,,,0.27056659012951045,,1
clean,False,fedprox,1.0,0,9,1,0.25,,,0.32130377683807976,,1
clean,False,fedprox,1.0,0,9,2,0.25,,,0.328347221165236,,1
clean,False,fedprox,1.0,0,9,3,0.25,,,0.2989353498356021,,1
clean,False,fedprox,1.0,0,9,4,0.25,,,0.31197439164759383,,1
clean,False,fedprox,1.0,0,10,1,0.25,,,0.3282461593493091,,1
clean,False,fedprox,1.0,0,10,2,0.25,,,0.2869881170741762,,1
clean,False,fedprox,1.0,0,10,3,0.25,,,0.25277378780525395,,1
clean,False,fedprox,1.0,0,10,4,0.25,,,0.23980437248522654,,1
clean,False,fedprox,1.0,0,11,1,0.25,,,0.41937375038900593,,1
clean,False,fedprox,1.0,0,11,2,0.25,,,0.3085415802345833,,1
clean,False,fedprox,1.0,0,11,3,0.25,,,0.21807346019129042,,1
clean,False,fedprox,1.0,0,11,4,0.25,,,0.35340059075182534,,1
clean,False,fedprox,1.0,0,12,1,0.25,,,0.33027616080960936,,1
clean,False,fedprox,1.0,0,12,2,0.25,,,0.24792658416889918,,1
clean,False,fedprox,1.0,0,12,3,0.25,,,0.2858072835656232,,1
clean,False,fedprox,1.0,0,12,4,0.25,,,0.3176349280849803,,1
clean,False,fedprox,1.0,0,13,1,0.25,,,0.26763916614939093,,1
clean,False,fedprox,1.0,0,13,2,0.25,,,0.20584244582946085,,1
clean,False,fedprox,1.0,0,13,3,0.25,,,0.2605406094989809,,1
clean,False,fedprox,1.0,0,13,4,0.25,,,0.27449569438517873,,1
clean,False,fedprox,1.0,0,14,1,0.25,,,0.31059589673189386,,1
clean,False,fedprox,1.0,0,14,2,0.25,,,0.2526885299662681,,1
clean,False,fedprox,1.0,0,14,3,0.25,,,0.28587354816495625,,1
clean,False,fedprox,1.0,0,14,4,0.25,,,0.27013858010712055,,1
clean,False,fedprox,1.0,0,15,1,0.25,,,0.3549269705072744,,1
clean,False,fedprox,1.0,0,15,2,0.25,,,0.3373209780372344,,1
clean,False,fedprox,1.0,0,15,3,0.25,,,0.3476422614040796,,1
clean,False,fedprox,1.0,0,15,4,0.25,,,0.27975078110674867,,1
clean,False,fedprox,1.0,0,16,1,0.25,,,0.3561038542628371,,1
clean,False,fedprox,1.0,0,16,2,0.25,,,0.2675907286349291,,1
clean,False,fedprox,1.0,0,16,3,0.25,,,0.27269513596594663,,1
clean,False,fedprox,1.0,0,16,4,0.25,,,0.29229492150519554,,1
clean,False,fedprox,1.0,0,17,1,0.25,,,0.3028606443872648,,1
clean,False,fedprox,1.0,0,17,2,0.25,,,0.2549861279098866,,1
clean,False,fedprox,1.0,0,17,3,0.25,,,0.31510597476708757,,1
clean,False,fedprox,1.0,0,17,4,0.25,,,0.2786668453449336,,1
clean,False,fedprox,1.0,0,18,1,0.25,,,0.30632545699342134,,1
clean,False,fedprox,1.0,0,18,2,0.25,,,0.2707821649993802,,1
clean,False,fedprox,1.0,0,18,3,0.25,,,0.2804915846680335,,1
clean,False,fedprox,1.0,0,18,4,0.25,,,0.2723374976162396,,1
clean,False,fedprox,1.0,0,19,1,0.25,,,0.356110270063449,,1
clean,False,fedprox,1.0,0,19,2,0.25,,,0.24339869915224233,,1
clean,False,fedprox,1.0,0,19,3,0.25,,,0.2226693766981495,,1
clean,False,fedprox,1.0,0,19,4,0.25,,,0.398894641840072,,1
clean,False,fedprox,1.0,0,20,1,0.25,,,0.3583429132426084,,1
clean,False,fedprox,1.0,0,20,2,0.25,,,0.27234232944203834,,1
clean,False,fedprox,1.0,0,20,3,0.25,,,0.23254842347264,,1
clean,False,fedprox,1.0,0,20,4,0.25,,,0.36387884724694797,,1
clean,False,fedprox,1.0,0,21,1,0.25,,,0.24821135853082713,,1
clean,False,fedprox,1.0,0,21,2,0.25,,,0.22396495913348882,,1
clean,False,fedprox,1.0,0,21,3,0.25,,,0.23758423206025872,,1
clean,False,fedprox,1.0,0,21,4,0.25,,,0.3141225570007779,,1
clean,False,fedprox,1.0,0,22,1,0.25,,,0.38343075277978034,,1
clean,False,fedprox,1.0,0,22,2,0.25,,,0.24378525909549129,,1
clean,False,fedprox,1.0,0,22,3,0.25,,,0.30561754627255616,,1
clean,False,fedprox,1.0,0,22,4,0.25,,,0.32560512968946304,,1
clean,False,fedprox,1.0,0,23,1,0.25,,,0.30304252376497365,,1
clean,False,fedprox,1.0,0,23,2,0.25,,,0.3557797870388856,,1
clean,False,fedprox,1.0,0,23,3,0.25,,,0.26222250177526235,,1
clean,False,fedprox,1.0,0,23,4,0.25,,,0.3954067404780946,,1
clean,False,fedprox,1.0,0,24,1,0.25,,,0.3652071120140878,,1
clean,False,fedprox,1.0,0,24,2,0.25,,,0.3049501103509488,,1
clean,False,fedprox,1.0,0,24,3,0.25,,,0.22068260020823316,,1
clean,False,fedprox,1.0,0,24,4,0.25,,,0.3024904460918336,,1
clean,False,fedprox,1.0,0,25,1,0.25,,,0.41506045368148176,,1
clean,False,fedprox,1.0,0,25,2,0.25,,,0.22520928339350055,,1
clean,False,fedprox,1.0,0,25,3,0.25,,,0.24748557106830513,,1
clean,False,fedprox,1.0,0,25,4,0.25,,,0.29112307304485663,,1
clean,False,fedprox,1.0,0,26,1,0.25,,,0.2796619460252817,,1
clean,False,fedprox,1.0,0,26,2,0.25,,,0.33764408111964556,,1
clean,False,fedprox,1.0,0,26,3,0.25,,,0.25428632784919564,,1
clean,False,fedprox,1.0,0,26,4,0.25,,,0.2973850452468657,,1
clean,False,fedprox,1.0,0,27,1,0.25,,,0.3120266323458151,,1
clean,False,fedprox,1.0,0,27,2,0.25,,,0.31552279713544173,,1
clean,False,fedprox,1.0,0,27,3,0.25,,,0.2719912952757943,,1
clean,False,fedprox,1.0,0,27,4,0.25,,,0.2776855144801861,,1
clean,False,fedprox,1.0,0,28,1,0.25,,,0.38252927363142625,,1
clean,False,fedprox,1.0,0,28,2,0.25,,,0.3267260645476138,,1
clean,False,fedprox,1.0,0,28,3,0.25,,,0.21228865484186424,,1
clean,False,fedprox,1.0,0,28,4,0.25,,,0.3406187554715062,,1
clean,False,fedprox,1.0,0,29,1,0.25,,,0.4049893349276381,,1
clean,False,fedprox,1.0,0,29,2,0.25,,,0.3281571217452957,,1
clean,False,fedprox,1.0,0,29,3,0.25,,,0.2545228022235979,,1
clean,False,fedprox,1.0,0,29,4,0.25,,,0.36453295127373264,,1
clean,False,fedprox,1.0,0,30,1,0.25,,,0.26893531373163615,,1
clean,False,fedprox,1.0,0,30,2,0.25,,,0.24654865043753874,,1
clean,False,fedprox,1.0,0,30,3,0.25,,,0.2736121812363571,,1
clean,False,fedprox,1.0,0,30,4,0.25,,,0.3008393263776804,,1
clean,False,fedprox,1.0,1,1,1,0.25,,,0.6092223970063579,,1
clean,False,fedprox,1.0,1,1,2,0.25,,,0.6116619584256718,,1
clean,False,fedprox,1.0,1,1,3,0.25,,,0.5773923418884964,,1
clean,False,fedprox,1.0,1,1,4,0.25,,,0.6008704685372859,,1
clean,False,fedprox,1.0,1,2,1,0.25,,,0.3794210137444056,,1
clean,False,fedprox,1.0,1,2,2,0.25,,,0.3482261468368901,,1
clean,False,fedprox,1.0,1,2,3,0.25,,,0.34563683133580475,,1
clean,False,fedprox,1.0,1,2,4,0.25,,,0.36866441130042277,,1
clean,False,fedprox,1.0,1,3,1,0.25,,,0.3942625481180279,,1
clean,False,fedprox,1.0,1,3,2,0.25,,,0.2730484750566312,,1
clean,False,fedprox,1.0,1,3,3,0.25,,,0.35669571114150783,,1
clean,False,fedprox,1.0,1,3,4,0.25,,,0.26447972759329225,,1
clean,False,fedprox,1.0,1,4,1,0.25,,,0.3983726628499601,,1
clean,False,fedprox,1.0,1,4,2,0.25,,,0.3225308024054217,,1
clean,False,fedprox,1.0,1,4,3,0.25,,,0.25680207608946953,,1
clean,False,fedprox,1.0,1,4,4,0.25,,,0.31989321742380644,,1
clean,False,fedprox,1.0,1,5,1,0.25,,,0.2848180248404581,,1
clean,False,fedprox,1.0,1,5,2,0.25,,,0.3866266763801676,,1
clean,False,fedprox,1.0,1,5,3,0.25,,,0.23441671739924086,,1
clean,False,fedprox,1.0,1,5,4,0.25,,,0.3503742966030137,,1
clean,False,fedprox,1.0,1,6,1,0.25,,,0.33713625500933764,,1
clean,False,fedprox,1.0,1,6,2,0.25,,,0.24213772124676164,,1
clean,False,fedprox,1.0,1,6,3,0.25,,,0.3099143087101387,,1
clean,False,fedprox,1.0,1,6,4,0.25,,,0.2950423870947662,,1
clean,False,fedprox,1.0,1,7,1,0.25,,,0.2698173261154263,,1
clean,False,fedprox,1.0,1,7,2,0.25,,,0.2935907911426677,,1
clean,False,fedprox,1.0,1,7,3,0.25,,,0.1929465577304146,,1
clean,False,fedprox,1.0,1,7,4,0.25,,,0.3186075712452685,,1
clean,False,fedprox,1.0,1,8,1,0.25,,,0.4128832897433588,,1
clean,False,fedprox,1.0,1,8,2,0.25,,,0.354054366359264,,1
clean,False,fedprox,1.0,1,8,3,0.25,,,0.20984363725960553,,1
clean,False,fedprox,1.0,1,8,4,0.25,,,0.3252948649032346,,1
clean,False,fedprox,1.0,1,9,1,0.25,,,0.2794648715071488,,1
clean,False,fedprox,1.0,1,9,2,0.25,,,0.28073345655247806,,1
clean,False,fedprox,1.0,1,9,3,0.25,,,0.24114242975235028,,1
clean,False,fedprox,1.0,1,9,4,0.25,,,0.24826390279532873,,1
clean,False,fedprox,1.0,1,10,1,0.25,,,0.3075516806580297,,1
clean,False,fedprox,1.0,1,10,2,0.25,,,0.2519370000377021,,1
clean,False,fedprox,1.0,1,10,3,0.25,,,0.2947964249338991,,1
clean,False,fedprox,1.0,1,10,4,0.25,,,0.32031302509903326,,1
clean,False,fedprox,1.0,1,11,1,0.25,,,0.2710806945447747,,1
clean,False,fedprox,1.0,1,11,2,0.25,,,0.2574227677267386,,1
clean,False,fedprox,1.0,1,11,3,0.25,,,0.264368418017118,,1
clean,False,fedprox,1.0,1,11,4,0.25,,,0.3152084170828484,,1
clean,False,fedprox,1.0,1,12,1,0.25,,,0.25122807575033496,,1
clean,False,fedprox,1.0,1,12,2,0.25,,,0.2701830425926843,,1
clean,False,fedprox,1.0,1,12,3,0.25,,,0.22085648237745933,,1
clean,False,fedprox,1.0,1,12,4,0.25,,,0.2789480164411412,,1
clean,False,fedprox,1.0,1,13,1,0.25,,,0.29567459552087894,,1
clean,False,fedprox,1.0,1,13,2,0.25,,,0.2426982307212159,,1
clean,False,fedprox,1.0,1,13,3,0.25,,,0.23755488051063803,,1
clean,False,fedprox,1.0,1,13,4,0.25,,,0.3538415279512411,,1
clean,False,fedprox,1.0,1,14,1,0.25,,,0.2500621693664951,,1
clean,False,fedprox,1.0,1,14,2,0.25,,,0.28748006665625153,,1
clean,False,fedprox,1.0,1,14,3,0.25,,,0.34138493049797286,,1
clean,False,fedprox,1.0,1,14,4,0.25,,,0.3004169860754936,,1
clean,False,fedprox,1.0,1,15,1,0.25,,,0.31035909157241687,,1
clean,False,fedprox,1.0,1,15,2,0.25,,,0.2805074509395925,,1
clean,False,fedprox,1.0,1,15,3,0.25,,,0.22507995763221034,,1
clean,False,fedprox,1.0,1,15,4,0.25,,,0.19312548922960238,,1
clean,False,fedprox,1.0,1,16,1,0.25,,,0.3404486301582974,,1
clean,False,fedprox,1.0,1,16,2,0.25,,,0.21719438465713373,,1
clean,False,fedprox,1.0,1,16,3,0.25,,,0.2363206501026209,,1
clean,False,fedprox,1.0,1,16,4,0.25,,,0.30600308566214046,,1
clean,False,fedprox,1.0,1,17,1,0.25,,,0.354771307945185,,1
clean,False,fedprox,1.0,1,17,2,0.25,,,0.2931056287528017,,1
clean,False,fedprox,1.0,1,17,3,0.25,,,0.30299777841543307,,1
clean,False,fedprox,1.0,1,17,4,0.25,,,0.2609321167559247,,1
clean,False,fedprox,1.0,1,18,1,0.25,,,0.47724865886558215,,1
clean,False,fedprox,1.0,1,18,2,0.25,,,0.2782757098242213,,1
clean,False,fedprox,1.0,1,18,3,0.25,,,0.2197674097143642,,1
clean,False,fedprox,1.0,1,18,4,0.25,,,0.24307159267768544,,1
clean,False,fedprox,1.0,1,19,1,0.25,,,0.2737931692648741,,1
clean,False,fedprox,1.0,1,19,2,0.25,,,0.2652815069993028,,1
clean,False,fedprox,1.0,1,19,3,0.25,,,0.29929468698495004,,1
clean,False,fedprox,1.0,1,19,4,0.25,,,0.25341252354758953,,1
clean,False,fedprox,1.0,1,20,1,0.25,,,0.30550508616879507,,1
clean,False,fedprox,1.0,1,20,2,0.25,,,0.22846695173527456,,1
clean,False,fedprox,1.0,1,20,3,0.25,,,0.21940781359541722,,1
clean,False,fedprox,1.0,1,20,4,0.25,,,0.2794395731034913,,1
clean,False,fedprox,1.0,1,21,1,0.25,,,0.2639801948031321,,1
clean,False,fedprox,1.0,1,21,2,0.25,,,0.25578111409505644,,1
clean,False,fedprox,1.0,1,21,3,0.25,,,0.3055928753712303,,1
clean,False,fedprox,1.0,1,21,4,0.25,,,0.2599818827012286,,1
clean,False,fedprox,1.0,1,22,1,0.25,,,0.4136320328961646,,1
clean,False,fedprox,1.0,1,22,2,0.25,,,0.3102598030513539,,1
clean,False,fedprox,1.0,1,22,3,0.25,,,0.24118921343097335,,1
clean,False,fedprox,1.0,1,22,4,0.25,,,0.2448121328904115,,1
clean,False,fedprox,1.0,1,23,1,0.25,,,0.2802708724355833,,1
clean,False,fedprox,1.0,1,23,2,0.25,,,0.2935484122578272,,1
clean,False,fedprox,1.0,1,23,3,0.25,,,0.2023258269729167,,1
clean,False,fedprox,1.0,1,23,4,0.25,,,0.37816655424966805,,1
clean,False,fedprox,1.0,1,24,1,0.25,,,0.22495688564965197,,1
clean,False,fedprox,1.0,1,24,2,0.25,,,0.32711629459537156,,1
clean,False,fedprox,1.0,1,24,3,0.25,,,0.26862733237097824,,1
clean,False,fedprox,1.0,1,24,4,0.25,,,0.269311955510406,,1
clean,False,fedprox,1.0,1,25,1,0.25,,,0.35419362132020205,,1
clean,False,fedprox,1.0,1,25,2,0.25,,,0.28206534412955353,,1
clean,False,fedprox,1.0,1,25,3,0.25,,,0.22935883951976588,,1
clean,False,fedprox,1.0,1,25,4,0.25,,,0.27217367159280104,,1
clean,False,fedprox,1.0,1,26,1,0.25,,,0.2268864179658119,,1
clean,False,fedprox,1.0,1,26,2,0.25,,,0.2636726993902641,,1
clean,False,fedprox,1.0,1,26,3,0.25,,,0.33988948056073204,,1
clean,False,fedprox,1.0,1,26,4,0.25,,,0.2890101682611847,,1
clean,False,fedprox,1.0,1,27,1,0.25,,,0.28648503832945693,,1
clean,False,fedprox,1.0,1,27,2,0.25,,,0.24460615431665164,,1
clean,False,fedprox,1.0,1,27,3,0.25,,,0.45537064411955974,,1
clean,False,fedprox,1.0,1,27,4,0.25,,,0.24597494754086802,,1
clean,False,fedprox,1.0,1,28,1,0.25,,,0.35455617126526673,,1
clean,False,fedprox,1.0,1,28,2,0.25,,,0.25075363551042046,,1
clean,False,fedprox,1.0,1,28,3,0.25,,,0.32440413244222416,,1
clean,False,fedprox,1.0,1,28,4,0.25,,,0.2525160951780879,,1
clean,False,fedprox,1.0,1,29,1,0.25,,,0.44630230850862757,,1
clean,False,fedprox,1.0,1,29,2,0.25,,,0.2806425926102701,,1
clean,False,fedprox,1.0,1,29,3,0.25,,,0.17858523233246712,,1
clean,False,fedprox,1.0,1,29,4,0.25,,,0.342496040824841,,1
clean,False,fedprox,1.0,1,30,1,0.25,,,0.3064467098312949,,1
clean,False,fedprox,1.0,1,30,2,0.25,,,0.320922109897048,,1
clean,False,fedprox,1.0,1,30,3,0.25,,,0.23911675907885732,,1
clean,False,fedprox,1.0,1,30,4,0.25,,,0.27143520075370614,,1
clean,False,fedprox,1.0,2,1,1,0.25,,,0.5716214271773915,,1
clean,False,fedprox,1.0,2,1,2,0.25,,,0.5968116972733859,,1
clean,False,fedprox,1.0,2,1,3,0.25,,,0.5897327401574068,,1
clean,False,fedprox,1.0,2,1,4,0.25,,,0.5464435768756695,,1
clean,False,fedprox,1.0,2,2,1,0.25,,,0.40233719926036804,,1
clean,False,fedprox,1.0,2,2,2,0.25,,,0.2937173551789488,,1
clean,False,fedprox,1.0,2,2,3,0.25,,,0.28063799845760284,,1
clean,False,fedprox,1.0,2,2,4,0.25,,,0.3202090618639581,,1
clean,False,fedprox,1.0,2,3,1,0.25,,,0.3175781830097334,,1
clean,False,fedprox,1.0,2,3,2,0.25,,,0.3006959326767548,,1
clean,False,fedprox,1.0,2,3,3,0.25,,,0.26725091423460223,,1
clean,False,fedprox,1.0,2,3,4,0.25,,,0.3475669488338229,,1
clean,False,fedprox,1.0,2,4,1,0.25,,,0.3907787045353937,,1
clean,False,fedprox,1.0,2,4,2,0.25,,,0.3544589364977776,,1
clean,False,fedprox,1.0,2,4,3,0.25,,,0.23297443144269717,,1
clean,False,fedprox,1.0,2,4,4,0.25,,,0.3469287367917955,,1
clean,False,fedprox,1.0,2,5,1,0.25,,,0.357246919744206,,1
clean,False,fedprox,1.0,2,5,2,0.25,,,0.3212415551283055,,1
clean,False,fedprox,1.0,2,5,3,0.25,,,0.29320834465198453,,1
clean,False,fedprox,1.0,2,5,4,0.25,,,0.41825143837850354,,1
clean,False,fedprox,1.0,2,6,1,0.25,,,0.3128374877986131,,1
clean,False,fedprox,1.0,2,6,2,0.25,,,0.2297751545667825,,1
clean,False,fedprox,1.0,2,6,3,0.25,,,0.2554574613387974,,1
clean,False,fedprox,1.0,2,6,4,0.25,,,0.3135285274373604,,1
clean,False,fedprox,1.0,2,7,1,0.25,,,0.2872224586609516,,1
clean,False,fedprox,1.0,2,7,2,0.25,,,0.2972891100290252,,1
clean,False,fedprox,1.0,2,7,3,0.25,,,0.2524340003010807,,1
clean,False,fedprox,1.0,2,7,4,0.25,,,0.2970483443199531,,1
clean,False,fedprox,1.0,2,8,1,0.25,,,0.36467584223109184,,1
clean,False,fedprox,1.0,2,8,2,0.25,,,0.21957236025255286,,1
clean,False,fedprox,1.0,2,8,3,0.25,,,0.27830265345165534,,1
clean,False,fedprox,1.0,2,8,4,0.25,,,0.39165036317919055,,1
clean,False,fedprox,1.0,2,9,1,0.25,,,0.3452011751631524,,1
clean,False,fedprox,1.0,2,9,2,0.25,,,0.3790503998976097,,1
clean,False,fedprox,1.0,2,9,3,0.25,,,0.20320552742974118,,1
clean,False,fedprox,1.0,2,9,4,0.25,,,0.32114586315169485,,1
clean,False,fedprox,1.0,2,10,1,0.25,,,0.30552056419816276,,1
clean,False,fedprox,1.0,2,10,2,0.25,,,0.23213160502265717,,1
clean,False,fedprox,1.0,2,10,3,0.25,,,0.29887049785711367,,1
clean,False,fedprox,1.0,2,10,4,0.25,,,0.29346845369216856,,1
clean,False,fedprox,1.0,2,11,1,0.25,,,0.33043706146223745,,1
clean,False,fedprox,1.0,2,11,2,0.25,,,0.23194590067477444,,1
clean,False,fedprox,1.0,2,11,3,0.25,,,0.2540321983694033,,1
clean,False,fedprox,1.0,2,11,4,0.25,,,0.22246988545095875,,1
clean,False,fedprox,1.0,2,12,1,0.25,,,0.3631416766070895,,1
clean,False,fedprox,1.0,2,12,2,0.25,,,0.2821488487324731,,1
clean,False,fedprox,1.0,2,12,3,0.25,,,0.17093621043276838,,1
clean,False,fedprox,1.0,2,12,4,0.25,,,0.2376618530692555,,1
clean,False,fedprox,1.0,2,13,1,0.25,,,0.2811602304463286,,1
clean,False,fedprox,1.0,2,13,2,0.25,,,0.27145952114929306,,1
clean,False,fedprox,1.0,2,13,3,0.25,,,0.1932675448590209,,1
clean,False,fedprox,1.0,2,13,4,0.25,,,0.2093619464314527,,1
clean,False,fedprox,1.0,2,14,1,0.25,,,0.33326067552599026,,1
clean,False,fedprox,1.0,2,14,2,0.25,,,0.2539636987755955,,1
clean,False,fedprox,1.0,2,14,3,0.25,,,0.27263431914637676,,1
clean,False,fedprox,1.0,2,14,4,0.25,,,0.265513214710939,,1
clean,False,fedprox,1.0,2,15,1,0.25,,,0.3475900477658664,,1
clean,False,fedprox,1.0,2,15,2,0.25,,,0.2741681216982831,,1
clean,False,fedprox,1.0,2,15,3,0.25,,,0.2661658970211253,,1
clean,False,fedprox,1.0,2,15,4,0.25,,,0.2879224459991085,,1
clean,False,fedprox,1.0,2,16,1,0.25,,,0.29237996992313664,,1
clean,False,fedprox,1.0,2,16,2,0.25,,,0.34980850187574625,,1
clean,False,fedprox,1.0,2,16,3,0.25,,,0.2811444307515359,,1
clean,False,fedprox,1.0,2,16,4,0.25,,,0.2575268398636966,,1
clean,False,fedprox,1.0,2,17,1,0.25,,,0.3527546304416665,,1
clean,False,fedprox,1.0,2,17,2,0.25,,,0.2716110684771225,,1
clean,False,fedprox,1.0,2,17,3,0.25,,,0.20488534409099682,,1
clean,False,fedprox,1.0,2,17,4,0.25,,,0.2749379819923026,,1
clean,False,fedprox,1.0,2,18,1,0.25,,,0.336286272242832,,1
clean,False,fedprox,1.0,2,18,2,0.25,,,0.23717706320435705,,1
clean,False,fedprox,1.0,2,18,3,0.25,,,0.216333978076212,,1
clean,False,fedprox,1.0,2,18,4,0.25,,,0.2912107776749744,,1
clean,False,fedprox,1.0,2,19,1,0.25,,,0.32149230483283353,,1
clean,False,fedprox,1.0,2,19,2,0.25,,,0.34103747131119805,,1
clean,False,fedprox,1.0,2,19,3,0.25,,,0.34701626030247024,,1
clean,False,fedprox,1.0,2,19,4,0.25,,,0.35782339058010176,,1
clean,False,fedprox,1.0,2,20,1,0.25,,,0.2985494845242106,,1
clean,False,fedprox,1.0,2,20,2,0.25,,,0.2733713919089813,,1
clean,False,fedprox,1.0,2,20,3,0.25,,,0.2790234540433771,,1
clean,False,fedprox,1.0,2,20,4,0.25,,,0.22592714007213213,,1
clean,False,fedprox,1.0,2,21,1,0.25,,,0.41795994644802553,,1
clean,False,fedprox,1.0,2,21,2,0.25,,,0.20422911625086468,,1
clean,False,fedprox,1.0,2,21,3,0.25,,,0.2104218346608777,,1
clean,False,fedprox,1.0,2,21,4,0.25,,,0.2780097951521715,,1
clean,False,fedprox,1.0,2,22,1,0.25,,,0.24664468236362264,,1
clean,False,fedprox,1.0,2,22,2,0.25,,,0.25508078048072086,,1
clean,False,fedprox,1.0,2,22,3,0.25,,,0.27168294762756184,,1
clean,False,fedprox,1.0,2,22,4,0.25,,,0.25420250425297325,,1
clean,False,fedprox,1.0,2,23,1,0.25,,,0.2842138732647779,,1
clean,False,fedprox,1.0,2,23,2,0.25,,,0.20165348522491866,,1
clean,False,fedprox,1.0,2,23,3,0.25,,,0.29483622532323517,,1
clean,False,fedprox,1.0,2,23,4,0.25,,,0.3681436701007482,,1
clean,False,fedprox,1.0,2,24,1,0.25,,,0.3008478250693148,,1
clean,False,fedprox,1.0,2,24,2,0.25,,,0.3371829446826557,,1
clean,False,fedprox,1.0,2,24,3,0.25,,,0.22867705375544015,,1
clean,False,fedprox,1.0,2,24,4,0.25,,,0.18406991057979255,,1
clean,False,fedprox,1.0,2,25,1,0.25,,,0.3431620311956291,,1
clean,False,fedprox,1.0,2,25,2,0.25,,,0.2832778793976498,,1
clean,False,fedprox,1.0,2,25,3,0.25,,,0.3529001210752938,,1
clean,False,fedprox,1.0,2,25,4,0.25,,,0.3088582394640452,,1
clean,False,fedprox,1.0,2,26,1,0.25,,,0.25996993356825987,,1
clean,False,fedprox,1.0,2,26,2,0.25,,,0.22948771424950182,,1
clean,False,fedprox,1.0,2,26,3,0.25,,,0.24699267682125714,,1
clean,False,fedprox,1.0,2,26,4,0.25,,,0.2290415021475281,,1
clean,False,fedprox,1.0,2,27,1,0.25,,,0.30548910640135263,,1
clean,False,fedprox,1.0,2,27,2,0.25,,,0.305431892856602,,1
clean,False,fedprox,1.0,2,27,3,0.25,,,0.2018896128174731,,1
clean,False,fedprox,1.0,2,27,4,0.25,,,0.23480222886980107,,1
clean,False,fedprox,1.0,2,28,1,0.25,,,0.3051895469336498,,1
clean,False,fedprox,1.0,2,28,2,0.25,,,0.2259124714136456,,1
clean,False,fedprox,1.0,2,28,3,0.25,,,0.29771059942721095,,1
clean,False,fedprox,1.0,2,28,4,0.25,,,0.31342730505123934,,1
clean,False,fedprox,1.0,2,29,1,0.25,,,0.2876936220040492,,1
clean,False,fedprox,1.0,2,29,2,0.25,,,0.32721864743131285,,1
clean,False,fedprox,1.0,2,29,3,0.25,,,0.23661870177873628,,1
clean,False,fedprox,1.0,2,29,4,0.25,,,0.3045443342212929,,1
clean,False,fedprox,1.0,2,30,1,0.25,,,0.3404289467363707,,1
clean,False,fedprox,1.0,2,30,2,0.25,,,0.22080436856799227,,1
clean,False,fedprox,1.0,2,30,3,0.25,,,0.27181830854264144,,1
clean,False,fedprox,1.0,2,30,4,0.25,,,0.1857892705931926,,1
clean,False,fedprox,1.0,3,1,1,0.25,,,0.5527894605661828,,1
clean,False,fedprox,1.0,3,1,2,0.25,,,0.5870794730298922,,1
clean,False,fedprox,1.0,3,1,3,0.25,,,0.5417553570292284,,1
clean,False,fedprox,1.0,3,1,4,0.25,,,0.5764314105132038,,1
clean,False,fedprox,1.0,3,2,1,0.25,,,0.33955749253284373,,1
clean,False,fedprox,1.0,3,2,2,0.25,,,0.3499653928014527,,1
clean,False,fedprox,1.0,3,2,3,0.25,,,0.32399925432915416,,1
clean,False,fedprox,1.0,3,2,4,0.25,,,0.3734546987972906,,1
clean,False,fedprox,1.0,3,3,1,0.25,,,0.31139650538001884,,1
clean,False,fedprox,1.0,3,3,2,0.25,,,0.3797793743149937,,1
clean,False,fedprox,1.0,3,3,3,0.25,,,0.21140435610872757,,1
clean,False,fedprox,1.0,3,3,4,0.25,,,0.2981716182846273,,1
clean,False,fedprox,1.0,3,4,1,0.25,,,0.30899050587667504,,1
clean,False,fedprox,1.0,3,4,2,0.25,,,0.34501661872778894,,1
clean,False,fedprox,1.0,3,4,3,0.25,,,0.2318013131692004,,1
clean,False,fedprox,1.0,3,4,4,0.25,,,0.29567250832049236,,1
clean,False,fedprox,1.0,3,5,1,0.25,,,0.24910499894915286,,1
clean,False,fedprox,1.0,3,5,2,0.25,,,0.316790790653815,,1
clean,False,fedprox,1.0,3,5,3,0.25,,,0.23966654742596769,,1
clean,False,fedprox,1.0,3,5,4,0.25,,,0.3528049674505105,,1
clean,False,fedprox,1.0,3,6,1,0.25,,,0.33382248189854136,,1
clean,False,fedprox,1.0,3,6,2,0.25,,,0.296206167423626,,1
clean,False,fedprox,1.0,3,6,3,0.25,,,0.26822587694881733,,1
clean,False,fedprox,1.0,3,6,4,0.25,,,0.3643971722732062,,1
clean,False,fedprox,1.0,3,7,1,0.25,,,0.25695166525910973,,1
clean,False,fedprox,1.0,3,7,2,0.25,,,0.32779478288011704,,1
clean,False,fedprox,1.0,3,7,3,0.25,,,0.34873073853847725,,1
clean,False,fedprox,1.0,3,7,4,0.25,,,0.4308165520237379,,1
clean,False,fedprox,1.0,3,8,1,0.25,,,0.35771354000315636,,1
clean,False,fedprox,1.0,3,8,2,0.25,,,0.2837270025607277,,1
clean,False,fedprox,1.0,3,8,3,0.25,,,0.2690208236697619,,1
clean,False,fedprox,1.0,3,8,4,0.25,,,0.31766934882225584,,1
clean,False,fedprox,1.0,3,9,1,0.25,,,0.3125649212741362,,1
clean,False,fedprox,1.0,3,9,2,0.25,,,0.2736246656606489,,1
clean,False,fedprox,1.0,3,9,3,0.25,,,0.21270521584841018,,1
clean,False,fedprox,1.0,3,9,4,0.25,,,0.3007333586171108,,1
clean,False,fedprox,1.0,3,10,1,0.25,,,0.3270694424154261,,1
clean,False,fedprox,1.0,3,10,2,0.25,,,0.2858804893372979,,1
clean,False,fedprox,1.0,3,10,3,0.25,,,0.234470268107473,,1
clean,False,fedprox,1.0,3,10,4,0.25,,,0.31385839110275715,,1
clean,False,fedprox,1.0,3,11,1,0.25,,,0.2942036639602007,,1
clean,False,fedprox,1.0,3,11,2,0.25,,,0.2427420549206839,,1
clean,False,fedprox,1.0,3,11,3,0.25,,,0.22953445298648828,,1
clean,False,fedprox,1.0,3,11,4,0.25,,,0.263665080849179,,1
clean,False,fedprox,1.0,3,12,1,0.25,,,0.33889464359246796,,1
clean,False,fedprox,1.0,3,12,2,0.25,,,0.276270352917237,,1
clean,False,fedprox,1.0,3,12,3,0.25,,,0.2608800588637826,,1
clean,False,fedprox,1.0,3,12,4,0.25,,,0.319780760133501,,1
clean,False,fedprox,1.0,3,13,1,0.25,,,0.2831500134281368,,1
clean,False,fedprox,1.0,3,13,2,0.25,,,0.2972326158371792,,1
clean,False,fedprox,1.0,3,13,3,0.25,,,0.2156539636928661,,1
clean,False,fedprox,1.0,3,13,4,0.25,,,0.319025950315591,,1
clean,False,fedprox,1.0,3,14,1,0.25,,,0.3529854012416588,,1
clean,False,fedprox,1.0,3,14,2,0.25,,,0.3519657226453561,,1
clean,False,fedprox,1.0,3,14,3,0.25,,,0.37600170482491985,,1
clean,False,fedprox,1.0,3,14,4,0.25,,,0.2677763706106891,,1
clean,False,fedprox,1.0,3,15,1,0.25,,,0.34931141201714666,,1
clean,False,fedprox,1.0,3,15,2,0.25,,,0.24775722886604684,,1
clean,False,fedprox,1.0,3,15,3,0.25,,,0.23251979788067664,,1
clean,False,fedprox,1.0,3,15,4,0.25,,,0.3052721266900063,,1
clean,False,fedprox,1.0,3,16,1,0.25,,,0.29180295247080923,,1
clean,False,fedprox,1.0,3,16,2,0.25,,,0.23044351929228232,,1
clean,False,fedprox,1.0,3,16,3,0.25,,,0.2985279593633179,,1
clean,False,fedprox,1.0,3,16,4,0.25,,,0.26459156749401763,,1
clean,False,fedprox,1.0,3,17,1,0.25,,,0.32837126096884206,,1
clean,False,fedprox,1.0,3,17,2,0.25,,,0.2687094776384346,,1
clean,False,fedprox,1.0,3,17,3,0.25,,,0.33877881675319454,,1
clean,False,fedprox,1.0,3,17,4,0.25,,,0.3345880292677931,,1
clean,False,fedprox,1.0,3,18,1,0.25,,,0.3178013835772495,,1
clean,False,fedprox,1.0,3,18,2,0.25,,,0.3104020251077015,,1
clean,False,fedprox,1.0,3,18,3,0.25,,,0.20604856054277942,,1
clean,False,fedprox,1.0,3,18,4,0.25,,,0.32467139393988265,,1
clean,False,fedprox,1.0,3,19,1,0.25,,,0.2621884064082893,,1
clean,False,fedprox,1.0,3,19,2,0.25,,,0.2636827342614116,,1
clean,False,fedprox,1.0,3,19,3,0.25,,,0.32339991936099305,,1
clean,False,fedprox,1.0,3,19,4,0.25,,,0.26351668891173086,,1
clean,False,fedprox,1.0,3,20,1,0.25,,,0.2609735523445748,,1
clean,False,fedprox,1.0,3,20,2,0.25,,,0.22642708183410667,,1
clean,False,fedprox,1.0,3,20,3,0.25,,,0.22459589845961128,,1
clean,False,fedprox,1.0,3,20,4,0.25,,,0.3413569906607707,,1
clean,False,fedprox,1.0,3,21,1,0.25,,,0.348636208664942,,1
clean,False,fedprox,1.0,3,21,2,0.25,,,0.24597213479691632,,1
clean,False,fedprox,1.0,3,21,3,0.25,,,0.24383129120958213,,1
clean,False,fedprox,1.0,3,21,4,0.25,,,0.26229152411690976,,1
clean,False,fedprox,1.0,3,22,1,0.25,,,0.24502843634055677,,1
clean,False,fedprox,1.0,3,22,2,0.25,,,0.25871656923208936,,1
clean,False,fedprox,1.0,3,22,3,0.25,,,0.23823899093047482,,1
clean,False,fedprox,1.0,3,22,4,0.25,,,0.23507245745124755,,1
clean,False,fedprox,1.0,3,23,1,0.25,,,0.3282652029562036,,1
clean,False,fedprox,1.0,3,23,2,0.25,,,0.31491838964321767,,1
clean,False,fedprox,1.0,3,23,3,0.25,,,0.267838518521486,,1
clean,False,fedprox,1.0,3,23,4,0.25,,,0.272527743425542,,1
clean,False,fedprox,1.0,3,24,1,0.25,,,0.37180899260516426,,1
clean,False,fedprox,1.0,3,24,2,0.25,,,0.3645481410906801,,1
clean,False,fedprox,1.0,3,24,3,0.25,,,0.316053092011806,,1
clean,False,fedprox,1.0,3,24,4,0.25,,,0.3003338737797014,,1
clean,False,fedprox,1.0,3,25,1,0.25,,,0.2891435621930023,,1
clean,False,fedprox,1.0,3,25,2,0.25,,,0.21791477068893042,,1
clean,False,fedprox,1.0,3,25,3,0.25,,,0.30820638931078254,,1
clean,False,fedprox,1.0,3,25,4,0.25,,,0.3219682742278447,,1
clean,False,fedprox,1.0,3,26,1,0.25,,,0.3043661341974711,,1
clean,False,fedprox,1.0,3,26,2,0.25,,,0.25728198568965116,,1
clean,False,fedprox,1.0,3,26,3,0.25,,,0.2413931613203245,,1
clean,False,fedprox,1.0,3,26,4,0.25,,,0.27071315079716357,,1
clean,False,fedprox,1.0,3,27,1,0.25,,,0.31127563097748473,,1
clean,False,fedprox,1.0,3,27,2,0.25,,,0.28268109365277383,,1
clean,False,fedprox,1.0,3,27,3,0.25,,,0.29081705763928256,,1
clean,False,fedprox,1.0,3,27,4,0.25,,,0.27210725789157914,,1
clean,False,fedprox,1.0,3,28,1,0.25,,,0.4138988980400053,,1
clean,False,fedprox,1.0,3,28,2,0.25,,,0.3023715717134938,,1
clean,False,fedprox,1.0,3,28,3,0.25,,,0.2282403965711933,,1
clean,False,fedprox,1.0,3,28,4,0.25,,,0.2876934069487093,,1
clean,False,fedprox,1.0,3,29,1,0.25,,,0.30388614853442586,,1
clean,False,fedprox,1.0,3,29,2,0.25,,,0.26908730663355745,,1
clean,False,fedprox,1.0,3,29,3,0.25,,,0.29650865221592715,,1
clean,False,fedprox,1.0,3,29,4,0.25,,,0.33837293900340004,,1
clean,False,fedprox,1.0,3,30,1,0.25,,,0.3008696064498649,,1
clean,False,fedprox,1.0,3,30,2,0.25,,,0.25648681585828936,,1
clean,False,fedprox,1.0,3,30,3,0.25,,,0.2481456909563606,,1
clean,False,fedprox,1.0,3,30,4,0.25,,,0.2914567453707203,,1
clean,False,fedprox,1.0,4,1,1,0.25,,,0.6054692454418484,,1
clean,False,fedprox,1.0,4,1,2,0.25,,,0.5666579275923787,,1
clean,False,fedprox,1.0,4,1,3,0.25,,,0.5356454950535277,,1
clean,False,fedprox,1.0,4,1,4,0.25,,,0.6186418110556399,,1
clean,False,fedprox,1.0,4,2,1,0.25,,,0.3746874612569134,,1
clean,False,fedprox,1.0,4,2,2,0.25,,,0.3021498905123394,,1
clean,False,fedprox,1.0,4,2,3,0.25,,,0.3191081583875628,,1
clean,False,fedprox,1.0,4,2,4,0.25,,,0.37090836998683746,,1
clean,False,fedprox,1.0,4,3,1,0.25,,,0.3729549839942897,,1
clean,False,fedprox,1.0,4,3,2,0.25,,,0.2656522962750354,,1
clean,False,fedprox,1.0,4,3,3,0.25,,,0.2059055843023244,,1
clean,False,fedprox,1.0,4,3,4,0.25,,,0.27797924855536316,,1
clean,False,fedprox,1.0,4,4,1,0.25,,,0.3561657725654107,,1
clean,False,fedprox,1.0,4,4,2,0.25,,,0.388138404840591,,1
clean,False,fedprox,1.0,4,4,3,0.25,,,0.2500541673900429,,1
clean,False,fedprox,1.0,4,4,4,0.25,,,0.33371325595175616,,1
clean,False,fedprox,1.0,4,5,1,0.25,,,0.37384952514868613,,1
clean,False,fedprox,1.0,4,5,2,0.25,,,0.249591048172504,,1
clean,False,fedprox,1.0,4,5,3,0.25,,,0.27676728304933584,,1
clean,False,fedprox,1.0,4,5,4,0.25,,,0.3452016358094317,,1
clean,False,fedprox,1.0,4,6,1,0.25,,,0.42190534070444674,,1
clean,False,fedprox,1.0,4,6,2,0.25,,,0.31310518210784555,,1
clean,False,fedprox,1.0,4,6,3,0.25,,,0.1961679699597141,,1
clean,False,fedprox,1.0,4,6,4,0.25,,,0.29802626926383463,,1
clean,False,fedprox,1.0,4,7,1,0.25,,,0.35179460609750207,,1
clean,False,fedprox,1.0,4,7,2,0.25,,,0.21869268581302925,,1
clean,False,fedprox,1.0,4,7,3,0.25,,,0.25905885994771494,,1
clean,False,fedprox,1.0,4,7,4,0.25,,,0.4093765145598037,,1
clean,False,fedprox,1.0,4,8,1,0.25,,,0.3295689520546929,,1
clean,False,fedprox,1.0,4,8,2,0.25,,,0.3196418018241959,,1
clean,False,fedprox,1.0,4,8,3,0.25,,,0.27220598514409045,,1
clean,False,fedprox,1.0,4,8,4,0.25,,,0.38461770072702994,,1
clean,False,fedprox,1.0,4,9,1,0.25,,,0.35318906625055174,,1
clean,False,fedprox,1.0,4,9,2,0.25,,,0.2688713925892706,,1
clean,False,fedprox,1.0,4,9,3,0.25,,,0.2676379527270709,,1
clean,False,fedprox,1.0,4,9,4,0.25,,,0.2767218161823958,,1
clean,False,fedprox,1.0,4,10,1,0.25,,,0.3344159940249934,,1
clean,False,fedprox,1.0,4,10,2,0.25,,,0.2681884826209293,,1
clean,False,fedprox,1.0,4,10,3,0.25,,,0.2492268277865665,,1
clean,False,fedprox,1.0,4,10,4,0.25,,,0.25826782722875663,,1
clean,False,fedprox,1.0,4,11,1,0.25,,,0.34044902504279445,,1
clean,False,fedprox,1.0,4,11,2,0.25,,,0.20971078660550269,,1
clean,False,fedprox,1.0,4,11,3,0.25,,,0.22451425442677422,,1
clean,False,fedprox,1.0,4,11,4,0.25,,,0.2709935116236825,,1
clean,False,fedprox,1.0,4,12,1,0.25,,,0.3054907492147325,,1
clean,False,fedprox,1.0,4,12,2,0.25,,,0.24848529298273675,,1
clean,False,fedprox,1.0,4,12,3,0.25,,,0.3282788274852246,,1
clean,False,fedprox,1.0,4,12,4,0.25,,,0.3098737050861476,,1
clean,False,fedprox,1.0,4,13,1,0.25,,,0.3141299864376235,,1
clean,False,fedprox,1.0,4,13,2,0.25,,,0.24909196750693574,,1
clean,False,fedprox,1.0,4,13,3,0.25,,,0.20974424796548516,,1
clean,False,fedprox,1.0,4,13,4,0.25,,,0.2645179902644039,,1
clean,False,fedprox,1.0,4,14,1,0.25,,,0.29573089395252966,,1
clean,False,fedprox,1.0,4,14,2,0.25,,,0.25032662544347206,,1
clean,False,fedprox,1.0,4,14,3,0.25,,,0.2476502491000509,,1
clean,False,fedprox,1.0,4,14,4,0.25,,,0.2981721144072634,,1
clean,False,fedprox,1.0,4,15,1,0.25,,,0.29549382980964833,,1
clean,False,fedprox,1.0,4,15,2,0.25,,,0.3106175762926062,,1
clean,False,fedprox,1.0,4,15,3,0.25,,,0.3349873790081929,,1
clean,False,fedprox,1.0,4,15,4,0.25,,,0.2693963022411225,,1
clean,False,fedprox,1.0,4,16,1,0.25,,,0.3437569058379055,,1
clean,False,fedprox,1.0,4,16,2,0.25,,,0.3099121368638281,,1
clean,False,fedprox,1.0,4,16,3,0.25,,,0.2731838915819375,,1
clean,False,fedprox,1.0,4,16,4,0.25,,,0.28474446361664857,,1
clean,False,fedprox,1.0,4,17,1,0.25,,,0.2914739468914159,,1
clean,False,fedprox,1.0,4,17,2,0.25,,,0.3477294408848298,,1
clean,False,fedprox,1.0,4,17,3,0.25,,,0.26537493828214465,,1
clean,False,fedprox,1.0,4,17,4,0.25,,,0.3188374261221515,,1
clean,False,fedprox,1.0,4,18,1,0.25,,,0.32388293215998876,,1
clean,False,fedprox,1.0,4,18,2,0.25,,,0.2536858446897176,,1
clean,False,fedprox,1.0,4,18,3,0.25,,,0.19660209408434864,,1
clean,False,fedprox,1.0,4,18,4,0.25,,,0.32802016133214956,,1
clean,False,fedprox,1.0,4,19,1,0.25,,,0.32149071262087453,,1
clean,False,fedprox,1.0,4,19,2,0.25,,,0.23985360976037548,,1
clean,False,fedprox,1.0,4,19,3,0.25,,,0.2564306354215278,,1
clean,False,fedprox,1.0,4,19,4,0.25,,,0.2446335406422797,,1
clean,False,fedprox,1.0,4,20,1,0.25,,,0.41861162053816436,,1
clean,False,fedprox,1.0,4,20,2,0.25,,,0.2988756697771899,,1
clean,False,fedprox,1.0,4,20,3,0.25,,,0.26356809136369874,,1
clean,False,fedprox,1.0,4,20,4,0.25,,,0.25041401233959226,,1
clean,False,fedprox,1.0,4,21,1,0.25,,,0.32726527616911766,,1
clean,False,fedprox,1.0,4,21,2,0.25,,,0.3002976472265748,,1
clean,False,fedprox,1.0,4,21,3,0.25,,,0.24233725286377875,,1
clean,False,fedprox,1.0,4,21,4,0.25,,,0.31316205762277605,,1
clean,False,fedprox,1.0,4,22,1,0.25,,,0.31583564824211113,,1
clean,False,fedprox,1.0,4,22,2,0.25,,,0.24733797538127192,,1
clean,False,fedprox,1.0,4,22,3,0.25,,,0.23347637576624533,,1
clean,False,fedprox,1.0,4,22,4,0.25,,,0.27843684457391055,,1
clean,False,fedprox,1.0,4,23,1,0.25,,,0.3617922587006883,,1
clean,False,fedprox,1.0,4,23,2,0.25,,,0.2790046076460088,,1
clean,False,fedprox,1.0,4,23,3,0.25,,,0.29001301108026434,,1
clean,False,fedprox,1.0,4,23,4,0.25,,,0.22464662148431208,,1
clean,False,fedprox,1.0,4,24,1,0.25,,,0.3237564973837523,,1
clean,False,fedprox,1.0,4,24,2,0.25,,,0.3148807614179268,,1
clean,False,fedprox,1.0,4,24,3,0.25,,,0.2310969072801279,,1
clean,False,fedprox,1.0,4,24,4,0.25,,,0.30948820374174363,,1
clean,False,fedprox,1.0,4,25,1,0.25,,,0.36124163941483267,,1
clean,False,fedprox,1.0,4,25,2,0.25,,,0.2941298464581613,,1
clean,False,fedprox,1.0,4,25,3,0.25,,,0.2966807324102967,,1
clean,False,fedprox,1.0,4,25,4,0.25,,,0.2467809651266922,,1
clean,False,fedprox,1.0,4,26,1,0.25,,,0.31961262202762847,,1
clean,False,fedprox,1.0,4,26,2,0.25,,,0.24179225011663022,,1
clean,False,fedprox,1.0,4,26,3,0.25,,,0.2868792688448655,,1
clean,False,fedprox,1.0,4,26,4,0.25,,,0.2960669166389436,,1
clean,False,fedprox,1.0,4,27,1,0.25,,,0.3178921462284614,,1
clean,False,fedprox,1.0,4,27,2,0.25,,,0.36572437623021453,,1
clean,False,fedprox,1.0,4,27,3,0.25,,,0.274048347719226,,1
clean,False,fedprox,1.0,4,27,4,0.25,,,0.2863127313230204,,1
clean,False,fedprox,1.0,4,28,1,0.25,,,0.3548700579636008,,1
clean,False,fedprox,1.0,4,28,2,0.25,,,0.23195064372344684,,1
clean,False,fedprox,1.0,4,28,3,0.25,,,0.21574067996860433,,1
clean,False,fedprox,1.0,4,28,4,0.25,,,0.3622818960005996,,1
clean,False,fedprox,1.0,4,29,1,0.25,,,0.36348037911980874,,1
clean,False,fedprox,1.0,4,29,2,0.25,,,0.3448291206856528,,1
clean,False,fedprox,1.0,4,29,3,0.25,,,0.20998674384328106,,1
clean,False,fedprox,1.0,4,29,4,0.25,,,0.2814546875150222,,1
clean,False,fedprox,1.0,4,30,1,0.25,,,0.22280089542784048,,1
clean,False,fedprox,1.0,4,30,2,0.25,,,0.3662686306599556,,1
clean,False,fedprox,1.0,4,30,3,0.25,,,0.1892446582619287,,1
clean,False,fedprox,1.0,4,30,4,0.25,,,0.2726717542843292,,1
clean,False,fedprox_adaptive,0.0,0,1,1,0.05,1.5121837473273938,0.05859613297867014,5.706672323402185,1.0,1
clean,False,fedprox_adaptive,0.0,0,1,2,0.3502971125651052,0.8110408431473404,1.0,5.496700780209132,1.0,1
clean,False,fedprox_adaptive,0.0,0,1,3,0.2494057748697896,1.0303074023503715,0.7119835303336557,5.513450562481846,1.0,1
clean,False,fedprox_adaptive,0.0,0,1,4,0.3502971125651052,0.8992154285046035,1.0,5.897357041783262,1.0,1
clean,False,fedprox_adaptive,0.0,0,2,1,0.05,1.4160416635596118,0.11714621841725369,5.549161775281618,1.0,1
clean,False,fedprox_adaptive,0.0,0,2,2,0.3291941392819739,0.8080407680688951,1.0,6.356160770821824,1.0,1
clean,False,fedprox_adaptive,0.0,0,2,3,0.2916117214360523,1.0150517664696215,0.8858350943674302,6.28697262491681,1.0,1
clean,False,fedprox_adaptive,0.0,0,2,4,0.3291941392819739,0.96699719960667,1.0,7.1620300183435965,1.0,1
clean,False,fedprox_adaptive,0.0,0,3,1,0.08991702629969774,1.3561409478994848,0.2800194775075016,5.941259665449472,1.0,1
clean,False,fedprox_adaptive,0.0,0,3,2,0.321109899568643,0.8039929888927235,1.0,6.370744543440348,1.0,1
clean,False,fedprox_adaptive,0.0,0,3,3,0.2678631745630163,1.1201497082021863,0.8341791234802953,7.004855789820898,1.0,1
clean,False,fedprox_adaptive,0.0,0,3,4,0.321109899568643,1.0417559297759613,1.0,8.37950085240038,1.0,1
clean,False,fedprox_adaptive,0.0,0,4,1,0.11570083019375897,1.3171655158444644,0.36694296791899844,6.734173442564204,1.0,1
clean,False,fedprox_adaptive,0.0,0,4,2,0.3153101171277919,0.7950000090651166,1.0,5.958437362006045,1.0,1
clean,False,fedprox_adaptive,0.0,0,4,3,0.2536789355506573,1.1448960138927824,0.8045378875294504,6.615231722711467,1.0,1
clean,False,fedprox_adaptive,0.0,0,4,4,0.3153101171277919,1.0494476726425113,1.0,8.283342237958612,1.0,1
clean,False,fedprox_adaptive,0.0,0,5,1,0.06731518711041501,1.4598692928411323,0.21413383955960671,6.973914282637799,1.0,1
clean,False,fedprox_adaptive,0.0,0,5,2,0.31436034233943216,0.8325263810793021,1.0,6.122892661259484,1.0,1
clean,False,fedprox_adaptive,0.0,0,5,3,0.3039641282107206,1.123416776839972,0.9669289896704394,8.051100632759846,1.0,1
clean,False,fedprox_adaptive,0.0,0,5,4,0.31436034233943216,1.1084054424531353,1.0,8.337579999897432,1.0,1
clean,False,fedprox_adaptive,0.0,0,6,1,0.07747188556552412,1.3436744766617326,0.2500631948464064,7.241197857572075,1.0,1
clean,False,fedprox_adaptive,0.0,0,6,2,0.30980922887556017,0.8076176052779458,1.0,6.390978034965344,1.0,1
clean,False,fedprox_adaptive,0.0,0,6,3,0.30290965668335557,1.0567790171243479,0.9777296105179103,7.55215383558865,1.0,1
clean,False,fedprox_adaptive,0.0,0,6,4,0.30980922887556017,1.0473013474380404,1.0,7.5181264965185095,1.0,1
clean,False,fedprox_adaptive,0.0,0,7,1,0.2693166003770424,1.2155377500584295,1.0,7.09272237971267,1.0,1
clean,False,fedprox_adaptive,0.0,0,7,2,0.2693166003770424,0.7848396334437193,1.0,6.460883946828025,1.0,1
clean,False,fedprox_adaptive,0.0,0,7,3,0.26666318172870057,1.2203614492953117,0.9901475859838308,8.555132628034922,1.0,1
clean,False,fedprox_adaptive,0.0,0,7,4,0.19470361751721457,1.2969723981740156,0.7229543861931649,7.748849853683586,1.0,1
clean,False,fedprox_adaptive,0.0,0,8,1,0.29414439013159005,1.309680416383538,0.896979108528497,7.251737299087575,1.0,1
clean,False,fedprox_adaptive,0.0,0,8,2,0.327927804934205,0.8164379538442028,1.0,6.837298522197815,1.0,1
clean,False,fedprox_adaptive,0.0,0,8,3,0.327927804934205,1.2539357580498995,1.0,8.732283649247721,1.0,1
clean,False,fedprox_adaptive,0.0,0,8,4,0.05,1.8271837140582727,0.11915042727667118,9.412741284501113,1.0,1
clean,False,fedprox_adaptive,0.0,0,9,1,0.27407486397167535,1.2269741967711043,0.8219978616330845,6.548810720859619,1.0,1
clean,False,fedprox_adaptive,0.0,0,9,2,0.33342527610371603,0.8150789769437421,1.0,6.798374406446155,1.0,1
clean,False,fedprox_adaptive,0.0,0,9,3,0.33342527610371603,1.1344000677127364,1.0,8.620787452734824,1.0,1
clean,False,fedprox_adaptive,0.0,0,9,4,0.05907458382089257,1.5893508135106997,0.17717488161430417,9.353803967228776,1.0,1
clean,False,fedprox_adaptive,0.0,0,10,1,0.26982693141247155,1.2952290963122461,0.8748922848031806,6.3780838185273065,1.0,1
clean,False,fedprox_adaptive,0.0,0,10,2,0.3084116023187619,0.8595352284406474,1.0,5.7312671938364295,1.0,1
clean,False,fedprox_adaptive,0.0,0,10,3,0.3084116023187619,1.2277866140040299,1.0,7.756817635019925,1.0,1
clean,False,fedprox_adaptive,0.0,0,10,4,0.11334986395000464,1.5140506480132454,0.36752788513076345,7.73585118558749,1.0,1
clean,False,fedprox_adaptive,0.0,0,11,1,0.15074336691548032,1.6023510395438623,0.524767035421643,7.679961696563795,1.0,1
clean,False,fedprox_adaptive,0.0,0,11,2,0.2872576910139946,0.8560863539120486,1.0,6.824357115104316,1.0,1
clean,False,fedprox_adaptive,0.0,0,11,3,0.2872576910139946,1.4066697397965988,1.0,8.556790546216527,1.0,1
clean,False,fedprox_adaptive,0.0,0,11,4,0.2747412510565305,1.4319619146354525,0.9564278334436158,8.550345828200452,1.0,1
clean,False,fedprox_adaptive,0.0,0,12,1,0.05,2.025391450446796,0.06131317695694788,6.93026875781519,1.0,1
clean,False,fedprox_adaptive,0.0,0,12,2,0.3275650623243239,0.8214578164623891,1.0,7.1424288137499214,1.0,1
clean,False,fedprox_adaptive,0.0,0,12,3,0.29486987535135206,1.3270341545711015,0.9001871971907669,8.088559365772774,1.0,1
clean,False,fedprox_adaptive,0.0,0,12,4,0.3275650623243239,1.2723674187757417,1.0,8.205750413633618,1.0,1
clean,False,fedprox_adaptive,0.0,0,13,1,0.18059637321054337,1.5295418159418448,0.6233269070773347,7.886066237566258,1.0,1
clean,False,fedprox_adaptive,0.0,0,13,2,0.28972978891177115,0.8020725325911524,1.0,6.841260317830357,1.0,1
clean,False,fedprox_adaptive,0.0,0,13,3,0.28972978891177115,1.3447377035046406,1.0,7.646772014179128,1.0,1
clean,False,fedprox_adaptive,0.0,0,13,4,0.23994404896591426,1.4501281596951845,0.8281649252123755,9.687042977677624,1.0,1
clean,False,fedprox_adaptive,0.0,0,14,1,0.09141629438056278,1.6632414875624377,0.27618649659647887,7.710807110298434,1.0,1
clean,False,fedprox_adaptive,0.0,0,14,2,0.33099480064054754,0.8142932618965171,1.0,6.5972594051874305,1.0,1
clean,False,fedprox_adaptive,0.0,0,14,3,0.33099480064054754,1.2449526133986606,1.0,8.551487547750638,1.0,1
clean,False,fedprox_adaptive,0.0,0,14,4,0.2465941043383422,1.400707370683594,0.7450089967006386,10.010905420302915,1.0,1
clean,False,fedprox_adaptive,0.0,0,15,1,0.14458845563784303,1.491982888941251,0.4599720013575921,6.940799955206315,1.0,1
clean,False,fedprox_adaptive,0.0,0,15,2,0.31434186257227614,0.8505788988490256,1.0,6.158000502845266,1.0,1
clean,False,fedprox_adaptive,0.0,0,15,3,0.31434186257227614,1.2070162498781118,1.0,7.32627669841112,1.0,1
clean,False,fedprox_adaptive,0.0,0,15,4,0.22672781921760474,1.3757929460008906,0.7212778385999209,6.515538932356783,1.0,1
clean,False,fedprox_adaptive,0.0,0,16,1,0.23271136752621008,1.3730679366570948,0.8378595656809212,7.717717172831051,1.0,1
clean,False,fedprox_adaptive,0.0,0,16,2,0.277745074542519,0.8625643673414268,1.0,6.327810074870815,1.0,1
clean,False,fedprox_adaptive,0.0,0,16,3,0.277745074542519,1.2792272015845922,1.0,9.02383909422991,1.0,1
clean,False,fedprox_adaptive,0.0,0,16,4,0.21179848338875196,1.3980429150024292,0.7625643181525744,8.008399565201072,1.0,1
clean,False,fedprox_adaptive,0.0,0,17,1,0.2701121276791544,1.3283997703247286,0.8742757484414296,7.490386842847244,1.0,1
clean,False,fedprox_adaptive,0.0,0,17,2,0.30895530175769254,0.8664655137273836,1.0,7.102137339478244,1.0,1
clean,False,fedprox_adaptive,0.0,0,17,3,0.30895530175769254,1.2588748116151773,1.0,8.152055347056228,1.0,1
clean,False,fedprox_adaptive,0.0,0,17,4,0.1119772688054607,1.5562199741416962,0.3624384115385152,7.771885345971916,1.0,1
clean,False,fedprox_adaptive,0.0,0,18,1,0.30714022849804407,1.339034284251332,1.0,7.098327913059667,1.0,1
clean,False,fedprox_adaptive,0.0,0,18,2,0.30714022849804407,0.914556012688399,1.0,6.301788757903011,1.0,1
clean,False,fedprox_adaptive,0.0,0,18,3,0.1313505587191538,1.6278964270332255,0.4276566419237077,9.166518618864178,1.0,1
clean,False,fedprox_adaptive,0.0,0,18,4,0.254368984284758,1.443963605538699,0.8281851762911543,8.705078067698283,1.0,1
clean,False,fedprox_adaptive,0.0,0,19,1,0.293834151322409,1.4694008657572084,1.0,7.930886386307936,1.0,1
clean,False,fedprox_adaptive,0.0,0,19,2,0.293834151322409,0.9356989627137816,1.0,6.993122717998644,1.0,1
clean,False,fedprox_adaptive,0.0,0,19,3,0.256245585213315,1.5521174652129441,0.8720755707261202,9.436631385706809,1.0,1
clean,False,fedprox_adaptive,0.0,0,19,4,0.15608611214186704,1.7019027238919557,0.5312048018904442,9.693601009748631,1.0,1
clean,False,fedprox_adaptive,0.0,0,20,1,0.21885871147716188,1.6332820163034576,0.7610605904496291,7.735390530139746,1.0,1
clean,False,fedprox_adaptive,0.0,0,20,2,0.2875706799479155,0.8973625179402809,1.0,7.144237404259624,1.0,1
clean,False,fedprox_adaptive,0.0,0,20,3,0.2875706799479155,1.4641367448241416,1.0,8.868938207499454,1.0,1
clean,False,fedprox_adaptive,0.0,0,20,4,0.20599992862700722,1.6520370560907494,0.7163453821659348,8.035066757144973,1.0,1
clean,False,fedprox_adaptive,0.0,0,21,1,0.2850993247413134,1.4947318943860886,1.0,6.974090305218859,1.0,1
clean,False,fedprox_adaptive,0.0,0,21,2,0.2850993247413134,0.879909507682165,1.0,7.6164906569943405,1.0,1
clean,False,fedprox_adaptive,0.0,0,21,3,0.1678098509817113,1.6816029971953754,0.5886013624689381,8.866616055768967,1.0,1
clean,False,fedprox_adaptive,0.0,0,21,4,0.261991499535662,1.5461381483290333,0.9189481587632014,9.898768156145273,1.0,1
clean,False,fedprox_adaptive,0.0,0,22,1,0.31919725280653155,1.4328311676501175,1.0,6.584223535900881,1.0,1
clean,False,fedprox_adaptive,0.0,0,22,2,0.31919725280653155,0.8505907318408131,1.0,7.094108426823424,1.0,1
clean,False,fedprox_adaptive,0.0,0,22,3,0.1843903633197938,1.7861129996835077,0.5776690171940626,8.368747671126405,1.0,1
clean,False,fedprox_adaptive,0.0,0,22,4,0.17721513106714315,1.7988891905277402,0.5551900259447249,9.50100585612125,1.0,1
clean,False,fedprox_adaptive,0.0,0,23,1,0.3169491786982558,1.4126384773675942,1.0,7.906633917311425,1.0,1
clean,False,fedprox_adaptive,0.0,0,23,2,0.3169491786982558,0.9010507332466902,1.0,7.356916520919835,1.0,1
clean,False,fedprox_adaptive,0.0,0,23,3,0.18979777212612053,1.7355004579859816,0.5988271460605776,9.243267648727173,1.0,1
clean,False,fedprox_adaptive,0.0,0,23,4,0.176303870477368,1.7587180156925333,0.5562528074736363,10.154430840872072,1.0,1
clean,False,fedprox_adaptive,0.0,0,24,1,0.35178713198492423,1.3442180808473139,1.0,6.99217229038963,1.0,1
clean,False,fedprox_adaptive,0.0,0,24,2,0.35178713198492423,0.9831028467169328,1.0,7.109957510014302,1.0,1
clean,False,fedprox_adaptive,0.0,0,24,3,0.10819486326796476,1.898680114905776,0.3075577627228316,8.924921529872147,1.0,1
clean,False,fedprox_adaptive,0.0,0,24,4,0.1882308727621868,1.7285311245813753,0.5350703753719264,8.994319789836155,1.0,1
clean,False,fedprox_adaptive,0.0,0,25,1,0.2972819550579542,1.6350915821717495,0.9673492377755302,7.751996402336481,1.0,1
clean,False,fedprox_adaptive,0.0,0,25,2,0.3073160586155725,1.0093340152417198,1.0,7.431732581100923,1.0,1
clean,False,fedprox_adaptive,0.0,0,25,3,0.08808592771090103,2.030242813310366,0.2866297586521159,10.067509723577622,1.0,1
clean,False,fedprox_adaptive,0.0,0,25,4,0.3073160586155725,1.6135235760026507,1.0,9.107818904480823,1.0,1
clean,False,fedprox_adaptive,0.0,0,26,1,0.3229113360510297,1.41439916119739,1.0,6.476837734926876,1.0,1
clean,False,fedprox_adaptive,0.0,0,26,2,0.3229113360510297,0.9517239339754167,1.0,8.405091801087705,1.0,1
clean,False,fedprox_adaptive,0.0,0,26,3,0.09589034546875375,1.840042764146736,0.29695564931669105,9.777282383151041,1.0,1
clean,False,fedprox_adaptive,0.0,0,26,4,0.2582869824291869,1.5466431497469486,0.7998696657350234,8.878893240286049,1.0,1
clean,False,fedprox_adaptive,0.0,0,27,1,0.3096097684483653,1.4452056645660356,1.0,7.41872636238157,1.0,1
clean,False,fedprox_adaptive,0.0,0,27,2,0.3096097684483653,1.0325284233184138,1.0,7.730575915506525,1.0,1
clean,False,fedprox_adaptive,0.0,0,27,3,0.21835635363219005,1.6622184143482632,0.7052631276025327,9.4702001136156,1.0,1
clean,False,fedprox_adaptive,0.0,0,27,4,0.16242410947107944,1.754172532031619,0.5246091242052251,9.992190907402948,1.0,1
clean,False,fedprox_adaptive,0.0,0,28,1,0.37550082059868767,1.4076054032113787,1.0,7.290085148065671,1.0,1
clean,False,fedprox_adaptive,0.0,0,28,2,0.37550082059868767,0.9978132567123648,1.0,7.825772410017833,1.0,1
clean,False,fedprox_adaptive,0.0,0,28,3,0.05,2.297944895723456,0.11931224634421467,11.194864218358068,1.0,1
clean,False,fedprox_adaptive,0.0,0,28,4,0.19899835880262462,1.817122706049838,0.5299545244277959,9.38172974564958,1.0,1
clean,False,fedprox_adaptive,0.0,0,29,1,0.2584302235139348,1.8542488164070894,1.0,7.237260101779168,1.0,1
clean,False,fedprox_adaptive,0.0,0,29,2,0.2584302235139348,0.9880158716208186,1.0,7.47595542953728,1.0,1
clean,False,fedprox_adaptive,0.0,0,29,3,0.22568376100714446,1.9059356333916084,0.8732870247855332,9.187539168815137,1.0,1
clean,False,fedprox_adaptive,0.0,0,29,4,0.25745579196498597,1.8570528573237817,0.9962294210959568,9.182384040159043,1.0,1
clean,False,fedprox_adaptive,0.0,0,30,1,0.36858653475792447,1.4482566862897353,1.0,7.608935734051957,1.0,1
clean,False,fedprox_adaptive,0.0,0,30,2,0.36858653475792447,0.9316470032566067,1.0,7.758459223697344,1.0,1
clean,False,fedprox_adaptive,0.0,0,30,3,0.2037213839613249,1.8379496346467412,0.5527097838642488,10.583773909617667,1.0,1
clean,False,fedprox_adaptive,0.0,0,30,4,0.059105546522826215,2.244594178913059,0.16035731354550103,10.12726157610509,1.0,1
clean,False,fedprox_adaptive,0.0,1,1,1,0.15051267336028368,1.1171848447679957,0.5161320935123962,6.164338959650835,1.0,1
clean,False,fedprox_adaptive,0.0,1,1,2,0.2916165750050742,0.7893418425118709,1.0,5.862412983340207,1.0,1
clean,False,fedprox_adaptive,0.0,1,1,3,0.2916165750050742,0.9687145472144167,1.0,6.221585224212322,1.0,1
clean,False,fedprox_adaptive,0.0,1,1,4,0.2662541766295678,1.0046247587737271,0.913028268797598,6.710231176407463,1.0,1
clean,False,fedprox_adaptive,0.0,1,2,1,0.1374895147435061,1.1759937112906016,0.469866816056675,6.750533753924372,1.0,1
clean,False,fedprox_adaptive,0.0,1,2,2,0.27728288439130666,1.032656675812329,0.9476069959153598,5.639311020121865,1.0,1
clean,False,fedprox_adaptive,0.0,1,2,3,0.29261380043259366,1.0106642395462804,1.0,6.5179825671274605,1.0,1
clean,False,fedprox_adaptive,0.0,1,2,4,0.29261380043259366,0.9215369128093378,1.0,7.3108796501224855,1.0,1
clean,False,fedprox_adaptive,0.0,1,3,1,0.05,1.531744175474071,0.06453503131482262,6.342390051708679,1.0,1
clean,False,fedprox_adaptive,0.0,1,3,2,0.29915951339382496,1.0060790909991706,0.9193021010533633,5.577269221527219,1.0,1
clean,False,fedprox_adaptive,0.0,1,3,3,0.32542024330308744,0.9602829738762044,1.0,6.141994999268445,1.0,1
clean,False,fedprox_adaptive,0.0,1,3,4,0.32542024330308744,0.9727786813970604,1.0,7.314943012704798,1.0,1
clean,False,fedprox_adaptive,0.0,1,4,1,0.05,1.4993114709631072,0.06216853073006417,6.1531806680818235,1.0,1
clean,False,fedprox_adaptive,0.0,1,4,2,0.31708613981074546,0.9630606063808853,1.0,5.227679617687051,1.0,1
clean,False,fedprox_adaptive,0.0,1,4,3,0.3158277203785089,0.9645937065357403,0.9960313010433454,6.844090924674498,1.0,1
clean,False,fedprox_adaptive,0.0,1,4,4,0.31708613981074546,0.9284960194251313,1.0,6.6542598520775025,1.0,1
clean,False,fedprox_adaptive,0.0,1,5,1,0.05,1.4442784542479712,0.0974112164843437,6.796486049063167,1.0,1
clean,False,fedprox_adaptive,0.0,1,5,2,0.32686083347529765,0.9099716769912487,1.0,6.186499691769622,1.0,1
clean,False,fedprox_adaptive,0.0,1,5,3,0.29627833304940476,1.0047016190986233,0.9064357142434927,6.9633289384654775,1.0,1
clean,False,fedprox_adaptive,0.0,1,5,4,0.32686083347529765,0.9659835024016205,1.0,6.172565817639761,1.0,1
clean,False,fedprox_adaptive,0.0,1,6,1,0.07611113848451806,1.3076177954323214,0.2426574577928593,6.531813176633584,1.0,1
clean,False,fedprox_adaptive,0.0,1,6,2,0.3136567042975004,0.8701256317148102,1.0,5.505068177302087,1.0,1
clean,False,fedprox_adaptive,0.0,1,6,3,0.3136567042975004,1.0075998262725068,1.0,7.223288835465657,1.0,1
clean,False,fedprox_adaptive,0.0,1,6,4,0.2965754529204811,1.0304246507056345,0.9455415709500732,7.010991053904019,1.0,1
clean,False,fedprox_adaptive,0.0,1,7,1,0.13253783633799704,1.243680272327699,0.42507495201964746,6.597741199514459,1.0,1
clean,False,fedprox_adaptive,0.0,1,7,2,0.3117987444526512,0.8184171910450847,1.0,5.321589962178682,1.0,1
clean,False,fedprox_adaptive,0.0,1,7,3,0.2438646747567006,1.1141730529242209,0.7821220549967067,7.090349172613815,1.0,1
clean,False,fedprox_adaptive,0.0,1,7,4,0.3117987444526512,1.009782963774339,1.0,7.40222082180679,1.0,1
clean,False,fedprox_adaptive,0.0,1,8,1,0.16344998990467094,1.225619470991892,0.5510554368984013,6.6212545043987685,1.0,1
clean,False,fedprox_adaptive,0.0,1,8,2,0.29661260729890304,0.8586864100356386,1.0,5.52810363193161,1.0,1
clean,False,fedprox_adaptive,0.0,1,8,3,0.243324795497523,1.138473505864765,0.8203454253457246,7.639213440061956,1.0,1
clean,False,fedprox_adaptive,0.0,1,8,4,0.29661260729890304,1.0517284643153844,1.0,6.522696255865808,1.0,1
clean,False,fedprox_adaptive,0.0,1,9,1,0.06230213440174267,1.4899202404357221,0.19141948442571935,6.648042747673031,1.0,1
clean,False,fedprox_adaptive,0.0,1,9,2,0.32547436113233874,0.8416294083228181,1.0,5.5550173405739365,1.0,1
clean,False,fedprox_adaptive,0.0,1,9,3,0.2867491433335798,1.1480546485389975,0.881019144905816,7.0344642280409335,1.0,1
clean,False,fedprox_adaptive,0.0,1,9,4,0.32547436113233874,1.0913196866368846,1.0,6.863147493770259,1.0,1
clean,False,fedprox_adaptive,0.0,1,10,1,0.0913701366156375,1.402130840898739,0.29392504473836867,7.0973733945473265,1.0,1
clean,False,fedprox_adaptive,0.0,1,10,2,0.3108620318386572,0.7937093619966918,1.0,5.8476709130761915,1.0,1
clean,False,fedprox_adaptive,0.0,1,10,3,0.3108620318386572,1.1082475706191037,1.0,7.142556049701846,1.0,1
clean,False,fedprox_adaptive,0.0,1,10,4,0.2869057997070481,1.1443775366035025,0.9229361270338643,7.97285275451378,1.0,1
clean,False,fedprox_adaptive,0.0,1,11,1,0.19729807796652102,1.2037487291396063,0.6975384422588083,6.891870617011164,1.0,1
clean,False,fedprox_adaptive,0.0,1,11,2,0.2828490388681938,0.7948079009394229,1.0,6.1148541606512286,1.0,1
clean,False,fedprox_adaptive,0.0,1,11,3,0.2828490388681938,1.0831459497872715,1.0,7.21886496959394,1.0,1
clean,False,fedprox_adaptive,0.0,1,11,4,0.2370038442970914,1.1625711061651351,0.8379163855229997,6.538912809826267,1.0,1
clean,False,fedprox_adaptive,0.0,1,12,1,0.2851418711090421,1.0960373745954348,1.0,7.060750636601553,1.0,1
clean,False,fedprox_adaptive,0.0,1,12,2,0.2851418711090421,0.7903514356303643,1.0,6.1296979968351835,1.0,1
clean,False,fedprox_adaptive,0.0,1,12,3,0.1776843583201046,1.230083860409244,0.6231436920470922,8.10087893372386,1.0,1
clean,False,fedprox_adaptive,0.0,1,12,4,0.2520318994618113,1.1515211367265543,0.883882463426183,7.67867767571437,1.0,1
clean,False,fedprox_adaptive,0.0,1,13,1,0.2522932437665891,1.2876889153846287,0.8468001139061794,5.822955858377262,1.0,1
clean,False,fedprox_adaptive,0.0,1,13,2,0.29793718685604925,0.8224186052893783,1.0,6.445299683533596,1.0,1
clean,False,fedprox_adaptive,0.0,1,13,3,0.15183238252131243,1.4142608955190654,0.5096120565663778,8.031308452542287,1.0,1
clean,False,fedprox_adaptive,0.0,1,13,4,0.29793718685604925,1.2047936292221406,1.0,6.982118491404602,1.0,1
clean,False,fedprox_adaptive,0.0,1,14,1,0.2885843304053634,1.141571226700961,1.0,7.029794380171949,1.0,1
clean,False,fedprox_adaptive,0.0,1,14,2,0.2885843304053634,0.8637500506205719,1.0,6.063117435451002,1.0,1
clean,False,fedprox_adaptive,0.0,1,14,3,0.15635814399452794,1.3022523820887377,0.541810928455116,7.858720113926032,1.0,1
clean,False,fedprox_adaptive,0.0,1,14,4,0.26647319519474516,1.1785604795479174,0.9233806798187566,6.7756766899172645,1.0,1
clean,False,fedprox_adaptive,0.0,1,15,1,0.3394580044062126,1.07644467016569,1.0,7.354897200985867,1.0,1
clean,False,fedprox_adaptive,0.0,1,15,2,0.3394580044062126,0.9528110304176953,1.0,6.735500519764366,1.0,1
clean,False,fedprox_adaptive,0.0,1,15,3,0.18976563554756495,1.35981060154444,0.5590253671569984,8.942728162277932,1.0,1
clean,False,fedprox_adaptive,0.0,1,15,4,0.13131835564000988,1.449505052927722,0.38684713259218867,8.487139896692344,1.0,1
clean,False,fedprox_adaptive,0.0,1,16,1,0.3020265145157422,1.314472633382187,1.0,6.594063125097106,1.0,1
clean,False,fedprox_adaptive,0.0,1,16,2,0.3020265145157422,0.9445359637151319,1.0,6.14118544908756,1.0,1
clean,False,fedprox_adaptive,0.0,1,16,3,0.2125590384996822,1.5131377277996914,0.7037760868130775,8.686246769227292,1.0,1
clean,False,fedprox_adaptive,0.0,1,16,4,0.1833879324688335,1.5548777863713905,0.6071915002656992,8.443756287611665,1.0,1
clean,False,fedprox_adaptive,0.0,1,17,1,0.21745237183138974,1.4187129302240493,0.772199326926847,6.7075268493471505,1.0,1
clean,False,fedprox_adaptive,0.0,1,17,2,0.2816013485751066,0.9248540158139724,1.0,6.375338194079622,1.0,1
clean,False,fedprox_adaptive,0.0,1,17,3,0.2816013485751066,1.2815608111639443,1.0,8.538004185373728,1.0,1
clean,False,fedprox_adaptive,0.0,1,17,4,0.21934493101839705,1.416374987612665,0.7789200304908874,7.70878987831234,1.0,1
clean,False,fedprox_adaptive,0.0,1,18,1,0.29195989211274964,1.4053290665644829,1.0,6.390708943791022,1.0,1
clean,False,fedprox_adaptive,0.0,1,18,2,0.29195989211274964,0.8932686028032986,1.0,5.948879390615511,1.0,1
clean,False,fedprox_adaptive,0.0,1,18,3,0.26801055223404563,1.45427990051112,0.9179704455108676,8.709930668601963,1.0,1
clean,False,fedprox_adaptive,0.0,1,18,4,0.14806966354045503,1.6239529372890695,0.5071575498571331,8.104583838641782,1.0,1
clean,False,fedprox_adaptive,0.0,1,19,1,0.3257401445103693,1.2969942150360554,1.0,6.776840879138287,1.0,1
clean,False,fedprox_adaptive,0.0,1,19,2,0.3257401445103693,0.8583424815291224,1.0,6.405898830301393,1.0,1
clean,False,fedprox_adaptive,0.0,1,19,3,0.2704332802410385,1.397260665996117,0.8302117034040605,8.335047456553578,1.0,1
clean,False,fedprox_adaptive,0.0,1,19,4,0.07808643073822287,1.7319434630793549,0.23972001011910013,8.105922806258448,1.0,1
clean,False,fedprox_adaptive,0.0,1,20,1,0.2998945960980329,1.2582151509950121,1.0,6.675970756860277,1.0,1
clean,False,fedprox_adaptive,0.0,1,20,2,0.2998945960980329,0.885103573221623,1.0,6.648003761415201,1.0,1
clean,False,fedprox_adaptive,0.0,1,20,3,0.2912949315688571,1.2729438651353997,0.9713243764940511,7.876271633851118,1.0,1
clean,False,fedprox_adaptive,0.0,1,20,4,0.10891587623507712,1.5219492803995989,0.3631805229310417,8.30055579371402,1.0,1
clean,False,fedprox_adaptive,0.0,1,21,1,0.3627562714906173,1.1327090969029259,1.0,6.268908768359272,1.0,1
clean,False,fedprox_adaptive,0.0,1,21,2,0.3627562714906173,0.8679067437831445,1.0,5.864476543277548,1.0,1
clean,False,fedprox_adaptive,0.0,1,21,3,0.19183916095261205,1.4635051438951052,0.5288376136525981,8.060492398864424,1.0,1
clean,False,fedprox_adaptive,0.0,1,21,4,0.08264829606615348,1.682122767624215,0.22783423075372297,8.304273057904673,1.0,1
clean,False,fedprox_adaptive,0.0,1,22,1,0.24010241505755656,1.61230246024763,0.8221629148552299,5.8949512624889735,1.0,1
clean,False,fedprox_adaptive,0.0,1,22,2,0.29203751558148894,0.9050614462179388,1.0,6.0139362840208115,1.0,1
clean,False,fedprox_adaptive,0.0,1,22,3,0.29203751558148894,1.490775554511115,1.0,9.297658773310534,1.0,1
clean,False,fedprox_adaptive,0.0,1,22,4,0.17582255377946557,1.7089913588565793,0.6020546826984794,9.103127722336437,1.0,1
clean,False,fedprox_adaptive,0.0,1,23,1,0.29569488287398304,1.4386370871907839,0.9360198315473515,6.810444638846864,1.0,1
clean,False,fedprox_adaptive,0.0,1,23,2,0.31590664311584554,0.9240473485319648,1.0,5.846320912097712,1.0,1
clean,False,fedprox_adaptive,0.0,1,23,3,0.07249183089432591,1.8378606757709943,0.22947232188385025,8.211836652835595,1.0,1
clean,False,fedprox_adaptive,0.0,1,23,4,0.31590664311584554,1.4010853837370325,1.0,5.5999904393460636,1.0,1
clean,False,fedprox_adaptive,0.0,1,24,1,0.3335155637916307,1.1995468204906599,1.0,7.155289691617812,1.0,1
clean,False,fedprox_adaptive,0.0,1,24,2,0.3335155637916307,0.98921258330505,1.0,6.692853042258221,1.0,1
clean,False,fedprox_adaptive,0.0,1,24,3,0.12767974716737526,1.583593374317143,0.3828299516694977,8.412367114274835,1.0,1
clean,False,fedprox_adaptive,0.0,1,24,4,0.2052891252493633,1.457415762531916,0.6155308703303004,8.155423208338771,1.0,1
clean,False,fedprox_adaptive,0.0,1,25,1,0.3483760540134056,1.2468541588292748,1.0,6.522352061158479,1.0,1
clean,False,fedprox_adaptive,0.0,1,25,2,0.3483760540134056,0.9820447972669526,1.0,6.5371978404215705,1.0,1
clean,False,fedprox_adaptive,0.0,1,25,3,0.08156160585205109,1.7688307334628743,0.2341194376376758,9.342495566344997,1.0,1
clean,False,fedprox_adaptive,0.0,1,25,4,0.22168628612113767,1.4947013326752154,0.6363419172105529,8.465467587954034,1.0,1
clean,False,fedprox_adaptive,0.0,1,26,1,0.35051742634766714,1.1919219442018736,1.0,5.8408750726955745,1.0,1
clean,False,fedprox_adaptive,0.0,1,26,2,0.35051742634766714,0.9790721488054819,1.0,6.745163128956352,1.0,1
clean,False,fedprox_adaptive,0.0,1,26,3,0.20315917908625114,1.4838008169025119,0.5795979423994286,7.908121329666077,1.0,1
clean,False,fedprox_adaptive,0.0,1,26,4,0.09580596821841457,1.6849254845804769,0.2733272614052223,8.582496470562818,1.0,1
clean,False,fedprox_adaptive,0.0,1,27,1,0.3766392759062509,1.130857234937916,1.0,6.6511038385209575,1.0,1
clean,False,fedprox_adaptive,0.0,1,27,2,0.3766392759062509,0.9711964354160663,1.0,6.283999051335462,1.0,1
clean,False,fedprox_adaptive,0.0,1,27,3,0.19672144818749818,1.4685152783702926,0.5223073130494866,8.573624967618903,1.0,1
clean,False,fedprox_adaptive,0.0,1,27,4,0.05,1.9408586714079725,0.08486928317059601,8.873175332819116,1.0,1
clean,False,fedprox_adaptive,0.0,1,28,1,0.3052106993085508,1.4986166505316818,1.0,6.84355491016074,1.0,1
clean,False,fedprox_adaptive,0.0,1,28,2,0.3052106993085508,0.9708829717182927,1.0,6.1279957840298716,1.0,1
clean,False,fedprox_adaptive,0.0,1,28,3,0.27017282108434393,1.573540746592268,0.8852010158766238,9.515594156554501,1.0,1
clean,False,fedprox_adaptive,0.0,1,28,4,0.1194057802985543,1.8243929113981991,0.3912240972189569,8.587887165479957,1.0,1
clean,False,fedprox_adaptive,0.0,1,29,1,0.2958032460789615,1.496654357093552,1.0,6.9570400496937355,1.0,1
clean,False,fedprox_adaptive,0.0,1,29,2,0.2958032460789615,1.0120490317571214,1.0,5.7479344278562925,1.0,1
clean,False,fedprox_adaptive,0.0,1,29,3,0.19938892911784428,1.7352665110523209,0.6740593004331654,8.869297179606571,1.0,1
clean,False,fedprox_adaptive,0.0,1,29,4,0.20900457872423273,1.7201159012720397,0.7065662107995975,8.732970579310706,1.0,1
clean,False,fedprox_adaptive,0.0,1,30,1,0.3366891978519863,1.3603000742475952,1.0,7.397780715024192,1.0,1
clean,False,fedprox_adaptive,0.0,1,30,2,0.3366891978519863,1.0500972202580583,1.0,5.120810668552332,1.0,1
clean,False,fedprox_adaptive,0.0,1,30,3,0.24685056427478022,1.5403597466344343,0.7331704309186049,9.11644084620827,1.0,1
clean,False,fedprox_adaptive,0.0,1,30,4,0.07977104002124713,1.8680248410085247,0.2369278269994147,8.443400127153838,1.0,1
clean,False,fedprox_adaptive,0.0,2,1,1,0.06902627548031355,1.1333933132211946,0.2168875941388924,5.98921179496213,1.0,1
clean,False,fedprox_adaptive,0.0,2,1,2,0.3182582929852129,0.7177943215771049,1.0,6.104965311848541,1.0,1
clean,False,fedprox_adaptive,0.0,2,1,3,0.29445713854926064,0.8815461912296414,0.92521434645834,5.990976232030333,1.0,1
clean,False,fedprox_adaptive,0.0,2,1,4,0.3182582929852129,0.8545567890161562,1.0,6.264240092737248,1.0,1
clean,False,fedprox_adaptive,0.0,2,2,1,0.13829793115481376,1.1052935380557947,0.45164217840179743,5.5458785443658245,1.0,1
clean,False,fedprox_adaptive,0.0,2,2,2,0.30621128355239413,0.7876415047132383,1.0,5.637737448809826,1.0,1
clean,False,fedprox_adaptive,0.0,2,2,3,0.249279501740398,0.9929182382852494,0.8140767996805224,6.267854020918573,1.0,1
clean,False,fedprox_adaptive,0.0,2,2,4,0.30621128355239413,0.9144489357158254,1.0,6.515488960555058,1.0,1
clean,False,fedprox_adaptive,0.0,2,3,1,0.11726006768765238,1.12843992715744,0.3762583995500195,5.698530614412785,1.0,1
clean,False,fedprox_adaptive,0.0,2,3,2,0.3116477076070269,0.7612883105736746,1.0,5.6690898347024,1.0,1
clean,False,fedprox_adaptive,0.0,2,3,3,0.25944451709829386,0.9785190370849943,0.8324929424009792,6.745945418957824,1.0,1
clean,False,fedprox_adaptive,0.0,2,3,4,0.3116477076070269,0.9093000601594414,1.0,6.234172110259891,1.0,1
clean,False,fedprox_adaptive,0.0,2,4,1,0.08745732925807674,1.1854970281967265,0.2850316273868782,5.8881828401628065,1.0,1
clean,False,fedprox_adaptive,0.0,2,4,2,0.3068337716058767,0.7803729354758053,1.0,5.615284876326535,1.0,1
clean,False,fedprox_adaptive,0.0,2,4,3,0.2988751275301698,0.9525967332290453,0.9740620335432645,6.535748104482483,1.0,1
clean,False,fedprox_adaptive,0.0,2,4,4,0.3068337716058767,0.9426352846164647,1.0,7.142631559262806,1.0,1
clean,False,fedprox_adaptive,0.0,2,5,1,0.05,1.5780442143352436,0.06671562580924782,6.205061044017562,1.0,1
clean,False,fedprox_adaptive,0.0,2,5,2,0.3276738465165882,0.8798561342546924,1.0,5.854926487841274,1.0,1
clean,False,fedprox_adaptive,0.0,2,5,3,0.3276738465165882,1.001982644394864,1.0,6.288211440452791,1.0,1
clean,False,fedprox_adaptive,0.0,2,5,4,0.2946523069668235,1.0454800485065356,0.8992243662385394,6.277106651647195,1.0,1
clean,False,fedprox_adaptive,0.0,2,6,1,0.05030943021493767,1.4487002899469064,0.14303115596486163,6.50752840693327,1.0,1
clean,False,fedprox_adaptive,0.0,2,6,2,0.35173756287963687,0.8409311206350043,1.0,5.536666483663861,1.0,1
clean,False,fedprox_adaptive,0.0,2,6,3,0.35173756287963687,0.9686218741298164,1.0,6.675230312044515,1.0,1
clean,False,fedprox_adaptive,0.0,2,6,4,0.24621544402578865,1.1174319398625836,0.6999975834541236,7.408493101237436,1.0,1
clean,False,fedprox_adaptive,0.0,2,7,1,0.16012356524445567,1.2282917752873612,0.5364643728448402,7.280539597713707,1.0,1
clean,False,fedprox_adaptive,0.0,2,7,2,0.2984794020809425,0.8030092882556001,1.0,6.058076760904384,1.0,1
clean,False,fedprox_adaptive,0.0,2,7,3,0.2984794020809425,1.0472547775581185,1.0,7.315201921741162,1.0,1
clean,False,fedprox_adaptive,0.0,2,7,4,0.24291763059365942,1.137246855215827,0.8138505669070737,8.017642066167614,1.0,1
clean,False,fedprox_adaptive,0.0,2,8,1,0.23293545346208955,1.1507882919619723,0.7664440784304404,7.234229905608598,1.0,1
clean,False,fedprox_adaptive,0.0,2,8,2,0.30391708934473805,0.7938851212297562,1.0,5.937326492920447,1.0,1
clean,False,fedprox_adaptive,0.0,2,8,3,0.30391708934473805,1.034532071878023,1.0,6.905196904826818,1.0,1
clean,False,fedprox_adaptive,0.0,2,8,4,0.1592303678484344,1.2339199291723713,0.5239269966415637,6.423625326790262,1.0,1
clean,False,fedprox_adaptive,0.0,2,9,1,0.16139116519194,1.2693304428676935,0.5296979882739212,6.542461379035861,1.0,1
clean,False,fedprox_adaptive,0.0,2,9,2,0.3046852522847042,0.7793561817293326,1.0,6.622650706578776,1.0,1
clean,False,fedprox_adaptive,0.0,2,9,3,0.3046852522847042,1.0621171094796935,1.0,7.27184191016786,1.0,1
clean,False,fedprox_adaptive,0.0,2,9,4,0.22923833023865162,1.190286572421217,0.7523775060318526,8.91401366068734,1.0,1
clean,False,fedprox_adaptive,0.0,2,10,1,0.22648824898081596,1.1437780946963825,0.8522737516896354,7.0678375107488565,1.0,1
clean,False,fedprox_adaptive,0.0,2,10,2,0.2657458927155768,0.8125718016765908,1.0,5.664261090574744,1.0,1
clean,False,fedprox_adaptive,0.0,2,10,3,0.2657458927155768,1.0876143068849844,1.0,7.577621477001454,1.0,1
clean,False,fedprox_adaptive,0.0,2,10,4,0.24201996558803052,1.129075420722068,0.9107194964140435,7.994229592224326,1.0,1
clean,False,fedprox_adaptive,0.0,2,11,1,0.28931976861183095,1.1007139050367614,0.959661808174022,6.927207034353884,1.0,1
clean,False,fedprox_adaptive,0.0,2,11,2,0.3014809656355175,0.8516835872946913,1.0,6.217264557396167,1.0,1
clean,False,fedprox_adaptive,0.0,2,11,3,0.3014809656355175,1.0827335039529387,1.0,6.8477168575044125,1.0,1
clean,False,fedprox_adaptive,0.0,2,11,4,0.10771830011713417,1.3164413595279107,0.3572971842187965,8.500326147701099,1.0,1
clean,False,fedprox_adaptive,0.0,2,12,1,0.25304551761433913,1.3303423625810378,0.845460678568448,6.324914916299932,1.0,1
clean,False,fedprox_adaptive,0.0,2,12,2,0.29929897868556254,0.8433427221411338,1.0,6.024819131166564,1.0,1
clean,False,fedprox_adaptive,0.0,2,12,3,0.29929897868556254,1.2439124679413172,1.0,7.776570328393809,1.0,1
clean,False,fedprox_adaptive,0.0,2,12,4,0.14835652501453586,1.4677949706797517,0.4956800242555997,8.334904815740826,1.0,1
clean,False,fedprox_adaptive,0.0,2,13,1,0.3364196412464696,1.2020049694228674,1.0,6.362904189184383,1.0,1
clean,False,fedprox_adaptive,0.0,2,13,2,0.3364196412464696,0.8557016176096957,1.0,6.843007940320605,1.0,1
clean,False,fedprox_adaptive,0.0,2,13,3,0.2771607175070607,1.2989217663337522,0.8238541497760103,7.897072700182465,1.0,1
clean,False,fedprox_adaptive,0.0,2,13,4,0.05,1.9618435166283332,0.05816530898003136,9.01140108622231,1.0,1
clean,False,fedprox_adaptive,0.0,2,14,1,0.333702960268024,1.2111609496477902,1.0,7.535292480704865,1.0,1
clean,False,fedprox_adaptive,0.0,2,14,2,0.333702960268024,0.8615151907687711,1.0,7.112236965692342,1.0,1
clean,False,fedprox_adaptive,0.0,2,14,3,0.27052823467951914,1.3172926817655473,0.810685750172057,7.703502455811085,1.0,1
clean,False,fedprox_adaptive,0.0,2,14,4,0.06206584478443284,1.689526729858612,0.18599129217967594,9.757453068080734,1.0,1
clean,False,fedprox_adaptive,0.0,2,15,1,0.19141071646674637,1.6075048623176815,0.5403922458076251,6.041541511372395,1.0,1
clean,False,fedprox_adaptive,0.0,2,15,2,0.354207000473665,0.9228904347213142,1.0,7.776929902530012,1.0,1
clean,False,fedprox_adaptive,0.0,2,15,3,0.354207000473665,1.2551365882918362,1.0,7.588868461204461,1.0,1
clean,False,fedprox_adaptive,0.0,2,15,4,0.10017528258592374,1.7928608933562518,0.282815648623443,8.513058740621101,1.0,1
clean,False,fedprox_adaptive,0.0,2,16,1,0.2799798281036068,1.3573542976237234,0.8775812001419313,6.608556564399818,1.0,1
clean,False,fedprox_adaptive,0.0,2,16,2,0.31903580894659733,0.9205670537671045,1.0,6.857924706167789,1.0,1
clean,False,fedprox_adaptive,0.0,2,16,3,0.31903580894659733,1.2882584113593176,1.0,8.341684935875216,1.0,1
clean,False,fedprox_adaptive,0.0,2,16,4,0.08194855400319861,1.6824011266357912,0.25686318496277577,8.317569755899456,1.0,1
clean,False,fedprox_adaptive,0.0,2,17,1,0.13522628683033305,1.6816979760865414,0.46706209385373054,6.9437672865949045,1.0,1
clean,False,fedprox_adaptive,0.0,2,17,2,0.28952528712955616,0.9153194269688385,1.0,7.086413902807887,1.0,1
clean,False,fedprox_adaptive,0.0,2,17,3,0.2857231389105546,1.4633383040310213,0.9868676471865472,8.401811435637674,1.0,1
clean,False,fedprox_adaptive,0.0,2,17,4,0.28952528712955616,1.4556209583569306,1.0,7.884454045562148,1.0,1
clean,False,fedprox_adaptive,0.0,2,18,1,0.13243612445523015,1.7900120800059616,0.4289223269767377,7.387770938956649,1.0,1
clean,False,fedprox_adaptive,0.0,2,18,2,0.3087648185365103,0.9752303587726958,1.0,6.755959385480175,1.0,1
clean,False,fedprox_adaptive,0.0,2,18,3,0.3087648185365103,1.4662499261638995,1.0,8.389715547043345,1.0,1
clean,False,fedprox_adaptive,0.0,2,18,4,0.2500342384717493,1.5954423293023496,0.809788627010249,9.87598189462826,1.0,1
clean,False,fedprox_adaptive,0.0,2,19,1,0.10072155471504188,1.8021440496840047,0.2949731291977449,7.3040409206616745,1.0,1
clean,False,fedprox_adaptive,0.0,2,19,2,0.34146010176920183,0.9949100281689706,1.0,6.946165402168073,1.0,1
clean,False,fedprox_adaptive,0.0,2,19,3,0.34146010176920183,1.3162803740709315,1.0,7.8790984595120035,1.0,1
clean,False,fedprox_adaptive,0.0,2,19,4,0.21635824174655457,1.5806516561127042,0.6336267125369583,10.039709103078302,1.0,1
clean,False,fedprox_adaptive,0.0,2,20,1,0.25882385933376384,1.4197301171260621,0.8840770628978478,7.356074997403119,1.0,1
clean,False,fedprox_adaptive,0.0,2,20,2,0.29276164962971113,0.9353089697304624,1.0,7.3015037831192435,1.0,1
clean,False,fedprox_adaptive,0.0,2,20,3,0.29276164962971113,1.351442307117042,1.0,8.476670796157887,1.0,1
clean,False,fedprox_adaptive,0.0,2,20,4,0.15565284140681393,1.5606496660431064,0.5316708715218873,8.643441948108062,1.0,1
clean,False,fedprox_adaptive,0.0,2,21,1,0.16468521848499287,1.7827338455395252,0.5271116903046047,7.558732520547168,1.0,1
clean,False,fedprox_adaptive,0.0,2,21,2,0.31242945568106334,1.0430344752696639,1.0,7.063890343451589,1.0,1
clean,False,fedprox_adaptive,0.0,2,21,3,0.31242945568106334,1.455462285555707,1.0,7.68308514583539,1.0,1
clean,False,fedprox_adaptive,0.0,2,21,4,0.21045587015288053,1.7052212108778315,0.6736108466281097,10.065880165076193,1.0,1
clean,False,fedprox_adaptive,0.0,2,22,1,0.28348471333061975,1.4841402123882823,0.8597584011866453,7.087934298577619,1.0,1
clean,False,fedprox_adaptive,0.0,2,22,2,0.32972601714545846,0.9868641313449412,1.0,6.910016646968339,1.0,1
clean,False,fedprox_adaptive,0.0,2,22,3,0.32972601714545846,1.3970678806448351,1.0,9.051245222192769,1.0,1
clean,False,fedprox_adaptive,0.0,2,22,4,0.05706325237846329,1.9459972522726032,0.17306263203758615,8.341475827248958,1.0,1
clean,False,fedprox_adaptive,0.0,2,23,1,0.3033474104256838,1.4860049065360492,1.0,6.4111022170542915,1.0,1
clean,False,fedprox_adaptive,0.0,2,23,2,0.3033474104256838,0.9681522238477057,1.0,6.3065230667672845,1.0,1
clean,False,fedprox_adaptive,0.0,2,23,3,0.28488076415819025,1.5238130334097666,0.9391237715147145,8.97290011378259,1.0,1
clean,False,fedprox_adaptive,0.0,2,23,4,0.1084244149904422,1.8145666916688417,0.35742653889245835,9.324298340480928,1.0,1
clean,False,fedprox_adaptive,0.0,2,24,1,0.3301786000669193,1.4706178088639916,1.0,7.658223188345596,1.0,1
clean,False,fedprox_adaptive,0.0,2,24,2,0.3301786000669193,1.0028102255445792,1.0,5.85868425183426,1.0,1
clean,False,fedprox_adaptive,0.0,2,24,3,0.2711526258434881,1.5912249354304508,0.8212301638826137,8.548838454233152,1.0,1
clean,False,fedprox_adaptive,0.0,2,24,4,0.06849017402267327,2.012531915080596,0.20743371620326678,8.341230765707387,1.0,1
clean,False,fedprox_adaptive,0.0,2,25,1,0.30987194992597333,1.5552086267607526,0.9681561365421766,6.782558225609832,1.0,1
clean,False,fedprox_adaptive,0.0,2,25,2,0.32006402503701326,0.9332786484272987,1.0,7.466267963688505,1.0,1
clean,False,fedprox_adaptive,0.0,2,25,3,0.32006402503701326,1.5352062830079771,1.0,8.629918073073924,1.0,1
clean,False,fedprox_adaptive,0.0,2,25,4,0.05,2.1302922188491236,0.15058553944157935,9.609826947816053,1.0,1
clean,False,fedprox_adaptive,0.0,2,26,1,0.33906894592267683,1.4300242162896466,1.0,6.774366762506371,1.0,1
clean,False,fedprox_adaptive,0.0,2,26,2,0.33906894592267683,0.9143128450843535,1.0,7.696455712114724,1.0,1
clean,False,fedprox_adaptive,0.0,2,26,3,0.22170665703448222,1.695608150546283,0.6538689540888873,8.338375867951642,1.0,1
clean,False,fedprox_adaptive,0.0,2,26,4,0.10015545112016408,1.9439807920425518,0.295383733380892,8.750485386531123,1.0,1
clean,False,fedprox_adaptive,0.0,2,27,1,0.2910943291406772,1.618160698274918,1.0,6.652154840420291,1.0,1
clean,False,fedprox_adaptive,0.0,2,27,2,0.2910943291406772,0.966976528482824,1.0,7.290276530487234,1.0,1
clean,False,fedprox_adaptive,0.0,2,27,3,0.16326267844541134,1.8550869016952158,0.5608583270150598,9.016165395180506,1.0,1
clean,False,fedprox_adaptive,0.0,2,27,4,0.2545486632732343,1.707388741952101,0.8744542156649796,7.2656683717088235,1.0,1
clean,False,fedprox_adaptive,0.0,2,28,1,0.3364268871158613,1.4686921687967356,1.0,6.491420214132665,1.0,1
clean,False,fedprox_adaptive,0.0,2,28,2,0.3364268871158613,0.9786487340101494,1.0,7.7652126882528,1.0,1
clean,False,fedprox_adaptive,0.0,2,28,3,0.1076616437990888,1.971805212159316,0.32001498073491214,8.570805934329266,1.0,1
clean,False,fedprox_adaptive,0.0,2,28,4,0.21948458196918869,1.7430373758184103,0.6523990512494351,7.637740417163244,1.0,1
clean,False,fedprox_adaptive,0.0,2,29,1,0.32853457898731336,1.3406510160298768,1.0,6.106598229548651,1.0,1
clean,False,fedprox_adaptive,0.0,2,29,2,0.32853457898731336,1.000410839010066,1.0,7.500097533041631,1.0,1
clean,False,fedprox_adaptive,0.0,2,29,3,0.08030821268504935,1.7989504816797974,0.24444371406076715,8.686895462284781,1.0,1
clean,False,fedprox_adaptive,0.0,2,29,4,0.2626226293403238,1.4663625359643189,0.7993759139444047,8.712691268622185,1.0,1
clean,False,fedprox_adaptive,0.0,2,30,1,0.3488911471974244,1.3103470233705963,1.0,6.951382631001711,1.0,1
clean,False,fedprox_adaptive,0.0,2,30,2,0.3488911471974244,0.9689311017887642,1.0,7.348667652904746,1.0,1
clean,False,fedprox_adaptive,0.0,2,30,3,0.22068925404624504,1.5746117593053253,0.6325447229572875,9.255880976887699,1.0,1
clean,False,fedprox_adaptive,0.0,2,30,4,0.08152845155890626,1.8618969829532244,0.23367876259919076,8.680923477270966,1.0,1
clean,False,fedprox_adaptive,0.0,3,1,1,0.05,1.5784012155635254,0.009791179904984583,6.031224329125725,1.0,1
clean,False,fedprox_adaptive,0.0,3,1,2,0.34764811186057926,0.7688314738586586,1.0,6.142973607037911,1.0,1
clean,False,fedprox_adaptive,0.0,3,1,3,0.2547037762788414,0.8708489767372161,0.7326482370799924,6.051514043658276,1.0,1
clean,False,fedprox_adaptive,0.0,3,1,4,0.34764811186057926,0.7550637343665209,1.0,6.567855744777047,1.0,1
clean,False,fedprox_adaptive,0.0,3,2,1,0.05,1.3149657346279762,0.11255234475927614,5.281579633288181,1.0,1
clean,False,fedprox_adaptive,0.0,3,2,2,0.35664409666975294,0.8401375028232312,1.0,5.754310160753884,1.0,1
clean,False,fedprox_adaptive,0.0,3,2,3,0.2367118066604941,0.9901855413370511,0.6637199630411538,6.8204347666578915,1.0,1
clean,False,fedprox_adaptive,0.0,3,2,4,0.35664409666975294,0.8300388910122563,1.0,6.82507824849625,1.0,1
clean,False,fedprox_adaptive,0.0,3,3,1,0.05,1.400550226106978,0.07421846561309094,6.040389667457995,1.0,1
clean,False,fedprox_adaptive,0.0,3,3,2,0.33329865305054973,0.837336583389815,1.0,5.704329613155961,1.0,1
clean,False,fedprox_adaptive,0.0,3,3,3,0.2834026938989005,0.9512068997840166,0.8502965472708292,6.017281666046201,1.0,1
clean,False,fedprox_adaptive,0.0,3,3,4,0.33329865305054973,0.8914423723123954,1.0,6.419789941798066,1.0,1
clean,False,fedprox_adaptive,0.0,3,4,1,0.05,1.2635147138734049,0.1455222927094894,6.071297485325247,1.0,1
clean,False,fedprox_adaptive,0.0,3,4,2,0.32594000908337434,0.8461288423812048,1.0,5.771136094587734,1.0,1
clean,False,fedprox_adaptive,0.0,3,4,3,0.29811998183325117,0.9282381317622622,0.9146467862955514,6.056297079751341,1.0,1
clean,False,fedprox_adaptive,0.0,3,4,4,0.32594000908337434,0.8956928864380598,1.0,6.569400461631561,1.0,1
clean,False,fedprox_adaptive,0.0,3,5,1,0.0944542020374483,1.3241857672897668,0.2717990878332357,6.66221221665684,1.0,1
clean,False,fedprox_adaptive,0.0,3,5,2,0.3475147867140796,0.945181502058954,1.0,5.208238363274874,1.0,1
clean,False,fedprox_adaptive,0.0,3,5,3,0.3475147867140796,0.9206019077832256,1.0,6.792538090942448,1.0,1
clean,False,fedprox_adaptive,0.0,3,5,4,0.21051622453439256,1.1558028698335412,0.6057763081822367,7.597813707761011,1.0,1
clean,False,fedprox_adaptive,0.0,3,6,1,0.12961818656270543,1.2265914203933006,0.38109745594237815,6.990781426834766,1.0,1
clean,False,fedprox_adaptive,0.0,3,6,2,0.340118215279568,0.8669961561304721,1.0,5.9146317726949995,1.0,1
clean,False,fedprox_adaptive,0.0,3,6,3,0.340118215279568,0.9086272214169767,1.0,7.265166913585867,1.0,1
clean,False,fedprox_adaptive,0.0,3,6,4,0.19014538287815866,1.1477903523552166,0.5590567465546187,7.993393897246053,1.0,1
clean,False,fedprox_adaptive,0.0,3,7,1,0.19509132186628217,1.1929055557488453,0.5760836014070959,6.309991577322753,1.0,1
clean,False,fedprox_adaptive,0.0,3,7,2,0.3386510593076555,0.9023583178521779,1.0,5.9545921775659805,1.0,1
clean,False,fedprox_adaptive,0.0,3,7,3,0.3386510593076555,0.9558921047723388,1.0,7.215114595499336,1.0,1
clean,False,fedprox_adaptive,0.0,3,7,4,0.12760655951840671,1.2841254523067585,0.376808387309604,8.383013602864807,1.0,1
clean,False,fedprox_adaptive,0.0,3,8,1,0.19097037573317252,1.2437484952675313,0.5160910928100606,6.535599007419469,1.0,1
clean,False,fedprox_adaptive,0.0,3,8,2,0.3700323031993428,0.9461546563992742,1.0,6.308270875810689,1.0,1
clean,False,fedprox_adaptive,0.0,3,8,3,0.3700323031993428,0.9531156716613638,1.0,7.57532581078948,1.0,1
clean,False,fedprox_adaptive,0.0,3,8,4,0.06896501786814183,1.4675032685699945,0.18637566848046014,9.043861631582677,1.0,1
clean,False,fedprox_adaptive,0.0,3,9,1,0.23604884243902255,1.1807016802434354,0.7103575381373104,6.773243615280818,1.0,1
clean,False,fedprox_adaptive,0.0,3,9,2,0.3322958225487218,0.8751033577249319,1.0,5.868598948227027,1.0,1
clean,False,fedprox_adaptive,0.0,3,9,3,0.3322958225487218,1.0295277924177404,1.0,6.425433417528731,1.0,1
clean,False,fedprox_adaptive,0.0,3,9,4,0.0993595124635337,1.3719515173803751,0.29900921324090807,7.845953440305416,1.0,1
clean,False,fedprox_adaptive,0.0,3,10,1,0.22398645541917445,1.2112375006041476,0.84265239798368,7.0320479610168505,1.0,1
clean,False,fedprox_adaptive,0.0,3,10,2,0.2658112122568391,0.8945345835281304,1.0,6.172018917428531,1.0,1
clean,False,fedprox_adaptive,0.0,3,10,3,0.2658112122568391,1.1514586145572407,1.0,8.169139950814657,1.0,1
clean,False,fedprox_adaptive,0.0,3,10,4,0.2443911200671474,1.1908165363449155,0.9194161449856575,8.654496974008822,1.0,1
clean,False,fedprox_adaptive,0.0,3,11,1,0.29278046774206395,1.056271477728683,1.0,7.355724424722569,1.0,1
clean,False,fedprox_adaptive,0.0,3,11,2,0.29278046774206395,0.8316617824152848,1.0,6.00131880847292,1.0,1
clean,False,fedprox_adaptive,0.0,3,11,3,0.16329663953913034,1.216950003435411,0.5577443085547384,8.44089885207377,1.0,1
clean,False,fedprox_adaptive,0.0,3,11,4,0.2511424249767417,1.1231369770238229,0.8577840827756146,8.177960985225951,1.0,1
clean,False,fedprox_adaptive,0.0,3,12,1,0.20833175716684094,1.228106863995443,0.7591889978333795,6.460367264546605,1.0,1
clean,False,fedprox_adaptive,0.0,3,12,2,0.27441356205291567,0.8001783986095863,1.0,6.332397361383059,1.0,1
clean,False,fedprox_adaptive,0.0,3,12,3,0.27441356205291567,1.1355168240708455,1.0,8.679055825022191,1.0,1
clean,False,fedprox_adaptive,0.0,3,12,4,0.24284111872732775,1.192425192670739,0.8849457618297315,8.064307429871585,1.0,1
clean,False,fedprox_adaptive,0.0,3,13,1,0.2340852526481376,1.2713312423549217,0.8250868412907325,6.934621848072548,1.0,1
clean,False,fedprox_adaptive,0.0,3,13,2,0.283709836266379,0.8369627835581297,1.0,6.405793173108582,1.0,1
clean,False,fedprox_adaptive,0.0,3,13,3,0.283709836266379,1.1771779184347757,1.0,7.126593905756325,1.0,1
clean,False,fedprox_adaptive,0.0,3,13,4,0.19849507481910444,1.311712322013086,0.6996411454438778,7.266900483634381,1.0,1
clean,False,fedprox_adaptive,0.0,3,14,1,0.23922289095381416,1.3308212507966792,0.7214678956304759,6.683801721680786,1.0,1
clean,False,fedprox_adaptive,0.0,3,14,2,0.33157801255281394,0.987522545760643,1.0,6.188532943883159,1.0,1
clean,False,fedprox_adaptive,0.0,3,14,3,0.33157801255281394,1.1676850785234438,1.0,8.444357447955687,1.0,1
clean,False,fedprox_adaptive,0.0,3,14,4,0.09762108394055798,1.5547629281105426,0.29441362287256256,9.777100092743199,1.0,1
clean,False,fedprox_adaptive,0.0,3,15,1,0.2859310198762348,1.2291475177647997,0.9869870626360581,7.504978397508365,1.0,1
clean,False,fedprox_adaptive,0.0,3,15,2,0.2897008792724866,0.988453284731635,1.0,6.998912736481873,1.0,1
clean,False,fedprox_adaptive,0.0,3,15,3,0.2897008792724866,1.222724423671222,1.0,7.973052237387844,1.0,1
clean,False,fedprox_adaptive,0.0,3,15,4,0.13466722157879196,1.41375971567874,0.46484919865267926,8.807921324956672,1.0,1
clean,False,fedprox_adaptive,0.0,3,16,1,0.21343660847203147,1.4631048065344499,0.712123277013887,6.453780889696665,1.0,1
clean,False,fedprox_adaptive,0.0,3,16,2,0.29971862367289154,1.0282578389286572,1.0,6.644246205236319,1.0,1
clean,False,fedprox_adaptive,0.0,3,16,3,0.29971862367289154,1.2770462273132361,1.0,8.532448164770559,1.0,1
clean,False,fedprox_adaptive,0.0,3,16,4,0.18712614418218546,1.4991533883371029,0.6243393950267574,8.78341922801471,1.0,1
clean,False,fedprox_adaptive,0.0,3,17,1,0.26412364761995577,1.3982432933180582,0.8901492636695187,7.291086243444054,1.0,1
clean,False,fedprox_adaptive,0.0,3,17,2,0.2967183801637291,1.065154121373315,1.0,7.283088143428611,1.0,1
clean,False,fedprox_adaptive,0.0,3,17,3,0.2967183801637291,1.3346402826026211,1.0,8.790586547167667,1.0,1
clean,False,fedprox_adaptive,0.0,3,17,4,0.14243959205258602,1.566998679577805,0.48004977640410385,10.607198693867193,1.0,1
clean,False,fedprox_adaptive,0.0,3,18,1,0.29128698694713967,1.457132410936703,1.0,7.283974388094194,1.0,1
clean,False,fedprox_adaptive,0.0,3,18,2,0.29128698694713967,1.0427474391330347,1.0,6.20725714825533,1.0,1
clean,False,fedprox_adaptive,0.0,3,18,3,0.2721705167387979,1.4972411165141433,0.934372385087663,8.421903904616595,1.0,1
clean,False,fedprox_adaptive,0.0,3,18,4,0.14525550936692294,1.6827564064656468,0.4986680348795763,7.912862013184083,1.0,1
clean,False,fedprox_adaptive,0.0,3,19,1,0.3127458655561648,1.2728691199298294,1.0,6.646721800074093,1.0,1
clean,False,fedprox_adaptive,0.0,3,19,2,0.3127458655561648,0.942923072961847,1.0,6.715231768241331,1.0,1
clean,False,fedprox_adaptive,0.0,3,19,3,0.2872637932310011,1.316889840579904,0.9185214734019002,9.218915494643879,1.0,1
clean,False,fedprox_adaptive,0.0,3,19,4,0.08724447565666933,1.6255079691844836,0.27896284256714315,8.638511364486702,1.0,1
clean,False,fedprox_adaptive,0.0,3,20,1,0.3367413874746218,1.1211676308280758,1.0,8.232425110011683,1.0,1
clean,False,fedprox_adaptive,0.0,3,20,2,0.3367413874746218,0.9769605768975801,1.0,6.186548622471315,1.0,1
clean,False,fedprox_adaptive,0.0,3,20,3,0.19137449985585347,1.4068788479936143,0.5683129753994859,8.074795715132426,1.0,1
clean,False,fedprox_adaptive,0.0,3,20,4,0.13514272519490306,1.494829786455066,0.4013249639683449,9.115046916766298,1.0,1
clean,False,fedprox_adaptive,0.0,3,21,1,0.32282791083709833,1.1566257520489778,1.0,6.810120908969586,1.0,1
clean,False,fedprox_adaptive,0.0,3,21,2,0.32282791083709833,0.9465609350902338,1.0,6.464048459006392,1.0,1
clean,False,fedprox_adaptive,0.0,3,21,3,0.19422632243150204,1.4182858529964393,0.6016404279539208,9.48229930718648,1.0,1
clean,False,fedprox_adaptive,0.0,3,21,4,0.16011785589430125,1.4680109871019422,0.4959851689375707,9.885195959819642,1.0,1
clean,False,fedprox_adaptive,0.0,3,22,1,0.36214107974404447,1.0976417313819904,1.0,5.909386948399011,1.0,1
clean,False,fedprox_adaptive,0.0,3,22,2,0.36214107974404447,0.9117017039284776,1.0,6.377185281200404,1.0,1
clean,False,fedprox_adaptive,0.0,3,22,3,0.1560762746173436,1.5419918594074113,0.43098196627583873,8.696496387078213,1.0,1
clean,False,fedprox_adaptive,0.0,3,22,4,0.11964156589456747,1.61216506808494,0.33037280934581686,8.864211677462952,1.0,1
clean,False,fedprox_adaptive,0.0,3,23,1,0.3118417471088823,1.2936136777775116,1.0,7.426945109311042,1.0,1
clean,False,fedprox_adaptive,0.0,3,23,2,0.3118417471088823,0.9919420212551201,1.0,8.133610981497071,1.0,1
clean,False,fedprox_adaptive,0.0,3,23,3,0.22707260736355506,1.4688806944279054,0.7281661594984288,9.447576569474137,1.0,1
clean,False,fedprox_adaptive,0.0,3,23,4,0.1492438984186803,1.5848192551820266,0.47858857834891,10.952476627933406,1.0,1
clean,False,fedprox_adaptive,0.0,3,24,1,0.15713284798312552,1.748638564740135,0.5546404173434658,6.859368340918309,1.0,1
clean,False,fedprox_adaptive,0.0,3,24,2,0.28330580150602275,0.9795255209715441,1.0,6.713044711637565,1.0,1
clean,False,fedprox_adaptive,0.0,3,24,3,0.28330580150602275,1.5563515373165386,1.0,8.225502540172103,1.0,1
clean,False,fedprox_adaptive,0.0,3,24,4,0.27625554900482907,1.57211937196172,0.975114337709587,8.599999409451026,1.0,1
clean,False,fedprox_adaptive,0.0,3,25,1,0.22493225019751814,1.660289574219036,0.7477320105196005,7.065957489188249,1.0,1
clean,False,fedprox_adaptive,0.0,3,25,2,0.30081934039604946,0.973271568898355,1.0,6.244441943904294,1.0,1
clean,False,fedprox_adaptive,0.0,3,25,3,0.30081934039604946,1.4778324801130531,1.0,8.521604317370098,1.0,1
clean,False,fedprox_adaptive,0.0,3,25,4,0.17342906901038307,1.7418903361574842,0.5765223365693566,9.284892910754214,1.0,1
clean,False,fedprox_adaptive,0.0,3,26,1,0.3157250232887331,1.583047939238509,1.0,6.762979899793452,1.0,1
clean,False,fedprox_adaptive,0.0,3,26,2,0.3157250232887331,1.0025330461159738,1.0,6.811461030034411,1.0,1
clean,False,fedprox_adaptive,0.0,3,26,3,0.11260969684161933,1.993137560180704,0.35667016718734024,7.991878606970353,1.0,1
clean,False,fedprox_adaptive,0.0,3,26,4,0.2559402565809145,1.721803868015484,0.8106429256538689,7.867332957658347,1.0,1
clean,False,fedprox_adaptive,0.0,3,27,1,0.2972838994586623,1.3948366205488556,1.0,6.4774110957646345,1.0,1
clean,False,fedprox_adaptive,0.0,3,27,2,0.2972838994586623,1.007460458058276,1.0,7.442728475918385,1.0,1
clean,False,fedprox_adaptive,0.0,3,27,3,0.21481588963085935,1.5887112862177921,0.7225951019279124,9.388400166662132,1.0,1
clean,False,fedprox_adaptive,0.0,3,27,4,0.19061631145181612,1.62437028290352,0.6411928523506251,8.106311521536885,1.0,1
clean,False,fedprox_adaptive,0.0,3,28,1,0.3700708902840456,1.3473561133827312,1.0,7.014139251493889,1.0,1
clean,False,fedprox_adaptive,0.0,3,28,2,0.3700708902840456,1.0152995207378623,1.0,6.531693938768375,1.0,1
clean,False,fedprox_adaptive,0.0,3,28,3,0.051101753668712536,2.1240957729070984,0.1380863910411589,8.958562919735853,1.0,1
clean,False,fedprox_adaptive,0.0,3,28,4,0.20875646576319629,1.695815203146202,0.5640985855519913,8.737223655022113,1.0,1
clean,False,fedprox_adaptive,0.0,3,29,1,0.3021553666296532,1.4922234484000105,0.9328019437553112,7.551101705983069,1.0,1
clean,False,fedprox_adaptive,0.0,3,29,2,0.3239223166851734,0.9678727629236247,1.0,7.3348236961253255,1.0,1
clean,False,fedprox_adaptive,0.0,3,29,3,0.05,2.050407135224839,0.14003097077306725,10.464254245519712,1.0,1
clean,False,fedprox_adaptive,0.0,3,29,4,0.3239223166851734,1.451272136946851,1.0,9.620958043836042,1.0,1
clean,False,fedprox_adaptive,0.0,3,30,1,0.3603839334754233,1.2662180621780665,1.0,8.048842757322912,1.0,1
clean,False,fedprox_adaptive,0.0,3,30,2,0.3603839334754233,1.0527825958174166,1.0,6.256977566849587,1.0,1
clean,False,fedprox_adaptive,0.0,3,30,3,0.05,2.024395898277514,0.10325776662251228,8.615432128233726,1.0,1
clean,False,fedprox_adaptive,0.0,3,30,4,0.22923213304915346,1.5181687450577983,0.6360775599470118,8.14528080155697,1.0,1
clean,False,fedprox_adaptive,0.0,4,1,1,0.05,1.3427947899764061,0.08046006725504323,5.798067706527018,1.0,1
clean,False,fedprox_adaptive,0.0,4,1,2,0.3485205953285778,0.7859394309222408,1.0,5.509190942745581,1.0,1
clean,False,fedprox_adaptive,0.0,4,1,3,0.2529588093428443,0.9500406540655497,0.7258073489297242,5.86624949540687,1.0,1
clean,False,fedprox_adaptive,0.0,4,1,4,0.3485205953285778,0.8355920746168569,1.0,5.446343907712697,1.0,1
clean,False,fedprox_adaptive,0.0,4,2,1,0.07674668313815503,1.2298903385072069,0.23327836638512867,6.422973822351587,1.0,1
clean,False,fedprox_adaptive,0.0,4,2,2,0.3289918577852643,0.856790965101586,1.0,5.893887214759188,1.0,1
clean,False,fedprox_adaptive,0.0,4,2,3,0.3289918577852643,0.9115718846665067,1.0,7.0054816983236785,1.0,1
clean,False,fedprox_adaptive,0.0,4,2,4,0.2652696012913163,0.9936035291998155,0.8063105363065247,8.265122985866778,1.0,1
clean,False,fedprox_adaptive,0.0,4,3,1,0.05509546346843553,1.3136969177043694,0.16864832776196143,5.9265204142497385,1.0,1
clean,False,fedprox_adaptive,0.0,4,3,2,0.3266884658720126,0.8118479664223952,1.0,6.326066154349762,1.0,1
clean,False,fedprox_adaptive,0.0,4,3,3,0.3266884658720126,0.9467474977522974,1.0,6.711306053993651,1.0,1
clean,False,fedprox_adaptive,0.0,4,3,4,0.2915276047875393,0.9908758275621528,0.892371893232838,7.445589567207462,1.0,1
clean,False,fedprox_adaptive,0.0,4,4,1,0.054041219436100615,1.3847259039601936,0.1562114230106723,6.232964781169274,1.0,1
clean,False,fedprox_adaptive,0.0,4,4,2,0.3459492167381929,0.7983685848671227,1.0,5.9002867079486165,1.0,1
clean,False,fedprox_adaptive,0.0,4,4,3,0.2540603470875137,1.0721321632863872,0.7343862474467784,7.082298361677581,1.0,1
clean,False,fedprox_adaptive,0.0,4,4,4,0.3459492167381929,0.947435886530583,1.0,7.645518148232243,1.0,1
clean,False,fedprox_adaptive,0.0,4,5,1,0.13174831480586588,1.241217497203061,0.4541455363001806,6.824883666320902,1.0,1
clean,False,fedprox_adaptive,0.0,4,5,2,0.2901015297413009,0.7514454304385885,1.0,5.8866971558202055,1.0,1
clean,False,fedprox_adaptive,0.0,4,5,3,0.2901015297413009,1.070463193746611,1.0,8.089332453752021,1.0,1
clean,False,fedprox_adaptive,0.0,4,5,4,0.28804862571153234,1.0735083447459541,0.9929234980884133,8.101534589561874,1.0,1
clean,False,fedprox_adaptive,0.0,4,6,1,0.27201160776696365,1.2021297814263718,1.0,7.111668920474777,1.0,1
clean,False,fedprox_adaptive,0.0,4,6,2,0.27201160776696365,0.7770539733117228,1.0,5.445702913164184,1.0,1
clean,False,fedprox_adaptive,0.0,4,6,3,0.2021207866064147,1.291372278515363,0.7430594167127402,7.372638064759377,1.0,1
clean,False,fedprox_adaptive,0.0,4,6,4,0.25385599785965796,1.23581119017755,0.9332542825787793,8.594155376217968,1.0,1
clean,False,fedprox_adaptive,0.0,4,7,1,0.168409858017255,1.3674393181772415,0.5549905120889276,7.16204782725116,1.0,1
clean,False,fedprox_adaptive,0.0,4,7,2,0.30344637313415956,0.7471208034731158,1.0,6.069488425124653,1.0,1
clean,False,fedprox_adaptive,0.0,4,7,3,0.30344637313415956,1.1498611729137191,1.0,7.003392682436978,1.0,1
clean,False,fedprox_adaptive,0.0,4,7,4,0.22469739571442598,1.296886385931339,0.7404846971595963,7.241006929912614,1.0,1
clean,False,fedprox_adaptive,0.0,4,8,1,0.1378245941616475,1.309894057824855,0.4572529891619651,6.315380493007677,1.0,1
clean,False,fedprox_adaptive,0.0,4,8,2,0.30141868381056813,0.812135498697781,1.0,6.421875638479204,1.0,1
clean,False,fedprox_adaptive,0.0,4,8,3,0.30141868381056813,1.09857051467415,1.0,7.862494239994761,1.0,1
clean,False,fedprox_adaptive,0.0,4,8,4,0.25933803821721624,1.1666951617572394,0.8603913829714742,8.131893866148541,1.0,1
clean,False,fedprox_adaptive,0.0,4,9,1,0.16868904196035622,1.2617827846212055,0.568160586574626,6.746118084658939,1.0,1
clean,False,fedprox_adaptive,0.0,4,9,2,0.29690380844148806,0.8267258814245401,1.0,6.117906979334168,1.0,1
clean,False,fedprox_adaptive,0.0,4,9,3,0.29690380844148806,1.0829955476269446,1.0,7.173831625281084,1.0,1
clean,False,fedprox_adaptive,0.0,4,9,4,0.23750334115666769,1.184215890440682,0.7999336296943236,8.307495620594766,1.0,1
clean,False,fedprox_adaptive,0.0,4,10,1,0.2569416271055867,1.259318483321036,0.9202406612310423,7.773065089152979,1.0,1
clean,False,fedprox_adaptive,0.0,4,10,2,0.2792113388707099,0.8298853265870862,1.0,6.471005484227689,1.0,1
clean,False,fedprox_adaptive,0.0,4,10,3,0.18463569515299344,1.3411894100187136,0.6612757773368575,8.257943306296594,1.0,1
clean,False,fedprox_adaptive,0.0,4,10,4,0.2792113388707099,1.2181332977338,1.0,8.880273945187305,1.0,1
clean,False,fedprox_adaptive,0.0,4,11,1,0.1610774102999657,1.502172637508059,0.5409857822977789,7.575877516232221,1.0,1
clean,False,fedprox_adaptive,0.0,4,11,2,0.29774795488304096,0.8056254465559867,1.0,5.652459055376558,1.0,1
clean,False,fedprox_adaptive,0.0,4,11,3,0.24342667993395242,1.3916893427450712,0.8175595363184726,7.708868055556017,1.0,1
clean,False,fedprox_adaptive,0.0,4,11,4,0.29774795488304096,1.2838997310499014,1.0,8.667147118287595,1.0,1
clean,False,fedprox_adaptive,0.0,4,12,1,0.19490058420812062,1.2910427022615933,0.7105293464071147,7.08695835431749,1.0,1
clean,False,fedprox_adaptive,0.0,4,12,2,0.27430335593267346,0.8119996642732891,1.0,6.459050852309738,1.0,1
clean,False,fedprox_adaptive,0.0,4,12,3,0.27430335593267346,1.1922209097490966,1.0,7.2484018399620105,1.0,1
clean,False,fedprox_adaptive,0.0,4,12,4,0.2564927039265324,1.2246722504324596,0.9350695074597899,8.036205053934708,1.0,1
clean,False,fedprox_adaptive,0.0,4,13,1,0.25916185720675844,1.243007955146001,0.8567729830914396,7.170897121509671,1.0,1
clean,False,fedprox_adaptive,0.0,4,13,2,0.30248602876299996,0.831685205966533,1.0,7.2271539616174705,1.0,1
clean,False,fedprox_adaptive,0.0,4,13,3,0.30248602876299996,1.1684540888491117,1.0,8.2222521486668,1.0,1
clean,False,fedprox_adaptive,0.0,4,13,4,0.1358660852672418,1.398736089974971,0.44916482861327095,7.5836802502878005,1.0,1
clean,False,fedprox_adaptive,0.0,4,14,1,0.29050305920015734,1.1735730228122137,1.0,7.2815467328770245,1.0,1
clean,False,fedprox_adaptive,0.0,4,14,2,0.29050305920015734,0.833337962164461,1.0,7.0245726752024655,1.0,1
clean,False,fedprox_adaptive,0.0,4,14,3,0.231356462434222,1.2855385662526433,0.7963994013392361,7.996991914900781,1.0,1
clean,False,fedprox_adaptive,0.0,4,14,4,0.18763741916546328,1.3370442083108995,0.6459051401458069,7.51345581843013,1.0,1
clean,False,fedprox_adaptive,0.0,4,15,1,0.3084468948699564,1.0670605304892313,1.0,7.924007729810022,1.0,1
clean,False,fedprox_adaptive,0.0,4,15,2,0.3084468948699564,0.8349114264842852,1.0,6.9775360511242805,1.0,1
clean,False,fedprox_adaptive,0.0,4,15,3,0.19794323488600588,1.2748176241528597,0.6417417006887369,8.369017212161305,1.0,1
clean,False,fedprox_adaptive,0.0,4,15,4,0.18516297537408133,1.2904482350659645,0.6003074709250922,8.329274614768021,1.0,1
clean,False,fedprox_adaptive,0.0,4,16,1,0.22349664790555887,1.407177331073426,0.6842397156882577,7.244723221591019,1.0,1
clean,False,fedprox_adaptive,0.0,4,16,2,0.32663501223507585,0.8754495295796876,1.0,7.656007426275129,1.0,1
clean,False,fedprox_adaptive,0.0,4,16,3,0.12323332762428936,1.5629027116089964,0.37728143955247395,8.907948305525055,1.0,1
clean,False,fedprox_adaptive,0.0,4,16,4,0.32663501223507585,1.2086628123772254,1.0,8.815907684127456,1.0,1
clean,False,fedprox_adaptive,0.0,4,17,1,0.1655152469181821,1.457555967241038,0.5492312731767701,6.791110881600286,1.0,1
clean,False,fedprox_adaptive,0.0,4,17,2,0.3013580161975063,0.8720127020050616,1.0,6.653746068708221,1.0,1
clean,False,fedprox_adaptive,0.0,4,17,3,0.23176872068680537,1.3699145265243415,0.7690809874953087,7.740102431959845,1.0,1
clean,False,fedprox_adaptive,0.0,4,17,4,0.3013580161975063,1.2332192846249355,1.0,8.542705916718292,1.0,1
clean,False,fedprox_adaptive,0.0,4,18,1,0.1928661292372903,1.4660118097147865,0.5674605743582655,7.123737630408135,1.0,1
clean,False,fedprox_adaptive,0.0,4,18,2,0.3398758221316086,0.8899043850313879,1.0,7.0978784245416096,1.0,1
clean,False,fedprox_adaptive,0.0,4,18,3,0.1273822264994925,1.575254336025315,0.37479049171719797,8.890641707730895,1.0,1
clean,False,fedprox_adaptive,0.0,4,18,4,0.3398758221316086,1.1675814469756638,1.0,9.024297703469058,1.0,1
clean,False,fedprox_adaptive,0.0,4,19,1,0.31323207656082097,1.233047772137853,1.0,7.649589740458765,1.0,1
clean,False,fedprox_adaptive,0.0,4,19,2,0.31323207656082097,0.901457469930372,1.0,6.615842946918265,1.0,1
clean,False,fedprox_adaptive,0.0,4,19,3,0.10489469443493231,1.5504555650059837,0.33487852070145396,9.691829346505834,1.0,1
clean,False,fedprox_adaptive,0.0,4,19,4,0.2686411524434258,1.3111904312689318,0.8576425358252322,7.848749743776965,1.0,1
clean,False,fedprox_adaptive,0.0,4,20,1,0.3179466777644542,1.3606970469783177,1.0,7.9500595765058755,1.0,1
clean,False,fedprox_adaptive,0.0,4,20,2,0.3179466777644542,0.8830180165035217,1.0,7.814959480238751,1.0,1
clean,False,fedprox_adaptive,0.0,4,20,3,0.306732326705069,1.3803825052969096,0.96472883082712,8.993740734544453,1.0,1
clean,False,fedprox_adaptive,0.0,4,20,4,0.05737431776602272,1.8398912401329461,0.18045264120837137,9.461615762760482,1.0,1
clean,False,fedprox_adaptive,0.0,4,21,1,0.36590837562417433,1.1534269050120185,1.0,7.547681632560468,1.0,1
clean,False,fedprox_adaptive,0.0,4,21,2,0.36590837562417433,0.858936034318676,1.0,7.401049736752092,1.0,1
clean,False,fedprox_adaptive,0.0,4,21,3,0.21818324875165138,1.41949115887186,0.5962783671717536,9.087313522518132,1.0,1
clean,False,fedprox_adaptive,0.0,4,21,4,0.05,1.985900762256252,0.06597519084529742,9.131358101097927,1.0,1
clean,False,fedprox_adaptive,0.0,4,22,1,0.32367751653998433,1.5012086928240298,1.0,7.076006383496536,1.0,1
clean,False,fedprox_adaptive,0.0,4,22,2,0.32367751653998433,0.8849969491516112,1.0,7.354245403912368,1.0,1
clean,False,fedprox_adaptive,0.0,4,22,3,0.3026449669200312,1.5421030782790255,0.9350200475930955,9.909685702682022,1.0,1
clean,False,fedprox_adaptive,0.0,4,22,4,0.05,2.4737313255628246,0.04378696928947976,9.418175653205962,1.0,1
clean,False,fedprox_adaptive,0.0,4,23,1,0.3627737711860064,1.417651019210899,1.0,7.100535823040281,1.0,1
clean,False,fedprox_adaptive,0.0,4,23,2,0.3627737711860064,0.9040764493558906,1.0,6.937216176322632,1.0,1
clean,False,fedprox_adaptive,0.0,4,23,3,0.22445245762798716,1.7188251914086565,0.6187119231199952,9.19034411852784,1.0,1
clean,False,fedprox_adaptive,0.0,4,23,4,0.05,2.3041955105479515,0.095708646389533,10.244818347164287,1.0,1
clean,False,fedprox_adaptive,0.0,4,24,1,0.33934868412815156,1.3888741677543122,1.0,7.38439398812576,1.0,1
clean,False,fedprox_adaptive,0.0,4,24,2,0.33934868412815156,0.9621307031865409,1.0,7.666532123785338,1.0,1
clean,False,fedprox_adaptive,0.0,4,24,3,0.27130263174369684,1.5190279254768129,0.7994804295196332,9.12777507958357,1.0,1
clean,False,fedprox_adaptive,0.0,4,24,4,0.05,2.4785886250245857,0.029492136011495088,11.022453674152526,1.0,1
clean,False,fedprox_adaptive,0.0,4,25,1,0.3264977994421642,1.4109796131819186,1.0,6.326729480544025,1.0,1
clean,False,fedprox_adaptive,0.0,4,25,2,0.3264977994421642,0.9711088855178114,1.0,6.2414413999805305,1.0,1
clean,False,fedprox_adaptive,0.0,4,25,3,0.2970044011156715,1.4654454416150933,0.9096673901726643,8.316011047408635,1.0,1
clean,False,fedprox_adaptive,0.0,4,25,4,0.05,2.1839175494177883,0.0748348506490912,8.555657438574327,1.0,1
clean,False,fedprox_adaptive,0.0,4,26,1,0.3068142360420452,1.42182334042194,0.9910840419009014,6.701582600644912,1.0,1
clean,False,fedprox_adaptive,0.0,4,26,2,0.30957438831683215,1.0992248135225247,1.0,6.4931856236934635,1.0,1
clean,False,fedprox_adaptive,0.0,4,26,3,0.30957438831683215,1.4167389399677608,1.0,8.578011308230124,1.0,1
clean,False,fedprox_adaptive,0.0,4,26,4,0.07403698732429068,1.8253754021896818,0.23915734026588123,7.929127635807963,1.0,1
clean,False,fedprox_adaptive,0.0,4,27,1,0.340521113596679,1.4122886111797874,1.0,6.997690586199825,1.0,1
clean,False,fedprox_adaptive,0.0,4,27,2,0.340521113596679,1.0365506093655366,1.0,7.2320888560011225,1.0,1
clean,False,fedprox_adaptive,0.0,4,27,3,0.1432108883650135,1.909549407191351,0.4205639023447919,8.057914266869902,1.0,1
clean,False,fedprox_adaptive,0.0,4,27,4,0.1757468844416285,1.8429069232512854,0.5161115637892196,7.94953293623629,1.0,1
clean,False,fedprox_adaptive,0.0,4,28,1,0.31887882079512764,1.5809962361761583,1.0,6.771531364833333,1.0,1
clean,False,fedprox_adaptive,0.0,4,28,2,0.31887882079512764,0.9662048397598131,1.0,6.477789496530094,1.0,1
clean,False,fedprox_adaptive,0.0,4,28,3,0.05,2.4682075330588233,0.062472567363862065,9.538312084865515,1.0,1
clean,False,fedprox_adaptive,0.0,4,28,4,0.3122423584097447,1.5943526952474674,0.9791881368325595,9.356729925520682,1.0,1
clean,False,fedprox_adaptive,0.0,4,29,1,0.2919061311417536,1.7764806769727846,0.9052354326841209,7.216522489698518,1.0,1
clean,False,fedprox_adaptive,0.0,4,29,2,0.322464323205092,1.0067780160313493,1.0,6.459065033788118,1.0,1
clean,False,fedprox_adaptive,0.0,4,29,3,0.06316522244806243,2.309707170873733,0.19588282455634148,9.938429322636866,1.0,1
clean,False,fedprox_adaptive,0.0,4,29,4,0.322464323205092,1.707115161613321,1.0,9.106380265502343,1.0,1
clean,False,fedprox_adaptive,0.0,4,30,1,0.36434438912043104,1.3861010084490952,1.0,8.167254368157172,1.0,1
clean,False,fedprox_adaptive,0.0,4,30,2,0.36434438912043104,1.035221878395054,1.0,6.925213442214806,1.0,1
clean,False,fedprox_adaptive,0.0,4,30,3,0.10388250634662295,2.053268121798453,0.2851217404429013,10.294508979114651,1.0,1
clean,False,fedprox_adaptive,0.0,4,30,4,0.16742871541251503,1.896586382538373,0.4595342220493832,8.466482383084648,1.0,1
clean,False,fedprox_adaptive,1.0,0,1,1,0.05,2.4680340431439634,0.028784529213160458,0.549207060692312,1.0,1
clean,False,fedprox_adaptive,1.0,0,1,2,0.26084530289994334,1.5240260892366628,0.7570007256645656,0.5382366041535227,1.0,1
clean,False,fedprox_adaptive,1.0,0,1,3,0.34457734855002825,1.3632667807104535,1.0,0.5290251122166044,1.0,1
clean,False,fedprox_adaptive,1.0,0,1,4,0.34457734855002825,1.1494331059140612,1.0,0.5699258171773557,1.0,1
clean,False,fedprox_adaptive,1.0,0,2,1,0.05,1.9698859037525454,0.0530799219871582,0.43155429526984546,1.0,1
clean,False,fedprox_adaptive,1.0,0,2,2,0.27889206226965835,1.287025145400067,0.8311392149908386,0.2553366645185075,1.0,1
clean,False,fedprox_adaptive,1.0,0,2,3,0.3355539688651708,1.1952035487869395,1.0,0.2776440899025318,1.0,1
clean,False,fedprox_adaptive,1.0,0,2,4,0.3355539688651708,1.0150578911918062,1.0,0.3746118815973398,1.0,1
clean,False,fedprox_adaptive,1.0,0,3,1,0.05,1.7714245506370268,0.039273540007522985,0.5598060218503876,0.6094199348229828,1
clean,False,fedprox_adaptive,1.0,0,3,2,0.32165946959469094,1.065003595102558,1.0,0.31370610447464037,1.0,1
clean,False,fedprox_adaptive,1.0,0,3,3,0.3066810608106181,1.0855131248469512,0.9534339567153223,0.1737273640285675,1.0,1
clean,False,fedprox_adaptive,1.0,0,3,4,0.32165946959469094,0.9502371164208256,1.0,0.268979958729591,1.0,1
clean,False,fedprox_adaptive,1.0,0,4,1,0.05,1.5750404259385546,0.05266362573964812,0.42519852922960405,1.0,1
clean,False,fedprox_adaptive,1.0,0,4,2,0.33278656205743457,0.9602271106317166,1.0,0.23383948376683852,1.0,1
clean,False,fedprox_adaptive,1.0,0,4,3,0.2844268758851307,1.0224945379084065,0.854682575301951,0.3502984760686799,1.0,1
clean,False,fedprox_adaptive,1.0,0,4,4,0.33278656205743457,0.8939653154571967,1.0,0.3154120346460688,1.0,1
clean,False,fedprox_adaptive,1.0,0,5,1,0.05,1.5192563416916682,0.037742916774505954,0.42319795886995826,1.0,1
clean,False,fedprox_adaptive,1.0,0,5,2,0.3415366754434911,0.872520327182052,1.0,0.29649041440193674,1.0,1
clean,False,fedprox_adaptive,1.0,0,5,3,0.26692664911301783,0.9630048036006356,0.7815460777862557,0.2613345466559226,1.0,1
clean,False,fedprox_adaptive,1.0,0,5,4,0.3415366754434911,0.820867261925095,1.0,0.31227686570911467,1.0,1
clean,False,fedprox_adaptive,1.0,0,6,1,0.07033564708755564,1.2615857895296692,0.19226035259244248,0.3608616456309544,1.0,1
clean,False,fedprox_adaptive,1.0,0,6,2,0.36583542128758406,0.8322241588641263,1.0,0.3081290148330394,1.0,1
clean,False,fedprox_adaptive,1.0,0,6,3,0.19799351033727625,1.065209814438364,0.54120924004686,0.38265103950189383,1.0,1
clean,False,fedprox_adaptive,1.0,0,6,4,0.36583542128758406,0.815462115183841,1.0,0.40080602895442313,1.0,1
clean,False,fedprox_adaptive,1.0,0,7,1,0.07984765924686012,1.1692828991437376,0.2250986201937874,0.34500522771339115,1.0,1
clean,False,fedprox_adaptive,1.0,0,7,2,0.354723006201101,0.7919296319360412,1.0,0.2819431944795518,1.0,1
clean,False,fedprox_adaptive,1.0,0,7,3,0.21070632835093797,0.9944916951505616,0.5940024319468118,0.22486919180312004,1.0,1
clean,False,fedprox_adaptive,1.0,0,7,4,0.354723006201101,0.8068391804593636,1.0,0.31537025886471787,1.0,1
clean,False,fedprox_adaptive,1.0,0,8,1,0.07785481917738565,1.1108727423264977,0.2208974716630494,0.3464983691004006,1.0,1
clean,False,fedprox_adaptive,1.0,0,8,2,0.35244776045306275,0.7600935301389697,1.0,0.25593590661203786,1.0,1
clean,False,fedprox_adaptive,1.0,0,8,3,0.21724965991648884,0.9357622586784728,0.6164024411368648,0.23327254935452824,1.0,1
clean,False,fedprox_adaptive,1.0,0,8,4,0.35244776045306275,0.77063264408891,1.0,0.2715982220424597,1.0,1
clean,False,fedprox_adaptive,1.0,0,9,1,0.08401717441390583,1.127753511877419,0.26281521036259503,0.3359798764910042,1.0,1
clean,False,fedprox_adaptive,1.0,0,9,2,0.3196815522891194,0.864163435879691,1.0,0.34260661088293043,1.0,1
clean,False,fedprox_adaptive,1.0,0,9,3,0.27661972100785553,0.9156651380642167,0.8652977284021731,0.2831321371737976,1.0,1
clean,False,fedprox_adaptive,1.0,0,9,4,0.3196815522891194,0.7575512547716619,1.0,0.3174315428522698,1.0,1
clean,False,fedprox_adaptive,1.0,0,10,1,0.07581886211651175,1.138419282117199,0.22865144173178173,0.32862977774073815,1.0,1
clean,False,fedprox_adaptive,1.0,0,10,2,0.3315914456618674,0.8369273391595806,1.0,0.2829105744438213,1.0,1
clean,False,fedprox_adaptive,1.0,0,10,3,0.26099824655975346,0.9210980567856053,0.7871079003223149,0.24350924021253942,1.0,1
clean,False,fedprox_adaptive,1.0,0,10,4,0.3315914456618674,0.7476456905703279,1.0,0.2290419807775285,1.0,1
clean,False,fedprox_adaptive,1.0,0,11,1,0.05,1.3125477391458338,0.0928586415808902,0.4526238026967191,1.0,1
clean,False,fedprox_adaptive,1.0,0,11,2,0.35522450860218874,0.8195582220809645,1.0,0.3124091020192892,1.0,1
clean,False,fedprox_adaptive,1.0,0,11,3,0.23955098279562256,0.9597629444272134,0.6743650198525366,0.20872796853976824,1.0,1
clean,False,fedprox_adaptive,1.0,0,11,4,0.35522450860218874,0.7499413892830273,1.0,0.3485400169212367,1.0,1
clean,False,fedprox_adaptive,1.0,0,12,1,0.05,1.27996598566886,0.09323082831763821,0.37517441105218213,1.0,1
clean,False,fedprox_adaptive,1.0,0,12,2,0.3656442039409759,0.7788279373101895,1.0,0.24095367418558306,1.0,1
clean,False,fedprox_adaptive,1.0,0,12,3,0.2187115921180482,0.9572660406750985,0.5981541338840797,0.28045028554957924,1.0,1
clean,False,fedprox_adaptive,1.0,0,12,4,0.3656442039409759,0.7756576367429573,1.0,0.32666525737982854,1.0,1
clean,False,fedprox_adaptive,1.0,0,13,1,0.07370917368755504,1.0984091915827552,0.20552079825432312,0.28769237344093795,1.0,1
clean,False,fedprox_adaptive,1.0,0,13,2,0.35864581255831407,0.7442638710535858,1.0,0.20497432054691903,1.0,1
clean,False,fedprox_adaptive,1.0,0,13,3,0.20899920119581686,0.9244910278412729,0.582745410311558,0.2522003077223678,1.0,1
clean,False,fedprox_adaptive,1.0,0,13,4,0.35864581255831407,0.7409792701367177,1.0,0.2787294639129085,1.0,1
clean,False,fedprox_adaptive,1.0,0,14,1,0.05,1.1483444706557306,0.13487853281041154,0.32844654959777764,1.0,1
clean,False,fedprox_adaptive,1.0,0,14,2,0.36623295758852864,0.7103008275725515,1.0,0.26067956591543223,1.0,1
clean,False,fedprox_adaptive,1.0,0,14,3,0.21753408482294256,0.9052643942653775,0.5939773587153433,0.28028181273304986,1.0,1
clean,False,fedprox_adaptive,1.0,0,14,4,0.36623295758852864,0.7344358105229106,1.0,0.26883700885712886,1.0,1
clean,False,fedprox_adaptive,1.0,0,15,1,0.05,1.290496314191405,0.07266526693012185,0.38622022148128865,1.0,1
clean,False,fedprox_adaptive,1.0,0,15,2,0.35561563893835324,0.7791249179531046,1.0,0.33727984131314376,1.0,1
clean,False,fedprox_adaptive,1.0,0,15,3,0.23876872212329348,0.9140194529734866,0.671423570785886,0.34566124577135604,1.0,1
clean,False,fedprox_adaptive,1.0,0,15,4,0.35561563893835324,0.7335343260558946,1.0,0.26359603133072756,1.0,1
clean,False,fedprox_adaptive,1.0,0,16,1,0.08138732548719181,1.0792380979642329,0.2290169404134859,0.3696756166791363,1.0,1
clean,False,fedprox_adaptive,1.0,0,16,2,0.35537687884681585,0.7441156257298087,1.0,0.2631250768892695,1.0,1
clean,False,fedprox_adaptive,1.0,0,16,3,0.20785891681917654,0.922929296127516,0.584897130881645,0.27068396918119564,1.0,1
clean,False,fedprox_adaptive,1.0,0,16,4,0.35537687884681585,0.7134908752863125,1.0,0.2856788649868397,1.0,1
clean,False,fedprox_adaptive,1.0,0,17,1,0.1462677056815512,0.991399676816235,0.43470567295802853,0.3460066698977139,1.0,1
clean,False,fedprox_adaptive,1.0,0,17,2,0.3364752631044536,0.7129679839886951,1.0,0.24382346571974756,1.0,1
clean,False,fedprox_adaptive,1.0,0,17,3,0.18078176810954172,0.9553929969815932,0.5372810067568646,0.3119398921218692,1.0,1
clean,False,fedprox_adaptive,1.0,0,17,4,0.3364752631044536,0.7442213433273223,1.0,0.2642507799028637,1.0,1
clean,False,fedprox_adaptive,1.0,0,18,1,0.2038463106611852,0.8784563302907292,0.6382533391314298,0.3376560318788757,1.0,1
clean,False,fedprox_adaptive,1.0,0,18,2,0.31938150286622935,0.7074716049426817,1.0,0.2642177385422767,1.0,1
clean,False,fedprox_adaptive,1.0,0,18,3,0.1573906836063561,0.9201518492313084,0.4927983687028928,0.2777792868891035,1.0,1
clean,False,fedprox_adaptive,1.0,0,18,4,0.31938150286622935,0.7336800386587097,1.0,0.2719753971597514,1.0,1
clean,False,fedprox_adaptive,1.0,0,19,1,0.08627477998744423,1.0510245739919257,0.24856543307076417,0.38201464931690876,1.0,1
clean,False,fedprox_adaptive,1.0,0,19,2,0.3470908199970132,0.6934936159827483,1.0,0.2501538344194402,1.0,1
clean,False,fedprox_adaptive,1.0,0,19,3,0.21954358001852944,0.8974476771443086,0.6325248821631717,0.22102240949395674,1.0,1
clean,False,fedprox_adaptive,1.0,0,19,4,0.3470908199970132,0.7468209264748955,1.0,0.39172283858021767,1.0,1
clean,False,fedprox_adaptive,1.0,0,20,1,0.11845354622253267,0.9818193207596233,0.3561064865518413,0.4055879290687361,1.0,1
clean,False,fedprox_adaptive,1.0,0,20,2,0.33263518272163917,0.6938899028658883,1.0,0.26329822926992646,1.0,1
clean,False,fedprox_adaptive,1.0,0,20,3,0.2162760883341891,0.8838355644463427,0.6501900567601009,0.23280430596050783,1.0,1
clean,False,fedprox_adaptive,1.0,0,20,4,0.33263518272163917,0.743707203670119,1.0,0.35341490680270365,1.0,1
clean,False,fedprox_adaptive,1.0,0,21,1,0.18064569860935262,0.9060174894280424,0.5803142670383706,0.2705204880499033,1.0,1
clean,False,fedprox_adaptive,1.0,0,21,2,0.3112894320714818,0.6797048285617701,1.0,0.23056968127998412,1.0,1
clean,False,fedprox_adaptive,1.0,0,21,3,0.19677543724768384,0.8920411142455458,0.6321301559716876,0.22892988086983115,1.0,1
clean,False,fedprox_adaptive,1.0,0,21,4,0.3112894320714818,0.7421348928414859,1.0,0.30575333365272944,1.0,1
clean,False,fedprox_adaptive,1.0,0,22,1,0.07131447833722576,1.0998819833146607,0.1995950736324003,0.39679472189485504,1.0,1
clean,False,fedprox_adaptive,1.0,0,22,2,0.3572957841062129,0.669557444435346,1.0,0.23815003338029037,1.0,1
clean,False,fedprox_adaptive,1.0,0,22,3,0.21409395345034848,0.9170000533511429,0.5992064921390313,0.3014699092271459,1.0,1
clean,False,fedprox_adaptive,1.0,0,22,4,0.3572957841062129,0.7465980303150097,1.0,0.3311800695356635,1.0,1
clean,False,fedprox_adaptive,1.0,0,23,1,0.09694238817548287,1.0968605994743803,0.3172352243666359,0.3278297878243509,1.0,1
clean,False,fedprox_adaptive,1.0,0,23,2,0.29188722008110635,0.900212370601372,0.9551746093212252,0.3552875150357687,1.0,1
clean,False,fedprox_adaptive,1.0,0,23,3,0.30558519587170546,0.8838485647051926,1.0,0.25529328004185775,1.0,1
clean,False,fedprox_adaptive,1.0,0,23,4,0.30558519587170546,0.7997700369221001,1.0,0.3836347376023147,1.0,1
clean,False,fedprox_adaptive,1.0,0,24,1,0.1329883838406787,1.0155940455781702,0.45805488314301823,0.3993193049899139,1.0,1
clean,False,fedprox_adaptive,1.0,0,24,2,0.2903328590848268,0.875995814922073,1.0,0.2839381400141157,1.0,1
clean,False,fedprox_adaptive,1.0,0,24,3,0.2863458979896678,0.8808543986452846,0.9862676201800702,0.21896057988259188,1.0,1
clean,False,fedprox_adaptive,1.0,0,24,4,0.2903328590848268,0.7462689411155228,1.0,0.29911190675795424,1.0,1
clean,False,fedprox_adaptive,1.0,0,25,1,0.12049533722206655,0.9698022658854495,0.44623065788941224,0.4389455197351242,0.838984657638635,1
clean,False,fedprox_adaptive,1.0,0,25,2,0.32185244867351465,0.7830823388755593,1.0,0.21087549663420999,1.0,1
clean,False,fedprox_adaptive,1.0,0,25,3,0.2357997654309041,0.8869981588389908,0.732633125529202,0.2469238471289815,1.0,1
clean,False,fedprox_adaptive,1.0,0,25,4,0.32185244867351465,0.7364922838592682,1.0,0.2891521557372257,1.0,1
clean,False,fedprox_adaptive,1.0,0,26,1,0.19024206861906087,0.9076629425634273,0.6532733790539695,0.29751914613102687,1.0,1
clean,False,fedprox_adaptive,1.0,0,26,2,0.291213563446528,0.7950096808350331,1.0,0.3384938393195659,1.0,1
clean,False,fedprox_adaptive,1.0,0,26,3,0.22733080448788323,0.8778675045826665,0.7806326113296753,0.2526948709759694,1.0,1
clean,False,fedprox_adaptive,1.0,0,26,4,0.291213563446528,0.7128682622203588,1.0,0.2991725017056599,1.0,1
clean,False,fedprox_adaptive,1.0,0,27,1,0.10969873838533953,0.9882814614431965,0.3275811181242169,0.3444476024940209,1.0,1
clean,False,fedprox_adaptive,1.0,0,27,2,0.3348750349638357,0.7404609552475068,1.0,0.31264361230841664,1.0,1
clean,False,fedprox_adaptive,1.0,0,27,3,0.2205511916869891,0.8754290052656025,0.6586074465383996,0.27329767312542447,1.0,1
clean,False,fedprox_adaptive,1.0,0,27,4,0.3348750349638357,0.7191742327312844,1.0,0.27267857228675596,1.0,1
clean,False,fedprox_adaptive,1.0,0,28,1,0.07775827120821312,1.069798359822504,0.23038447677984591,0.3889746056864498,1.0,1
clean,False,fedprox_adaptive,1.0,0,28,2,0.3375152366820204,0.7754927373098222,1.0,0.31546540107491416,1.0,1
clean,False,fedprox_adaptive,1.0,0,28,3,0.24721125542774616,0.8784921305005473,0.7324447271121234,0.20463995289526332,1.0,1
clean,False,fedprox_adaptive,1.0,0,28,4,0.3375152366820204,0.7236554851692854,1.0,0.33030439766930897,1.0,1
clean,False,fedprox_adaptive,1.0,0,29,1,0.05334558422590547,1.1483383263543958,0.16205240826648287,0.4546837487222065,1.0,1
clean,False,fedprox_adaptive,1.0,0,29,2,0.3291872351454519,0.8195671709562296,1.0,0.3197914039622492,1.0,1
clean,False,fedprox_adaptive,1.0,0,29,3,0.2882799454831908,0.864253983282753,0.8757324546798234,0.24986864586476776,1.0,1
clean,False,fedprox_adaptive,1.0,0,29,4,0.3291872351454519,0.7455181215406256,1.0,0.353523269337691,1.0,1
clean,False,fedprox_adaptive,1.0,0,30,1,0.10053032478462229,0.9918368101762052,0.30321066803479235,0.3103386890260834,1.0,1
clean,False,fedprox_adaptive,1.0,0,30,2,0.3315527301073945,0.746534663522275,1.0,0.2492910060433286,1.0,1
clean,False,fedprox_adaptive,1.0,0,30,3,0.23636421500058868,0.8549256494054143,0.7129008255309105,0.272805548538463,1.0,1
clean,False,fedprox_adaptive,1.0,0,30,4,0.3315527301073945,0.7304399637144761,1.0,0.32670729428757406,1.0,1
clean,False,fedprox_adaptive,1.0,1,1,1,0.05,2.258477093930442,0.09101031759447557,0.6092223970063579,1.0,1
clean,False,fedprox_adaptive,1.0,1,1,2,0.32167213498274,1.512064792299454,1.0,0.6116619584256718,1.0,1
clean,False,fedprox_adaptive,1.0,1,1,3,0.30665573003452,1.5412588992521852,0.9533176694057579,0.5773923418884964,1.0,1
clean,False,fedprox_adaptive,1.0,1,1,4,0.32167213498274,1.3585780003308958,1.0,0.6008704685372859,1.0,1
clean,False,fedprox_adaptive,1.0,1,2,1,0.055458393899005795,1.844733493009771,0.1604210194247916,0.3806073405390935,1.0,1
clean,False,fedprox_adaptive,1.0,1,2,2,0.2531310403552038,1.4346558421982558,0.7322162920150456,0.3467996845785474,1.0,1
clean,False,fedprox_adaptive,1.0,1,2,3,0.3457052828728952,1.2662900426506902,1.0,0.3441980561164845,1.0,1
clean,False,fedprox_adaptive,1.0,1,2,4,0.3457052828728952,1.1250455120495424,1.0,0.36630133092742634,1.0,1
clean,False,fedprox_adaptive,1.0,1,3,1,0.05498948063586307,1.6640398342815441,0.17359864493653449,0.40688549867398943,1.0,1
clean,False,fedprox_adaptive,1.0,1,3,2,0.3114862121212256,1.2365778544524817,0.9833441544707546,0.27200857924938654,1.0,1
clean,False,fedprox_adaptive,1.0,1,3,3,0.31676215362145566,1.228297788078535,1.0,0.3553173790939066,1.0,1
clean,False,fedprox_adaptive,1.0,1,3,4,0.31676215362145566,0.9876940376511404,1.0,0.2670407162445998,1.0,1
clean,False,fedprox_adaptive,1.0,1,4,1,0.05,1.6457530702908083,0.11586662338145232,0.42060010704737033,1.0,1
clean,False,fedprox_adaptive,1.0,1,4,2,0.28269132940908837,1.1881445012441483,0.8472580737150053,0.31634268605498655,1.0,1
clean,False,fedprox_adaptive,1.0,1,4,3,0.3336543352954558,1.1118981164267598,1.0,0.2416721301536407,1.0,1
clean,False,fedprox_adaptive,1.0,1,4,4,0.3336543352954558,0.9393238088755711,1.0,0.318965635238758,1.0,1
clean,False,fedprox_adaptive,1.0,1,5,1,0.05895329333044019,1.4916302759165032,0.17768244299227245,0.31032753299077637,1.0,1
clean,False,fedprox_adaptive,1.0,1,5,2,0.2774663062919703,1.1482072621656403,0.8362703483529255,0.3753478433268044,1.0,1
clean,False,fedprox_adaptive,1.0,1,5,3,0.33179020018879474,1.0689212671429322,1.0,0.2330442694570937,1.0,1
clean,False,fedprox_adaptive,1.0,1,5,4,0.33179020018879474,0.8673020279410484,1.0,0.32857680842341064,1.0,1
clean,False,fedprox_adaptive,1.0,1,6,1,0.08702868424021114,1.258337706983327,0.2685360233812893,0.3563729042054671,1.0,1
clean,False,fedprox_adaptive,1.0,1,6,2,0.3240856967507884,0.9560858165153617,1.0,0.24093748418632788,1.0,1
clean,False,fedprox_adaptive,1.0,1,6,3,0.26479992225821214,1.0366038069991865,0.8170675994437202,0.28819744386795293,1.0,1
clean,False,fedprox_adaptive,1.0,1,6,4,0.3240856967507884,0.82277129976428,1.0,0.2918666008408146,1.0,1
clean,False,fedprox_adaptive,1.0,1,7,1,0.13766296891877494,1.078213929337585,0.4386487139769367,0.27157107750326903,1.0,1
clean,False,fedprox_adaptive,1.0,1,7,2,0.31383420156570435,0.8718396379169533,1.0,0.28375495973812964,1.0,1
clean,False,fedprox_adaptive,1.0,1,7,3,0.23466862794981633,0.9794713017149748,0.747747144125992,0.19032132434898086,1.0,1
clean,False,fedprox_adaptive,1.0,1,7,4,0.31383420156570435,0.8012683575362939,1.0,0.3071449889261712,1.0,1
clean,False,fedprox_adaptive,1.0,1,8,1,0.053911234924768923,1.2096660077728567,0.15038337997359955,0.44913878717959743,1.0,1
clean,False,fedprox_adaptive,1.0,1,8,2,0.35849197520519405,0.7987057057930089,1.0,0.3615832666096086,1.0,1
clean,False,fedprox_adaptive,1.0,1,8,3,0.22910481466484298,0.9558148337343128,0.6390793393177286,0.20942672392960612,1.0,1
clean,False,fedprox_adaptive,1.0,1,8,4,0.35849197520519405,0.78458969706939,1.0,0.34335609185107363,1.0,1
clean,False,fedprox_adaptive,1.0,1,9,1,0.11754528113939712,1.0595391734841848,0.3536452174781899,0.2873654071420213,1.0,1
clean,False,fedprox_adaptive,1.0,1,9,2,0.3323819334461844,0.8029341592718888,1.0,0.26892736857107297,1.0,1
clean,False,fedprox_adaptive,1.0,1,9,3,0.21769085196823415,0.951426303756852,0.6549418908277704,0.23013752695892598,1.0,1
clean,False,fedprox_adaptive,1.0,1,9,4,0.3323819334461844,0.7732848731593778,1.0,0.23968381907720138,1.0,1
clean,False,fedprox_adaptive,1.0,1,10,1,0.10233944351800046,1.0910854869764353,0.29194623905429523,0.3361874959989738,1.0,1
clean,False,fedprox_adaptive,1.0,1,10,2,0.35054208558914746,0.7599960793578527,1.0,0.24180481653182564,1.0,1
clean,False,fedprox_adaptive,1.0,1,10,3,0.19657638530370464,0.9767874135384188,0.5607782728094504,0.2917617328125108,1.0,1
clean,False,fedprox_adaptive,1.0,1,10,4,0.35054208558914746,0.7742204297195332,1.0,0.31220098642714295,1.0,1
clean,False,fedprox_adaptive,1.0,1,11,1,0.14212770459745452,1.0179750286735798,0.43019773077046725,0.3191793649090078,1.0,1
clean,False,fedprox_adaptive,1.0,1,11,2,0.3303776250583874,0.7249182624953283,1.0,0.23985546067620447,1.0,1
clean,False,fedprox_adaptive,1.0,1,11,3,0.19711704528577068,0.9609971483643811,0.5966416316811235,0.2574336774124607,1.0,1
clean,False,fedprox_adaptive,1.0,1,11,4,0.3303776250583874,0.7810636506560644,1.0,0.3060418130757673,1.0,1
clean,False,fedprox_adaptive,1.0,1,12,1,0.1882376902308158,0.9491664596953971,0.6076791561213245,0.27060129554016027,1.0,1
clean,False,fedprox_adaptive,1.0,1,12,2,0.30976492830903307,0.7431781333649714,1.0,0.25775637501825255,1.0,1
clean,False,fedprox_adaptive,1.0,1,12,3,0.192232453151118,0.9455411469218813,0.6205752671888656,0.20418575325639426,1.0,1
clean,False,fedprox_adaptive,1.0,1,12,4,0.30976492830903307,0.7808098419175792,1.0,0.269959043634272,1.0,1
clean,False,fedprox_adaptive,1.0,1,13,1,0.2123248991806253,0.8932353303271461,0.6597897428629582,0.3193666454011788,1.0,1
clean,False,fedprox_adaptive,1.0,1,13,2,0.3218069111825012,0.7519738503694116,1.0,0.23360453240986093,1.0,1
clean,False,fedprox_adaptive,1.0,1,13,3,0.14406127845437225,0.9572083260014745,0.44766371836145274,0.23506375667320362,1.0,1
clean,False,fedprox_adaptive,1.0,1,13,4,0.3218069111825012,0.7560680261259876,1.0,0.3316305777020555,1.0,1
clean,False,fedprox_adaptive,1.0,1,14,1,0.2654433794050278,0.8143925240736787,0.8434074621097293,0.24905991866014773,1.0,1
clean,False,fedprox_adaptive,1.0,1,14,2,0.3147273308929925,0.7528913729859755,1.0,0.28017182138800023,1.0,1
clean,False,fedprox_adaptive,1.0,1,14,3,0.10510195880898718,0.9603240990603223,0.33394608123411407,0.33083898747146884,1.0,1
clean,False,fedprox_adaptive,1.0,1,14,4,0.3147273308929925,0.7607418439926654,1.0,0.29138041205951715,1.0,1
clean,False,fedprox_adaptive,1.0,1,15,1,0.22118160095765987,0.8864447287582062,0.7036076032390662,0.3233141080486739,1.0,1
clean,False,fedprox_adaptive,1.0,1,15,2,0.314353625429071,0.7305010221614833,1.0,0.2785586397835097,1.0,1
clean,False,fedprox_adaptive,1.0,1,15,3,0.15011114818419805,0.9506493306645009,0.477523196938819,0.2278977941035887,1.0,1
clean,False,fedprox_adaptive,1.0,1,15,4,0.314353625429071,0.7699862171451676,1.0,0.1885791650489173,1.0,1
clean,False,fedprox_adaptive,1.0,1,16,1,0.2514431270666608,0.8218419932569885,0.7957816175895717,0.3528078159929966,1.0,1
clean,False,fedprox_adaptive,1.0,1,16,2,0.315970011758105,0.7246849176099104,1.0,0.21246485909150956,1.0,1
clean,False,fedprox_adaptive,1.0,1,16,3,0.11661684941712913,0.9426124915865814,0.36907568781054667,0.24121930271645228,1.0,1
clean,False,fedprox_adaptive,1.0,1,16,4,0.315970011758105,0.7500293289606261,1.0,0.3120694641789726,1.0,1
clean,False,fedprox_adaptive,1.0,1,17,1,0.21538512238147484,0.8755673373662487,0.6707414662341378,0.3651968201735828,1.0,1
clean,False,fedprox_adaptive,1.0,1,17,2,0.3211149648921358,0.7460423913634147,1.0,0.2945521894371347,1.0,1
clean,False,fedprox_adaptive,1.0,1,17,3,0.14238494783425357,0.9426846942029576,0.44340801084147985,0.3040834286404155,1.0,1
clean,False,fedprox_adaptive,1.0,1,17,4,0.3211149648921358,0.7447277223172765,1.0,0.259330103448654,1.0,1
clean,False,fedprox_adaptive,1.0,1,18,1,0.05,1.24699988812276,0.08263511646394922,0.4915969510734478,0.6474088823698823,1
clean,False,fedprox_adaptive,1.0,1,18,2,0.37381183724536016,0.7278679754109578,1.0,0.2857531160151327,1.0,1
clean,False,fedprox_adaptive,1.0,1,18,3,0.20237632550927967,0.9341903838979673,0.5413855457349929,0.22518398023862696,1.0,1
clean,False,fedprox_adaptive,1.0,1,18,4,0.37381183724536016,0.7299582132425922,1.0,0.2416433849073956,1.0,1
clean,False,fedprox_adaptive,1.0,1,19,1,0.13494711182966643,0.9898756113288285,0.3984106487008538,0.28947387553139525,1.0,1
clean,False,fedprox_adaptive,1.0,1,19,2,0.3387136168917797,0.6936098155472856,1.0,0.2517831440412832,1.0,1
clean,False,fedprox_adaptive,1.0,1,19,3,0.18762565438677423,0.9347718616706454,0.5539359654581627,0.3073273315192799,1.0,1
clean,False,fedprox_adaptive,1.0,1,19,4,0.3387136168917797,0.737238490480641,1.0,0.25199180553737976,1.0,1
clean,False,fedprox_adaptive,1.0,1,20,1,0.14510055557539236,0.9903996032588351,0.44508619813063144,0.32731359277090694,1.0,1
clean,False,fedprox_adaptive,1.0,1,20,2,0.32600551575136866,0.6870853151350129,1.0,0.22584197623136804,1.0,1
clean,False,fedprox_adaptive,1.0,1,20,3,0.2028884129218704,0.93324984142714,0.622346565070406,0.2170835191794402,1.0,1
clean,False,fedprox_adaptive,1.0,1,20,4,0.32600551575136866,0.7715470710791927,1.0,0.27079210130573084,1.0,1
clean,False,fedprox_adaptive,1.0,1,21,1,0.18540019423457185,0.9319608255301159,0.5885846375761599,0.26290745849456265,1.0,1
clean,False,fedprox_adaptive,1.0,1,21,2,0.31499326077905326,0.6832202408103821,1.0,0.24986001739615565,1.0,1
clean,False,fedprox_adaptive,1.0,1,21,3,0.1846132842073217,0.9326776420386075,0.5860864570585705,0.31111810941441675,1.0,1
clean,False,fedprox_adaptive,1.0,1,21,4,0.31499326077905326,0.7533104294785102,1.0,0.2577263055023393,1.0,1
clean,False,fedprox_adaptive,1.0,1,22,1,0.05,1.1722649374184688,0.1477738580105935,0.42213602505316844,0.9266506720684954,1
clean,False,fedprox_adaptive,1.0,1,22,2,0.36026204293145514,0.6716162747359045,1.0,0.2992577134188897,1.0,1
clean,False,fedprox_adaptive,1.0,1,22,3,0.22947591413708973,0.9244775518790536,0.6369694466556686,0.2378421647328901,1.0,1
clean,False,fedprox_adaptive,1.0,1,22,4,0.36026204293145514,0.7714898950022451,1.0,0.24255498024307892,1.0,1
clean,False,fedprox_adaptive,1.0,1,23,1,0.1668588625262858,0.9782079052960347,0.5346755405593782,0.30663295048841827,1.0,1
clean,False,fedprox_adaptive,1.0,1,23,2,0.3120749872936358,0.7101449402661415,1.0,0.29316262993598174,1.0,1
clean,False,fedprox_adaptive,1.0,1,23,3,0.2089911628864427,0.9390622298523452,0.6696825166888493,0.1940580948512457,1.0,1
clean,False,fedprox_adaptive,1.0,1,23,4,0.3120749872936358,0.7996355233826234,1.0,0.38080662675114646,1.0,1
clean,False,fedprox_adaptive,1.0,1,24,1,0.23686696884491049,0.866205763599605,0.7700520717821829,0.22220203579726708,1.0,1
clean,False,fedprox_adaptive,1.0,1,24,2,0.3075986384878018,0.7745197006650815,1.0,0.3192352614773449,1.0,1
clean,False,fedprox_adaptive,1.0,1,24,3,0.14793575417948587,0.9437039303907573,0.4809376104743469,0.2643577927268546,1.0,1
clean,False,fedprox_adaptive,1.0,1,24,4,0.3075986384878018,0.7801672513247278,1.0,0.26344821818372416,1.0,1
clean,False,fedprox_adaptive,1.0,1,25,1,0.13248440737497894,1.0080229025208922,0.4007268455783728,0.3799888776333421,1.0,1
clean,False,fedprox_adaptive,1.0,1,25,2,0.33061026191984455,0.7662286112661207,1.0,0.27525459087324533,1.0,1
clean,False,fedprox_adaptive,1.0,1,25,3,0.20629506878533194,0.932547831464064,0.6239826543416476,0.22867152866714746,1.0,1
clean,False,fedprox_adaptive,1.0,1,25,4,0.33061026191984455,0.7717840949288172,1.0,0.27475383037507284,1.0,1
clean,False,fedprox_adaptive,1.0,1,26,1,0.2029889185929774,0.9516066878171985,0.6525686435107425,0.24525356026852135,1.0,1
clean,False,fedprox_adaptive,1.0,1,26,2,0.3110614042086376,0.7566496761141276,1.0,0.25133462569907417,1.0,1
clean,False,fedprox_adaptive,1.0,1,26,3,0.1748882729897474,0.9777348373444681,0.56223070629632,0.3314298655096594,1.0,1
clean,False,fedprox_adaptive,1.0,1,26,4,0.3110614042086376,0.8019126215689116,1.0,0.27875568733916056,1.0,1
clean,False,fedprox_adaptive,1.0,1,27,1,0.3086676076155067,0.8513193184010381,0.9720862632619306,0.28677147573867906,1.0,1
clean,False,fedprox_adaptive,1.0,1,27,2,0.3175310867779803,0.7625559026064163,1.0,0.238405762016615,1.0,1
clean,False,fedprox_adaptive,1.0,1,27,3,0.056270218828532774,1.0884662137470937,0.23954428654508164,0.4579455985897354,0.7397867310602908,1
clean,False,fedprox_adaptive,1.0,1,27,4,0.3175310867779803,0.8417330088545949,1.0,0.22954764088546747,1.0,1
clean,False,fedprox_adaptive,1.0,1,28,1,0.2736064118500374,0.8466834011536606,0.8697343269449244,0.3712830702788616,1.0,1
clean,False,fedprox_adaptive,1.0,1,28,2,0.31458619416704187,0.7732110525640588,1.0,0.2654421342342335,1.0,1
clean,False,fedprox_adaptive,1.0,1,28,3,0.09722119981587898,1.0171383791761786,0.309044712128262,0.3356112370508206,1.0,1
clean,False,fedprox_adaptive,1.0,1,28,4,0.31458619416704187,0.8006991919845552,1.0,0.2421475048101612,1.0,1
clean,False,fedprox_adaptive,1.0,1,29,1,0.12580483398060865,1.0712543907418652,0.37875810812837685,0.43486364326430543,1.0,1
clean,False,fedprox_adaptive,1.0,1,29,2,0.3321508669537661,0.7641666727900295,1.0,0.2709424926891018,1.0,1
clean,False,fedprox_adaptive,1.0,1,29,3,0.20989343211185912,0.9794181646544173,0.6319219758082864,0.17292497218482816,1.0,1
clean,False,fedprox_adaptive,1.0,1,29,4,0.3321508669537661,0.8147200945297779,1.0,0.3337397848265564,1.0,1
clean,False,fedprox_adaptive,1.0,1,30,1,0.17582255843631345,0.9860485865145876,0.5686863674313446,0.31553981143993687,1.0,1
clean,False,fedprox_adaptive,1.0,1,30,2,0.3091731550212338,0.7721544838832335,1.0,0.3087888138713825,1.0,1
clean,False,fedprox_adaptive,1.0,1,30,3,0.20583113152121885,0.9581243573589049,0.6657471005433265,0.2351631514392426,1.0,1
clean,False,fedprox_adaptive,1.0,1,30,4,0.3091731550212338,0.8139336261754442,1.0,0.2672304345438738,1.0,1
clean,False,fedprox_adaptive,1.0,2,1,1,0.05,2.630605137732964,0.05954981151424742,0.5716214271773915,1.0,1
clean,False,fedprox_adaptive,1.0,2,1,2,0.20804093594786116,1.8763211709310104,0.560788178290229,0.5968116972733859,1.0,1
clean,False,fedprox_adaptive,1.0,2,1,3,0.3709795320260694,1.4506154307962504,1.0,0.5897327401574068,1.0,1
clean,False,fedprox_adaptive,1.0,2,1,4,0.3709795320260694,1.487218780948914,1.0,0.5464435768756695,1.0,1
clean,False,fedprox_adaptive,1.0,2,2,1,0.05694608369770384,1.9255919151355836,0.15727381628980736,0.3996466824022063,1.0,1
clean,False,fedprox_adaptive,1.0,2,2,2,0.21888908020815964,1.5470778876327393,0.6045283319437663,0.28977155611746275,1.0,1
clean,False,fedprox_adaptive,1.0,2,2,3,0.36208241804706826,1.2502260837551014,1.0,0.27726289312619473,1.0,1
clean,False,fedprox_adaptive,1.0,2,2,4,0.36208241804706826,1.264100845926067,1.0,0.3150434569193486,1.0,1
clean,False,fedprox_adaptive,1.0,2,3,1,0.10682607964266333,1.480264320978237,0.3285171214666767,0.3270118782417331,1.0,1
clean,False,fedprox_adaptive,1.0,2,3,2,0.24282072618752065,1.2814350163524497,0.7467349383821643,0.29968866946806705,1.0,1
clean,False,fedprox_adaptive,1.0,2,3,3,0.32517659708490804,1.1011590513768563,1.0,0.2695820721555056,1.0,1
clean,False,fedprox_adaptive,1.0,2,3,4,0.32517659708490804,1.140001344024053,1.0,0.34902672805888296,1.0,1
clean,False,fedprox_adaptive,1.0,2,4,1,0.10525858477068238,1.273942092324324,0.34975114413482505,0.39724035976982164,1.0,1
clean,False,fedprox_adaptive,1.0,2,4,2,0.300952796111816,1.0469951665201624,1.0,0.351485775578759,1.0,1
clean,False,fedprox_adaptive,1.0,2,4,3,0.300952796111816,1.0281007160532503,1.0,0.22921613519309147,1.0,1
clean,False,fedprox_adaptive,1.0,2,4,4,0.2928358230056855,1.0585086119670948,0.9730290822647326,0.3430199511413072,1.0,1
clean,False,fedprox_adaptive,1.0,2,5,1,0.09567670786617054,1.285139595770786,0.29415821117791446,0.37373586070682496,1.0,1
clean,False,fedprox_adaptive,1.0,2,5,2,0.2538113959467616,1.0836812871054253,0.7803435953576259,0.3135456948795942,1.0,1
clean,False,fedprox_adaptive,1.0,2,5,3,0.3252559480935339,0.9812519468678109,1.0,0.2840982806423739,1.0,1
clean,False,fedprox_adaptive,1.0,2,5,4,0.3252559480935339,0.9302716965095867,1.0,0.4273542734540818,1.0,1
clean,False,fedprox_adaptive,1.0,2,6,1,0.12062230325104711,1.1205183037728426,0.4050179701516477,0.3201053705323462,1.0,1
clean,False,fedprox_adaptive,1.0,2,6,2,0.28373843063992843,0.958169527835651,0.9527190257063863,0.23001102144394894,1.0,1
clean,False,fedprox_adaptive,1.0,2,6,3,0.29781963305451226,0.9397839574624445,1.0,0.25655854001888556,1.0,1
clean,False,fedprox_adaptive,1.0,2,6,4,0.29781963305451226,0.8262627056749112,1.0,0.3154581415366253,1.0,1
clean,False,fedprox_adaptive,1.0,2,7,1,0.1875178797200757,0.9578242886728838,0.6549648107698702,0.3057789624195013,1.0,1
clean,False,fedprox_adaptive,1.0,2,7,2,0.28630222057221694,0.8518377749656036,1.0,0.2947913951025251,1.0,1
clean,False,fedprox_adaptive,1.0,2,7,3,0.23987767913549043,0.9143315006389401,0.8378477772755648,0.249045417488968,1.0,1
clean,False,fedprox_adaptive,1.0,2,7,4,0.28630222057221694,0.8324631542111314,1.0,0.29202507163973074,1.0,1
clean,False,fedprox_adaptive,1.0,2,8,1,0.14428140460165162,1.0051366975649096,0.4578989990167251,0.37528600803352563,1.0,1
clean,False,fedprox_adaptive,1.0,2,8,2,0.3150943874336394,0.8111847985762624,1.0,0.21940810230531022,1.0,1
clean,False,fedprox_adaptive,1.0,2,8,3,0.22552982053106954,0.9274731422404436,0.7157532140383408,0.2736883169324389,1.0,1
clean,False,fedprox_adaptive,1.0,2,8,4,0.3150943874336394,0.7870438527282452,1.0,0.38865628877444675,1.0,1
clean,False,fedprox_adaptive,1.0,2,9,1,0.09761693608421917,1.0751052932897267,0.3062502303026758,0.36966528972660717,1.0,1
clean,False,fedprox_adaptive,1.0,2,9,2,0.31874893934852416,0.837169869625914,1.0,0.3614070580486364,1.0,1
clean,False,fedprox_adaptive,1.0,2,9,3,0.2648851852187325,0.9015394263328387,0.8310151110153299,0.2007880564264342,1.0,1
clean,False,fedprox_adaptive,1.0,2,9,4,0.31874893934852416,0.7710352700690293,1.0,0.32607793534591595,1.0,1
clean,False,fedprox_adaptive,1.0,2,10,1,0.09631048794938435,1.0705965054847004,0.27871535070076886,0.32821091075213593,1.0,1
clean,False,fedprox_adaptive,1.0,2,10,2,0.3455514298269997,0.7698679473857775,1.0,0.23239183829658233,1.0,1
clean,False,fedprox_adaptive,1.0,2,10,3,0.2125866523966163,0.9355650200200865,0.6152098762926486,0.29406924184922134,1.0,1
clean,False,fedprox_adaptive,1.0,2,10,4,0.3455514298269997,0.7576379057329292,1.0,0.2925249790825314,1.0,1
clean,False,fedprox_adaptive,1.0,2,11,1,0.17888032204984172,0.9145512407770532,0.5636947831299162,0.35946120232842543,1.0,1
clean,False,fedprox_adaptive,1.0,2,11,2,0.31733542229468303,0.7236907690152915,1.0,0.2342650853728314,1.0,1
clean,False,fedprox_adaptive,1.0,2,11,3,0.18644883336079218,0.9077510924421315,0.5875449768971982,0.24623551791323464,1.0,1
clean,False,fedprox_adaptive,1.0,2,11,4,0.31733542229468303,0.7332169208057899,1.0,0.21829859041820224,1.0,1
clean,False,fedprox_adaptive,1.0,2,12,1,0.11170713164116652,0.9958799825470488,0.3276335311257933,0.3794545022747837,1.0,1
clean,False,fedprox_adaptive,1.0,2,12,2,0.34095146262144066,0.7015132997501353,1.0,0.2785835585719678,1.0,1
clean,False,fedprox_adaptive,1.0,2,12,3,0.2063899431159522,0.8959173321954044,0.6053352624713845,0.16789093960170864,1.0,1
clean,False,fedprox_adaptive,1.0,2,12,4,0.34095146262144066,0.7324391887227903,1.0,0.238824249490982,1.0,1
clean,False,fedprox_adaptive,1.0,2,13,1,0.1809644501149273,0.9292308443909099,0.6042049292197922,0.29456036951302145,1.0,1
clean,False,fedprox_adaptive,1.0,2,13,2,0.2995083975044793,0.695885974847013,1.0,0.2668204028279893,1.0,1
clean,False,fedprox_adaptive,1.0,2,13,3,0.22001875487611425,0.896238793073511,0.73459961960774,0.19044628766072422,1.0,1
clean,False,fedprox_adaptive,1.0,2,13,4,0.2995083975044793,0.7920925024310623,1.0,0.20102320487905972,1.0,1
clean,False,fedprox_adaptive,1.0,2,14,1,0.17456238096223062,0.9179718170085445,0.5625789090741996,0.35907828745798664,1.0,1
clean,False,fedprox_adaptive,1.0,2,14,2,0.3102895934180982,0.6964829551890961,1.0,0.2532042462065234,1.0,1
clean,False,fedprox_adaptive,1.0,2,14,3,0.20485843220157302,0.8916214025890146,0.6602168959161242,0.26739646410012347,1.0,1
clean,False,fedprox_adaptive,1.0,2,14,4,0.3102895934180982,0.7548986979365826,1.0,0.261992813265584,1.0,1
clean,False,fedprox_adaptive,1.0,2,15,1,0.07155066650228992,1.067328993290455,0.20219937377680763,0.3707416588246019,1.0,1
clean,False,fedprox_adaptive,1.0,2,15,2,0.3538619589458729,0.7133413806229666,1.0,0.2701964541679353,1.0,1
clean,False,fedprox_adaptive,1.0,2,15,3,0.22072541560596423,0.8851117500857009,0.6237613567264704,0.2594222426437573,1.0,1
clean,False,fedprox_adaptive,1.0,2,15,4,0.3538619589458729,0.7324207501849743,1.0,0.27206990681844506,1.0,1
clean,False,fedprox_adaptive,1.0,2,16,1,0.07515894599011579,1.1294820200485374,0.22268575129016324,0.33115169622406326,1.0,1
clean,False,fedprox_adaptive,1.0,2,16,2,0.3375112487200963,0.8163018795184143,1.0,0.33078776248730807,1.0,1
clean,False,fedprox_adaptive,1.0,2,16,3,0.24981855656969165,0.9208299513901586,0.7401784607684894,0.28282203199613465,1.0,1
clean,False,fedprox_adaptive,1.0,2,16,4,0.3375112487200963,0.7471060598141066,1.0,0.2522216648682795,1.0,1
clean,False,fedprox_adaptive,1.0,2,17,1,0.05,1.2124894036734304,0.09389381719414366,0.3730816964971078,1.0,1
clean,False,fedprox_adaptive,1.0,2,17,2,0.36604879995867856,0.7376876387847326,1.0,0.26476134848826616,1.0,1
clean,False,fedprox_adaptive,1.0,2,17,3,0.21790240008264286,0.908466005306417,0.5952823779431616,0.2019850313499084,1.0,1
clean,False,fedprox_adaptive,1.0,2,17,4,0.36604879995867856,0.7321981786353637,1.0,0.26634736508902374,1.0,1
clean,False,fedprox_adaptive,1.0,2,18,1,0.05,1.1624586802083954,0.11560273641899456,0.3876411773078578,1.0,1
clean,False,fedprox_adaptive,1.0,2,18,2,0.36657516444778476,0.7162461917015742,1.0,0.2329873937822365,1.0,1
clean,False,fedprox_adaptive,1.0,2,18,3,0.21684967110443046,0.8973101625484041,0.5915558175663553,0.20890427219934893,1.0,1
clean,False,fedprox_adaptive,1.0,2,18,4,0.36657516444778476,0.7267808545962717,1.0,0.2844446033983206,1.0,1
clean,False,fedprox_adaptive,1.0,2,19,1,0.14860362195536922,0.9798744475202397,0.45198981950456957,0.3506590091384179,1.0,1
clean,False,fedprox_adaptive,1.0,2,19,2,0.3287764802274863,0.7562315127489179,1.0,0.33165958655623373,1.0,1
clean,False,fedprox_adaptive,1.0,2,19,3,0.1938434175896582,0.9349287844581855,0.5895902816878339,0.3394846156608955,1.0,1
clean,False,fedprox_adaptive,1.0,2,19,4,0.3287764802274863,0.7459418094809154,1.0,0.3755885198040442,1.0,1
clean,False,fedprox_adaptive,1.0,2,20,1,0.19688766647631994,0.9110204158365345,0.6264587713967384,0.3245778558207097,1.0,1
clean,False,fedprox_adaptive,1.0,2,20,2,0.3142867104204537,0.7551738317550403,1.0,0.2751778440214644,1.0,1
clean,False,fedprox_adaptive,1.0,2,20,3,0.17453891268277263,0.9310956627101254,0.5553493256182355,0.2742158223143472,1.0,1
clean,False,fedprox_adaptive,1.0,2,20,4,0.3142867104204537,0.7394091372145629,1.0,0.2231746665746841,1.0,1
clean,False,fedprox_adaptive,1.0,2,21,1,0.05,1.3569724539710464,0.03357804172829325,0.4296574402599945,0.6793474208575085,1
clean,False,fedprox_adaptive,1.0,2,21,2,0.37170281033371305,0.7082804326544537,1.0,0.19847486685662713,1.0,1
clean,False,fedprox_adaptive,1.0,2,21,3,0.20659437933257388,0.9032604861149263,0.5558052658980286,0.2026092483448644,1.0,1
clean,False,fedprox_adaptive,1.0,2,21,4,0.37170281033371305,0.7133601681862477,1.0,0.26957015475585955,1.0,1
clean,False,fedprox_adaptive,1.0,2,22,1,0.07911382681199534,1.0382434470640607,0.22068285352098985,0.24094409313797616,1.0,1
clean,False,fedprox_adaptive,1.0,2,22,2,0.35849557656943465,0.6904415997512046,1.0,0.25823863174939893,1.0,1
clean,False,fedprox_adaptive,1.0,2,22,3,0.20389502004913537,0.8872806133747706,0.5687518434684069,0.26826982053817305,1.0,1
clean,False,fedprox_adaptive,1.0,2,22,4,0.35849557656943465,0.7073114261747744,1.0,0.2518777687590626,1.0,1
clean,False,fedprox_adaptive,1.0,2,23,1,0.14148758032531328,0.9357591484057364,0.4268565546784191,0.28665274351077913,1.0,1
clean,False,fedprox_adaptive,1.0,2,23,2,0.331463998325868,0.6839500878189914,1.0,0.19694827294302256,1.0,1
clean,False,fedprox_adaptive,1.0,2,23,3,0.19558442302295084,0.8839792215996791,0.5900623416443207,0.2948755532755922,1.0,1
clean,False,fedprox_adaptive,1.0,2,23,4,0.331463998325868,0.7152516970162845,1.0,0.3669687714872142,1.0,1
clean,False,fedprox_adaptive,1.0,2,24,1,0.13693848867382685,0.9494413298282149,0.4245366595958534,0.3149496239889875,1.0,1
clean,False,fedprox_adaptive,1.0,2,24,2,0.3225598675134165,0.7318369546929747,1.0,0.34640133086288366,1.0,1
clean,False,fedprox_adaptive,1.0,2,24,3,0.21794177629934022,0.8741092479907452,0.6756630264621348,0.22408083023053818,1.0,1
clean,False,fedprox_adaptive,1.0,2,24,4,0.3225598675134165,0.7469949624184402,1.0,0.1762147747785045,1.0,1
clean,False,fedprox_adaptive,1.0,2,25,1,0.10594977293086164,1.0119562458532778,0.30072503018118774,0.36998756836639646,1.0,1
clean,False,fedprox_adaptive,1.0,2,25,2,0.35231444774326426,0.7146286149107672,1.0,0.280208997098059,1.0,1
clean,False,fedprox_adaptive,1.0,2,25,3,0.1894213315826099,0.9171485778321562,0.5376484921238412,0.35036556470661,1.0,1
clean,False,fedprox_adaptive,1.0,2,25,4,0.35231444774326426,0.7117984573895613,1.0,0.30763186666605224,1.0,1
clean,False,fedprox_adaptive,1.0,2,26,1,0.16691681428120178,0.9242971026341411,0.5112571788914484,0.26505472767628685,1.0,1
clean,False,fedprox_adaptive,1.0,2,26,2,0.3264830718722133,0.7180082058737776,1.0,0.22309214108594663,1.0,1
clean,False,fedprox_adaptive,1.0,2,26,3,0.18011704197437167,0.9118917219833662,0.5516887627327586,0.23970225563695688,1.0,1
clean,False,fedprox_adaptive,1.0,2,26,4,0.3264830718722133,0.6984232922504123,1.0,0.2190502495365995,1.0,1
clean,False,fedprox_adaptive,1.0,2,27,1,0.1457749324157243,0.9328597768077762,0.44182542891228455,0.3403443154418957,1.0,1
clean,False,fedprox_adaptive,1.0,2,27,2,0.3299378507357596,0.7169847236571802,1.0,0.2945881403996492,1.0,1
clean,False,fedprox_adaptive,1.0,2,27,3,0.1943493661127566,0.8867377571153672,0.5890484092060325,0.19749871843819053,1.0,1
clean,False,fedprox_adaptive,1.0,2,27,4,0.3299378507357596,0.6975198988185517,1.0,0.22874917878114254,1.0,1
clean,False,fedprox_adaptive,1.0,2,28,1,0.16173037416555044,0.9171211068948542,0.4842819131261727,0.3194951350315446,1.0,1
clean,False,fedprox_adaptive,1.0,2,28,2,0.3339591460716269,0.6888744321764211,1.0,0.22129298231659458,1.0,1
clean,False,fedprox_adaptive,1.0,2,28,3,0.17035133369119568,0.9088018840962204,0.5100963267365016,0.30008130396438787,1.0,1
clean,False,fedprox_adaptive,1.0,2,28,4,0.3339591460716269,0.6931317361532889,1.0,0.2945682503438606,1.0,1
clean,False,fedprox_adaptive,1.0,2,29,1,0.12557218076704232,0.9568126837869344,0.36902283348957327,0.28926605830220353,1.0,1
clean,False,fedprox_adaptive,1.0,2,29,2,0.3402829564219645,0.700496468776475,1.0,0.3098894942143128,1.0,1
clean,False,fedprox_adaptive,1.0,2,29,3,0.19386190638902867,0.8875250828599697,0.5697079525447408,0.2331320160244797,1.0,1
clean,False,fedprox_adaptive,1.0,2,29,4,0.3402829564219645,0.7079879340906845,1.0,0.30529501473251264,1.0,1
clean,False,fedprox_adaptive,1.0,2,30,1,0.05,1.135038700247506,0.1205513603179562,0.37479625461956506,0.891397252688479,1
clean,False,fedprox_adaptive,1.0,2,30,2,0.3645637631629978,0.7116974283884051,1.0,0.20951948857400257,1.0,1
clean,False,fedprox_adaptive,1.0,2,30,3,0.22087247367400448,0.8774959052606417,0.6058541632270005,0.26229320893095687,1.0,1
clean,False,fedprox_adaptive,1.0,2,30,4,0.3645637631629978,0.7176275369476647,1.0,0.17773659407660472,1.0,1
clean,False,fedprox_adaptive,1.0,3,1,1,0.05,3.045893362028684,0.010249094688593478,0.5527894605661828,1.0,1
clean,False,fedprox_adaptive,1.0,3,1,2,0.3046104080704007,1.607956553245606,0.9439582288882912,0.5870794730298922,1.0,1
clean,False,fedprox_adaptive,1.0,3,1,3,0.3226947959647996,1.5712850424031877,1.0,0.5417553570292284,1.0,1
clean,False,fedprox_adaptive,1.0,3,1,4,0.3226947959647996,1.3450650769044328,1.0,0.5764314105132038,1.0,1
clean,False,fedprox_adaptive,1.0,3,2,1,0.05,2.2474661064849215,0.04515687216110681,0.3344490586825378,1.0,1
clean,False,fedprox_adaptive,1.0,3,2,2,0.3156636530713754,1.389053448500169,0.995256395443138,0.3451864997554417,1.0,1
clean,False,fedprox_adaptive,1.0,3,2,3,0.3171681734643123,1.3864140393378996,1.0,0.32371202165954166,1.0,1
clean,False,fedprox_adaptive,1.0,3,2,4,0.3171681734643123,1.1215535122019769,1.0,0.3695147742162128,1.0,1
clean,False,fedprox_adaptive,1.0,3,3,1,0.05,1.8478027748752888,0.08608380774374767,0.32316210685801905,1.0,1
clean,False,fedprox_adaptive,1.0,3,3,2,0.2741582446736551,1.2915781808084477,0.8113089862027597,0.38687312500916915,1.0,1
clean,False,fedprox_adaptive,1.0,3,3,3,0.33792087766317236,1.18788394877004,1.0,0.20953586150182926,1.0,1
clean,False,fedprox_adaptive,1.0,3,3,4,0.33792087766317236,0.965385916575467,1.0,0.2999504141532626,1.0,1
clean,False,fedprox_adaptive,1.0,3,4,1,0.05082548387065363,1.5159189476651025,0.15100488609561022,0.32689630443282797,1.0,1
clean,False,fedprox_adaptive,1.0,3,4,2,0.2760110816895762,1.1436641856790881,0.8200418132315288,0.33972003249211424,1.0,1
clean,False,fedprox_adaptive,1.0,3,4,3,0.33658171721988506,1.056366972096508,1.0,0.2300990757407069,1.0,1
clean,False,fedprox_adaptive,1.0,3,4,4,0.33658171721988506,0.8827951719611675,1.0,0.28830666074053213,1.0,1
clean,False,fedprox_adaptive,1.0,3,5,1,0.09575648163246706,1.2536176191750414,0.3077201460345942,0.26348479058295166,1.0,1
clean,False,fedprox_adaptive,1.0,3,5,2,0.28188269561072843,1.034552294120604,0.9058497427974436,0.308552783309754,1.0,1
clean,False,fedprox_adaptive,1.0,3,5,3,0.3111804113784023,0.9944264661332606,1.0,0.23399938209359245,1.0,1
clean,False,fedprox_adaptive,1.0,3,5,4,0.3111804113784023,0.8162804089994036,1.0,0.35366160950755166,1.0,1
clean,False,fedprox_adaptive,1.0,3,6,1,0.05,1.3024576307771496,0.12228495190493968,0.3503415505577647,1.0,1
clean,False,fedprox_adaptive,1.0,3,6,2,0.32880874991176773,0.895508072587389,1.0,0.28966111184316,1.0,1
clean,False,fedprox_adaptive,1.0,3,6,3,0.29238250017646444,0.938577311776108,0.8892175170366425,0.2699742492852635,1.0,1
clean,False,fedprox_adaptive,1.0,3,6,4,0.32880874991176773,0.8153325754227138,1.0,0.3773709698362619,1.0,1
clean,False,fedprox_adaptive,1.0,3,7,1,0.14405568081154083,1.1144481608707628,0.47179520211204795,0.27949597423066436,1.0,1
clean,False,fedprox_adaptive,1.0,3,7,2,0.3053351966418019,0.9264377265270581,1.0,0.3312518563501138,1.0,1
clean,False,fedprox_adaptive,1.0,3,7,3,0.2452739259048553,1.0113251204995666,0.8032939818352932,0.3532039828139494,1.0,1
clean,False,fedprox_adaptive,1.0,3,7,4,0.3053351966418019,0.8783410494811528,1.0,0.4579830261065041,1.0,1
clean,False,fedprox_adaptive,1.0,3,8,1,0.07379827902179378,1.2303123992663196,0.23121588280623556,0.3662429096434317,1.0,1
clean,False,fedprox_adaptive,1.0,3,8,2,0.31917478213916,0.9319468988560236,1.0,0.278772011347687,1.0,1
clean,False,fedprox_adaptive,1.0,3,8,3,0.2878521566998863,0.9712641387890761,0.9018637210955561,0.2590852609732223,1.0,1
clean,False,fedprox_adaptive,1.0,3,8,4,0.31917478213916,0.8439153701555026,1.0,0.32527885474713797,1.0,1
clean,False,fedprox_adaptive,1.0,3,9,1,0.11340966939245074,1.0859510427695747,0.34943812384548256,0.323318973929366,1.0,1
clean,False,fedprox_adaptive,1.0,3,9,2,0.32454864439061365,0.8412254421641769,1.0,0.27221465693076136,1.0,1
clean,False,fedprox_adaptive,1.0,3,9,3,0.23749304182632205,0.9533111592938277,0.7317640850796006,0.20515004544855975,1.0,1
clean,False,fedprox_adaptive,1.0,3,9,4,0.32454864439061365,0.8295595615706572,1.0,0.2991176995175972,1.0,1
clean,False,fedprox_adaptive,1.0,3,10,1,0.09994811104265179,1.0993992659459186,0.3013681823231226,0.34245228309713277,1.0,1
clean,False,fedprox_adaptive,1.0,3,10,2,0.3316478543693404,0.8269240514157645,1.0,0.27877256103565556,1.0,1
clean,False,fedprox_adaptive,1.0,3,10,3,0.2367561802186674,0.9464657352656193,0.713878220828178,0.22898443815875924,1.0,1
clean,False,fedprox_adaptive,1.0,3,10,4,0.3316478543693404,0.8242968606144948,1.0,0.3234710322170687,1.0,1
clean,False,fedprox_adaptive,1.0,3,11,1,0.10719178570818602,1.08131169190975,0.33484445780345684,0.31317148983157034,1.0,1
clean,False,fedprox_adaptive,1.0,3,11,2,0.32012411497371784,0.845117716064636,1.0,0.233901854497939,1.0,1
clean,False,fedprox_adaptive,1.0,3,11,3,0.2525599843443784,0.9292437406060776,0.7889439518329119,0.22830326676554202,1.0,1
clean,False,fedprox_adaptive,1.0,3,11,4,0.32012411497371784,0.7937073680590894,1.0,0.2658476709215431,1.0,1
clean,False,fedprox_adaptive,1.0,3,12,1,0.12849520153589208,1.0199123516887334,0.40410757163814887,0.34676228863949177,1.0,1
clean,False,fedprox_adaptive,1.0,3,12,2,0.3179727640712233,0.8059308890924297,1.0,0.2704676494231044,1.0,1
clean,False,fedprox_adaptive,1.0,3,12,3,0.23555927032166138,0.9152507304463837,0.7408158714779044,0.2575106254199677,1.0,1
clean,False,fedprox_adaptive,1.0,3,12,4,0.3179727640712233,0.8116364069752481,1.0,0.3245539866735005,1.0,1
clean,False,fedprox_adaptive,1.0,3,13,1,0.2115756865845451,0.9288310507385018,0.7703411340046374,0.2930958826625593,1.0,1
clean,False,fedprox_adaptive,1.0,3,13,2,0.2746519395695043,0.8583053815028464,1.0,0.30612024614277544,1.0,1
clean,False,fedprox_adaptive,1.0,3,13,3,0.23912043427644636,0.9072237036342853,0.8706307869197981,0.21327929410739585,1.0,1
clean,False,fedprox_adaptive,1.0,3,13,4,0.2746519395695043,0.8142537944035129,1.0,0.33203892172324484,1.0,1
clean,False,fedprox_adaptive,1.0,3,14,1,0.10740814512472276,1.1065269389640089,0.35854283939563525,0.3604315876292174,1.0,1
clean,False,fedprox_adaptive,1.0,3,14,2,0.2934548295436801,0.9219582901556869,0.9795917031876478,0.3380334476979259,1.0,1
clean,False,fedprox_adaptive,1.0,3,14,3,0.2995685126657986,0.9143854204119753,1.0,0.37453804077095565,1.0,1
clean,False,fedprox_adaptive,1.0,3,14,4,0.2995685126657986,0.7730763527940365,1.0,0.27209724060832924,1.0,1
clean,False,fedprox_adaptive,1.0,3,15,1,0.07136662136525987,1.1360475929687732,0.21072220393815777,0.38491401122689284,1.0,1
clean,False,fedprox_adaptive,1.0,3,15,2,0.3386763237641742,0.8145466535071716,1.0,0.24485726434761562,1.0,1
clean,False,fedprox_adaptive,1.0,3,15,3,0.2512807311063917,0.9179688510099185,0.7419495059872049,0.23597361283359655,1.0,1
clean,False,fedprox_adaptive,1.0,3,15,4,0.3386763237641742,0.7803351707080093,1.0,0.30752173638594943,1.0,1
clean,False,fedprox_adaptive,1.0,3,16,1,0.09254386016672232,1.0760460495228716,0.269076820879445,0.3016523797573219,1.0,1
clean,False,fedprox_adaptive,1.0,3,16,2,0.3439310003152777,0.7758021309351283,1.0,0.22459566885090843,1.0,1
clean,False,fedprox_adaptive,1.0,3,16,3,0.2195941392027223,0.9287555093927647,0.6384831230724268,0.2821983994370648,1.0,1
clean,False,fedprox_adaptive,1.0,3,16,4,0.3439310003152777,0.7699784400722509,1.0,0.25701381201439844,1.0,1
clean,False,fedprox_adaptive,1.0,3,17,1,0.07484939342085532,1.1109788015225488,0.2219589103988078,0.3517441569179961,1.0,1
clean,False,fedprox_adaptive,1.0,3,17,2,0.33722184563966645,0.7687813828663159,1.0,0.2643027455081438,1.0,1
clean,False,fedprox_adaptive,1.0,3,17,3,0.2507069152998119,0.9045369578880247,0.7434480255104859,0.3345249699207893,1.0,1
clean,False,fedprox_adaptive,1.0,3,17,4,0.33722184563966645,0.803278392682288,1.0,0.3440543128579469,1.0,1
clean,False,fedprox_adaptive,1.0,3,18,1,0.10668501300536466,1.05072669553845,0.33345965619907175,0.3276938119003384,1.0,1
clean,False,fedprox_adaptive,1.0,3,18,2,0.31993379415492135,0.8213622204299477,1.0,0.33282485499984305,1.0,1
clean,False,fedprox_adaptive,1.0,3,18,3,0.25344739868479266,0.9016395540523798,0.7921870190495287,0.1998551101526905,1.0,1
clean,False,fedprox_adaptive,1.0,3,18,4,0.31993379415492135,0.7742252992989409,1.0,0.31413195548876066,1.0,1
clean,False,fedprox_adaptive,1.0,3,19,1,0.144640911351601,1.0007063851976472,0.4806466380368594,0.29485637518847324,1.0,1
clean,False,fedprox_adaptive,1.0,3,19,2,0.3009298305765095,0.842876862159486,1.0,0.26089635642301484,1.0,1
clean,False,fedprox_adaptive,1.0,3,19,3,0.25349942749538,0.902757552169871,0.8423871671669632,0.3191626687787089,1.0,1
clean,False,fedprox_adaptive,1.0,3,19,4,0.3009298305765095,0.7607474633641789,1.0,0.26031243036459284,1.0,1
clean,False,fedprox_adaptive,1.0,3,20,1,0.18525634924626883,0.9213786219069333,0.6191873200271505,0.2720620964880797,1.0,1
clean,False,fedprox_adaptive,1.0,3,20,2,0.29919273740642105,0.7493121281189785,1.0,0.2181744223374862,1.0,1
clean,False,fedprox_adaptive,1.0,3,20,3,0.21635817594088905,0.8952818835975906,0.7231397988347218,0.22291752451164532,1.0,1
clean,False,fedprox_adaptive,1.0,3,20,4,0.29919273740642105,0.7862662073974798,1.0,0.35898149718286454,1.0,1
clean,False,fedprox_adaptive,1.0,3,21,1,0.18200497092257617,0.92763865250057,0.5973445700837196,0.3709226753949286,1.0,1
clean,False,fedprox_adaptive,1.0,3,21,2,0.30469009017202187,0.7534606353963054,1.0,0.23894749237643614,1.0,1
clean,False,fedprox_adaptive,1.0,3,21,3,0.20861484873338007,0.9046874993962619,0.6846788112327523,0.24206401303315744,1.0,1
clean,False,fedprox_adaptive,1.0,3,21,4,0.30469009017202187,0.7772612336261457,1.0,0.2548799927875299,1.0,1
clean,False,fedprox_adaptive,1.0,3,22,1,0.21397478968025566,0.8693450532663929,0.6904370023113491,0.2592943725067602,1.0,1
clean,False,fedprox_adaptive,1.0,3,22,2,0.30991211213179565,0.7469130334629628,1.0,0.26682691639213774,1.0,1
clean,False,fedprox_adaptive,1.0,3,22,3,0.1662009860561531,0.910244764412253,0.5362842546324009,0.24001027405023526,1.0,1
clean,False,fedprox_adaptive,1.0,3,22,4,0.30991211213179565,0.7494172525724085,1.0,0.23930810834605787,1.0,1
clean,False,fedprox_adaptive,1.0,3,23,1,0.1931432084014434,0.9073261405898938,0.6348575737931944,0.34528307261176927,1.0,1
clean,False,fedprox_adaptive,1.0,3,23,2,0.30423076982044484,0.7606263550093331,1.0,0.3121967258427627,1.0,1
clean,False,fedprox_adaptive,1.0,3,23,3,0.19839525195766694,0.9028631086968698,0.6521209280532624,0.2862693135484717,1.0,1
clean,False,fedprox_adaptive,1.0,3,23,4,0.30423076982044484,0.733655068363458,1.0,0.27104420079502367,1.0,1
clean,False,fedprox_adaptive,1.0,3,24,1,0.15112302143715758,1.031931807306543,0.5050293851530572,0.38855391776075116,1.0,1
clean,False,fedprox_adaptive,1.0,3,24,2,0.29923609572016757,0.8755401593799738,1.0,0.35667327595433856,1.0,1
clean,False,fedprox_adaptive,1.0,3,24,3,0.25040478712250736,0.9402378261704398,0.8368134416399915,0.31060818834909876,1.0,1
clean,False,fedprox_adaptive,1.0,3,24,4,0.29923609572016757,0.7377271835283005,1.0,0.2872370566150527,1.0,1
clean,False,fedprox_adaptive,1.0,3,25,1,0.1178968338148997,1.0567157714767499,0.3497220420136161,0.3000475208555687,1.0,1
clean,False,fedprox_adaptive,1.0,3,25,2,0.33711582242880045,0.7887873876924301,1.0,0.21366668453147697,1.0,1
clean,False,fedprox_adaptive,1.0,3,25,3,0.20787152132749945,0.957672254921342,0.6166175168814639,0.30949703727990513,1.0,1
clean,False,fedprox_adaptive,1.0,3,25,4,0.33711582242880045,0.7238690208430747,1.0,0.3260905343631182,1.0,1
clean,False,fedprox_adaptive,1.0,3,26,1,0.07244823698895596,1.1109948827788148,0.20588582013429835,0.3191942313106549,1.0,1
clean,False,fedprox_adaptive,1.0,3,26,2,0.351885510821961,0.7677449562801033,1.0,0.247728330904737,1.0,1
clean,False,fedprox_adaptive,1.0,3,26,3,0.2237807413671221,0.9205858761204628,0.6359475866011021,0.24295617063472752,1.0,1
clean,False,fedprox_adaptive,1.0,3,26,4,0.351885510821961,0.73566892090983,1.0,0.2628934896060148,1.0,1
clean,False,fedprox_adaptive,1.0,3,27,1,0.14093726829858297,1.0060119568967312,0.44862398310599866,0.32994224528385835,1.0,1
clean,False,fedprox_adaptive,1.0,3,27,2,0.3141545561671031,0.8135160319016579,1.0,0.30192742172372133,1.0,1
clean,False,fedprox_adaptive,1.0,3,27,3,0.23075361936721092,0.9205178983511972,0.7345225935366346,0.29258010665265155,1.0,1
clean,False,fedprox_adaptive,1.0,3,27,4,0.3141545561671031,0.7743898007481212,1.0,0.2721622741318124,1.0,1
clean,False,fedprox_adaptive,1.0,3,28,1,0.10631805888959181,1.0744932862061278,0.34106447929105055,0.4288841933936066,1.0,1
clean,False,fedprox_adaptive,1.0,3,28,2,0.31172422033097236,0.8589969647963925,1.0,0.2999643450688837,1.0,1
clean,False,fedprox_adaptive,1.0,3,28,3,0.27023350044846356,0.9095172203134719,0.8668992744982853,0.22614922817715763,1.0,1
clean,False,fedprox_adaptive,1.0,3,28,4,0.31172422033097236,0.7691845683652747,1.0,0.28222161440324817,1.0,1
clean,False,fedprox_adaptive,1.0,3,29,1,0.08766947557288694,1.0836743369963031,0.2681407506925779,0.33139054501969156,1.0,1
clean,False,fedprox_adaptive,1.0,3,29,2,0.3269531965821919,0.8174915306378341,1.0,0.2560570228796989,1.0,1
clean,False,fedprox_adaptive,1.0,3,29,3,0.25842413126272923,0.8982029013008681,0.7904009930600714,0.29536273369009763,1.0,1
clean,False,fedprox_adaptive,1.0,3,29,4,0.3269531965821919,0.7614894548985953,1.0,0.3277494920816952,1.0,1
clean,False,fedprox_adaptive,1.0,3,30,1,0.13108849909044132,0.9942605135157747,0.4119867000864214,0.31774215849392917,1.0,1
clean,False,fedprox_adaptive,1.0,3,30,2,0.3181862401454785,0.7915254205899698,1.0,0.26751952318847144,1.0,1
clean,False,fedprox_adaptive,1.0,3,30,3,0.23253902061860154,0.897450862125597,0.730826765206069,0.24743093968989224,1.0,1
clean,False,fedprox_adaptive,1.0,3,30,4,0.3181862401454785,0.7718086501920602,1.0,0.28976377873191,1.0,1
clean,False,fedprox_adaptive,1.0,4,1,1,0.05,2.5066920161718267,0.06115446184643376,0.6054692454418484,1.0,1
clean,False,fedprox_adaptive,1.0,4,1,2,0.32985789469346927,1.566916720002045,1.0,0.5666579275923787,1.0,1
clean,False,fedprox_adaptive,1.0,4,1,3,0.2902842106130614,1.649119545992138,0.8800280826469745,0.5356454950535277,1.0,1
clean,False,fedprox_adaptive,1.0,4,1,4,0.32985789469346927,1.4830473041267136,1.0,0.6186418110556399,1.0,1
clean,False,fedprox_adaptive,1.0,4,2,1,0.05,1.9816193013976657,0.09403048793014955,0.37665126744798105,1.0,1
clean,False,fedprox_adaptive,1.0,4,2,2,0.3042988909501207,1.3613771821563376,0.942537922531628,0.30193397990462034,1.0,1
clean,False,fedprox_adaptive,1.0,4,2,3,0.3228505545249396,1.329528098506416,1.0,0.3189152857245569,1.0,1
clean,False,fedprox_adaptive,1.0,4,2,4,0.3228505545249396,1.2734128367443693,1.0,0.3679799481802636,1.0,1
clean,False,fedprox_adaptive,1.0,4,3,1,0.05,1.6241222843810037,0.13508783576170166,0.37715903849635013,1.0,1
clean,False,fedprox_adaptive,1.0,4,3,2,0.3188054832196573,1.155068025128365,1.0,0.2646332324085956,1.0,1
clean,False,fedprox_adaptive,1.0,4,3,3,0.3123890335606853,1.164500239963329,0.9798734651795464,0.20618500249193886,1.0,1
clean,False,fedprox_adaptive,1.0,4,3,4,0.3188054832196573,1.077610118953649,1.0,0.2749995119306757,1.0,1
clean,False,fedprox_adaptive,1.0,4,4,1,0.08401842826069279,1.3782339721025878,0.26847356841470466,0.37866802133019273,1.0,1
clean,False,fedprox_adaptive,1.0,4,4,2,0.29008436512184566,1.1077956396722768,0.9269393186448286,0.3797616487827043,1.0,1
clean,False,fedprox_adaptive,1.0,4,4,3,0.31294860330873076,1.074679987392504,1.0,0.24987055889328977,1.0,1
clean,False,fedprox_adaptive,1.0,4,4,4,0.31294860330873076,0.9598503103326752,1.0,0.32624196070080425,1.0,1
clean,False,fedprox_adaptive,1.0,4,5,1,0.0725711874942515,1.3296853185498283,0.21637054255756508,0.3955687849406585,1.0,1
clean,False,fedprox_adaptive,1.0,4,5,2,0.3354023456078548,0.9635084762401418,1.0,0.2491102877034033,1.0,1
clean,False,fedprox_adaptive,1.0,4,5,3,0.25662412129003886,1.0725252089260064,0.7651232158944955,0.2668929509722703,1.0,1
clean,False,fedprox_adaptive,1.0,4,5,4,0.3354023456078548,0.8645841744740126,1.0,0.34258192630146667,1.0,1
clean,False,fedprox_adaptive,1.0,4,6,1,0.05,1.3263426296833596,0.13786489209219951,0.4673904326787482,0.9198586647785095,1
clean,False,fedprox_adaptive,1.0,4,6,2,0.3460807987256051,0.8939820044835578,1.0,0.2982068779032939,1.0,1
clean,False,fedprox_adaptive,1.0,4,6,3,0.25783840254878987,1.005819209049313,0.7450237155549926,0.193651570570166,1.0,1
clean,False,fedprox_adaptive,1.0,4,6,4,0.3460807987256051,0.8044239524663533,1.0,0.2994874118711632,1.0,1
clean,False,fedprox_adaptive,1.0,4,7,1,0.06443089588896894,1.1764398980017416,0.18610341880474388,0.4097624357150669,1.0,1
clean,False,fedprox_adaptive,1.0,4,7,2,0.34621016799572396,0.8181570897054882,1.0,0.21313587433629003,1.0,1
clean,False,fedprox_adaptive,1.0,4,7,3,0.24314876811958314,0.9425975589499199,0.7023155025377137,0.2506912974498802,1.0,1
clean,False,fedprox_adaptive,1.0,4,7,4,0.34621016799572396,0.8112864848643138,1.0,0.39922111530261406,1.0,1
clean,False,fedprox_adaptive,1.0,4,8,1,0.15944756220825362,0.9779920949114038,0.5184824997306474,0.35780257898794765,1.0,1
clean,False,fedprox_adaptive,1.0,4,8,2,0.30752737515940637,0.7860602623822419,1.0,0.30265327580952006,1.0,1
clean,False,fedprox_adaptive,1.0,4,8,3,0.2254976874729336,0.9180705779088314,0.73326053446802,0.26252967749196576,1.0,1
clean,False,fedprox_adaptive,1.0,4,8,4,0.30752737515940637,0.8107931310001308,1.0,0.38396046395698374,1.0,1
clean,False,fedprox_adaptive,1.0,4,9,1,0.05863558831189406,1.1642999127245877,0.17091450079022782,0.40188707407961166,1.0,1
clean,False,fedprox_adaptive,1.0,4,9,2,0.3430697105324056,0.7715449577009976,1.0,0.2539622327834503,1.0,1
clean,False,fedprox_adaptive,1.0,4,9,3,0.2552249906232948,0.9112247158978837,0.7439449849047132,0.2553192569149272,1.0,1
clean,False,fedprox_adaptive,1.0,4,9,4,0.3430697105324056,0.8094345757463479,1.0,0.29072667796472496,1.0,1
clean,False,fedprox_adaptive,1.0,4,10,1,0.0740780152561862,1.1007302028596972,0.216410791946335,0.36435227684225724,1.0,1
clean,False,fedprox_adaptive,1.0,4,10,2,0.3423027779250301,0.7633239907527829,1.0,0.25405929145080103,1.0,1
clean,False,fedprox_adaptive,1.0,4,10,3,0.2413164288937536,0.9016740287062155,0.7049794639604293,0.2334531844525057,1.0,1
clean,False,fedprox_adaptive,1.0,4,10,4,0.3423027779250301,0.7838282262544087,1.0,0.2595327292223042,1.0,1
clean,False,fedprox_adaptive,1.0,4,11,1,0.060095572279631936,1.113030414678032,0.1709914322953642,0.3719709761561026,0.9903959784807972,1
clean,False,fedprox_adaptive,1.0,4,11,2,0.35486180468434053,0.7199317359189475,1.0,0.20176284885905874,1.0,1
clean,False,fedprox_adaptive,1.0,4,11,3,0.23018081835168708,0.8937060744994868,0.6486491792387725,0.21880098844708037,1.0,1
clean,False,fedprox_adaptive,1.0,4,11,4,0.35486180468434053,0.7512940497840757,1.0,0.27477295570090643,1.0,1
clean,False,fedprox_adaptive,1.0,4,12,1,0.06221060016513529,1.0920871053792514,0.17329379466201533,0.355167105549503,1.0,1
clean,False,fedprox_adaptive,1.0,4,12,2,0.3589891968519019,0.6992360754852793,1.0,0.23966786722216893,1.0,1
clean,False,fedprox_adaptive,1.0,4,12,3,0.21981100613106092,0.8879516734892081,0.612305350853614,0.32285212462632124,1.0,1
clean,False,fedprox_adaptive,1.0,4,12,4,0.3589891968519019,0.7292922254916748,1.0,0.30624221309539423,1.0,1
clean,False,fedprox_adaptive,1.0,4,13,1,0.06738146487067212,1.0720532676171062,0.19261005816851284,0.3771644140890163,1.0,1
clean,False,fedprox_adaptive,1.0,4,13,2,0.3498335731341749,0.6864447382740227,1.0,0.24293596117775001,1.0,1
clean,False,fedprox_adaptive,1.0,4,13,3,0.23295138886097813,0.8719898572779599,0.6658920319566702,0.20631153124530946,1.0,1
clean,False,fedprox_adaptive,1.0,4,13,4,0.3498335731341749,0.7408266706846904,1.0,0.2602592426632508,1.0,1
clean,False,fedprox_adaptive,1.0,4,14,1,0.08577991850521818,1.0191610972577427,0.24569128790349232,0.33516552201141986,1.0,1
clean,False,fedprox_adaptive,1.0,4,14,2,0.3491369972341575,0.7005681833116426,1.0,0.24183138673971963,1.0,1
clean,False,fedprox_adaptive,1.0,4,14,3,0.2159460870264669,0.8722246021200304,0.6185139035312183,0.2507705490829624,1.0,1
clean,False,fedprox_adaptive,1.0,4,14,4,0.3491369972341575,0.7192996206118185,1.0,0.29299184549717033,1.0,1
clean,False,fedprox_adaptive,1.0,4,15,1,0.194919685187276,0.9069091169229975,0.6185550879768569,0.31720977057953975,1.0,1
clean,False,fedprox_adaptive,1.0,4,15,2,0.31512097948270196,0.7479230904379074,1.0,0.30225784294892843,1.0,1
clean,False,fedprox_adaptive,1.0,4,15,3,0.17483835584732016,0.9249014020077215,0.5548293107438682,0.3249001580572565,1.0,1
clean,False,fedprox_adaptive,1.0,4,15,4,0.31512097948270196,0.7204169594272855,1.0,0.2624276452070191,1.0,1
clean,False,fedprox_adaptive,1.0,4,16,1,0.08887063453279842,1.0631459284839924,0.2654851270577836,0.3780515132049164,1.0,1
clean,False,fedprox_adaptive,1.0,4,16,2,0.3347480723975,0.7854940221886324,1.0,0.3210300298435664,1.0,1
clean,False,fedprox_adaptive,1.0,4,16,3,0.2416332206722017,0.8950512082052459,0.7218360331146938,0.2627705258170887,1.0,1
clean,False,fedprox_adaptive,1.0,4,16,4,0.3347480723975,0.7341639855030938,1.0,0.28543039207488113,1.0,1
clean,False,fedprox_adaptive,1.0,4,17,1,0.17732597975436218,0.9624795443520722,0.642919201214383,0.3255254023430262,1.0,1
clean,False,fedprox_adaptive,1.0,4,17,2,0.27581378720594846,0.8812658245679146,1.0,0.3523911199552027,1.0,1
clean,False,fedprox_adaptive,1.0,4,17,3,0.2710464458337409,0.887433548457893,0.9827153623446393,0.26225181079243837,1.0,1
clean,False,fedprox_adaptive,1.0,4,17,4,0.27581378720594846,0.7320700299087556,1.0,0.3214812261174667,1.0,1
clean,False,fedprox_adaptive,1.0,4,18,1,0.18142266913622968,0.9058168223613202,0.6156474415068546,0.3517235596201176,1.0,1
clean,False,fedprox_adaptive,1.0,4,18,2,0.2946859791899415,0.7842108144613427,1.0,0.2506677952084576,1.0,1
clean,False,fedprox_adaptive,1.0,4,18,3,0.22920537248388728,0.8672084681223016,0.777795309820803,0.19691320170282173,1.0,1
clean,False,fedprox_adaptive,1.0,4,18,4,0.2946859791899415,0.7612010648705558,1.0,0.3222098951699668,1.0,1
clean,False,fedprox_adaptive,1.0,4,19,1,0.23988966431004458,0.8103610638655236,0.7996004625271388,0.33886997590794044,1.0,1
clean,False,fedprox_adaptive,1.0,4,19,2,0.30001191288943585,0.740972074093454,1.0,0.2314942520820487,1.0,1
clean,False,fedprox_adaptive,1.0,4,19,3,0.16008650991108375,0.8731070176713461,0.5336005106239926,0.254816573634191,1.0,1
clean,False,fedprox_adaptive,1.0,4,19,4,0.30001191288943585,0.7281180556985638,1.0,0.2455596434489423,1.0,1
clean,False,fedprox_adaptive,1.0,4,20,1,0.05,1.1279846593014118,0.15051681599117708,0.4345022598166729,0.929504787660288,1
clean,False,fedprox_adaptive,1.0,4,20,2,0.3501936356557372,0.7627297526179238,1.0,0.2954667040038229,1.0,1
clean,False,fedprox_adaptive,1.0,4,20,3,0.24961272868852558,0.8735292308403679,0.712784880345201,0.263076268120983,1.0,1
clean,False,fedprox_adaptive,1.0,4,20,4,0.3501936356557372,0.7079382805444107,1.0,0.2478009281500451,1.0,1
clean,False,fedprox_adaptive,1.0,4,21,1,0.11275345982857407,0.9929569859693965,0.3412063017622638,0.35085232170921654,1.0,1
clean,False,fedprox_adaptive,1.0,4,21,2,0.330455385044838,0.7553573479471678,1.0,0.30503031408822584,1.0,1
clean,False,fedprox_adaptive,1.0,4,21,3,0.22633577008174993,0.8790676468504086,0.6849208102662314,0.23837161456842443,1.0,1
clean,False,fedprox_adaptive,1.0,4,21,4,0.330455385044838,0.7169079114033794,1.0,0.3187239417313972,1.0,1
clean,False,fedprox_adaptive,1.0,4,22,1,0.062857191396555,1.096409512650337,0.18342531115310542,0.34814177821040554,1.0,1
clean,False,fedprox_adaptive,1.0,4,22,2,0.3426854832705613,0.7682311650472553,1.0,0.24703201672389444,1.0,1
clean,False,fedprox_adaptive,1.0,4,22,3,0.2517718420623224,0.8691912862923566,0.7347023855794333,0.2310073810783136,1.0,1
clean,False,fedprox_adaptive,1.0,4,22,4,0.3426854832705613,0.7116293724460951,1.0,0.2876690662058535,1.0,1
clean,False,fedprox_adaptive,1.0,4,23,1,0.05,1.205762291622587,0.08046344576700584,0.39918144100527375,1.0,1
clean,False,fedprox_adaptive,1.0,4,23,2,0.35445494036428066,0.7331586790036267,1.0,0.2756289679779127,1.0,1
clean,False,fedprox_adaptive,1.0,4,23,3,0.2410901192714387,0.8635061195214668,0.6801714176241003,0.2932788787591361,1.0,1
clean,False,fedprox_adaptive,1.0,4,23,4,0.35445494036428066,0.7399113564387017,1.0,0.2317015446204937,1.0,1
clean,False,fedprox_adaptive,1.0,4,24,1,0.0593389824892783,1.0756122383321731,0.16554566235992865,0.37851984867275523,1.0,1
clean,False,fedprox_adaptive,1.0,4,24,2,0.3584448039494006,0.7165229063074198,1.0,0.3138447856346973,1.0,1
clean,False,fedprox_adaptive,1.0,4,24,3,0.2237714096119205,0.8656068845878154,0.6242841495995263,0.23243360198823695,1.0,1
clean,False,fedprox_adaptive,1.0,4,24,4,0.3584448039494006,0.7069398184743683,1.0,0.3041064596585493,1.0,1
clean,False,fedprox_adaptive,1.0,4,25,1,0.07075247505535642,1.0657305856850017,0.20625431365709193,0.39727639723722447,1.0,1
clean,False,fedprox_adaptive,1.0,4,25,2,0.3430351288215282,0.7542581173304777,1.0,0.290901157290371,1.0,1
clean,False,fedprox_adaptive,1.0,4,25,3,0.24317726730158723,0.865726743870187,0.70889902190777,0.2945104279456262,1.0,1
clean,False,fedprox_adaptive,1.0,4,25,4,0.3430351288215282,0.708531520527143,1.0,0.2484948770196663,1.0,1
clean,False,fedprox_adaptive,1.0,4,26,1,0.05,1.1784541273411158,0.07963604341617193,0.37400687675612676,1.0,1
clean,False,fedprox_adaptive,1.0,4,26,2,0.36087515165594025,0.7107868971414264,1.0,0.23732830161131643,1.0,1
clean,False,fedprox_adaptive,1.0,4,26,3,0.2282496966881195,0.8541652692682606,0.6324893682503628,0.28563619411497987,1.0,1
clean,False,fedprox_adaptive,1.0,4,26,4,0.36087515165594025,0.6985568173370406,1.0,0.2753958976565326,1.0,1
clean,False,fedprox_adaptive,1.0,4,27,1,0.14821989439685443,0.9420472993265927,0.5000114659308277,0.3269734827737789,1.0,1
clean,False,fedprox_adaptive,1.0,4,27,2,0.2964329910333684,0.8049629650853252,1.0,0.38085898155709696,1.0,1
clean,False,fedprox_adaptive,1.0,4,27,3,0.25891412353640875,0.8497476263767891,0.873432213579978,0.28273494404058913,1.0,1
clean,False,fedprox_adaptive,1.0,4,27,4,0.2964329910333684,0.7011312239917729,1.0,0.2877182439580109,1.0,1
clean,False,fedprox_adaptive,1.0,4,28,1,0.10714542448681717,0.981897331389212,0.32556348033003735,0.36990158840849624,1.0,1
clean,False,fedprox_adaptive,1.0,4,28,2,0.3291076271152998,0.7476524395004698,1.0,0.22644711942896856,1.0,1
clean,False,fedprox_adaptive,1.0,4,28,3,0.23463932128258325,0.8561789973368883,0.7129561941157309,0.2123979086042269,1.0,1
clean,False,fedprox_adaptive,1.0,4,28,4,0.3291076271152998,0.7050239148182178,1.0,0.34917445020810345,1.0,1
clean,False,fedprox_adaptive,1.0,4,29,1,0.09906814137882602,0.9964865291337044,0.2971856279015826,0.3866387583830455,1.0,1
clean,False,fedprox_adaptive,1.0,4,29,2,0.33335441581863406,0.7452830083234048,1.0,0.3412796455173277,1.0,1
clean,False,fedprox_adaptive,1.0,4,29,3,0.23422302698390593,0.8584875483146663,0.7026246417306742,0.2087114165800526,1.0,1
clean,False,fedprox_adaptive,1.0,4,29,4,0.33335441581863406,0.7143598131597064,1.0,0.29881246759759544,1.0,1
clean,False,fedprox_adaptive,1.0,4,30,1,0.23340757453022515,0.8885942723278706,0.899236394843505,0.22424948745855458,1.0,1
clean,False,fedprox_adaptive,1.0,4,30,2,0.24746847570827685,0.8778265023425779,0.9566348482022968,0.3667683695697078,0.9966269255346895,1
clean,False,fedprox_adaptive,1.0,4,30,3,0.259561974880749,0.8623964607244412,1.0,0.1837554613294936,1.0,1
clean,False,fedprox_adaptive,1.0,4,30,4,0.259561974880749,0.7261433221296727,1.0,0.26394955061833375,1.0,1
